Participant_ID,Profile,Visit,Month,Age,Sex,Height_cm,Gait_speed_m_s,Cadence_steps_min,Gait_symmetry_pct,Turn_time_s,Five_times_sit_to_stand_s,Resting_HR_bpm,HRV_ms,Sleep_h,Daily_steps,VO2max_est_ml_kg_min,Fasting_glucose_mmol_L,HbA1c_pct,Fasting_insulin_uIU_mL,Triglycerides_mmol_L,HDL_mmol_L,LDL_mmol_L,Total_cholesterol_mmol_L,ApoB_g_L,hsCRP_mg_L,ALT_U_L,Vitamin_D_ng_mL,Weight_kg,BMI,Waist_cm,Body_fat_pct,BIA_Skeletal_muscle_kg,BIA_Visceral_fat_index,Function_issue_score,Physiology_issue_score,Metabolic_issue_score,Body_issue_score,Overall_demo_score,Overall_flag,Priority_1,Priority_2,Recommended_action_1,Recommended_action_2,Follow_up,SmartAging_insight,Intervention_marker
SA-001,Stable,Baseline,0,58,Male,182.5,1.3,106.0,98.3,2.54,10.1,71.0,51.4,6.71,8415.0,36.2,5.37,5.28,7.0,0.93,1.63,2.63,4.68,0.83,0.81,27.0,32.9,90.5,27.2,75.5,15.5,33.5,6.9,0.0,1.7,7.5,1.5,3.1,Stable,Metabolic trend,Recovery / activity,Review nutrition and activity habits; confirm persistent abnormal laboratory values with an appropriate clinician.,"Prioritize sleep regularity, recovery and progressive daily physical activity.",Re-measure the leading domains in approximately 3 months and compare with the personal baseline.,No persistent adverse multidomain trend detected relative to the personal baseline.,
SA-001,Stable,Month 1,1,58,Male,182.5,1.29,105.7,98.1,2.57,10.2,71.0,51.9,6.75,8501.0,36.4,5.32,5.25,6.7,0.87,1.65,2.58,4.62,0.82,0.72,27.0,33.0,90.4,27.1,75.2,15.4,33.5,6.8,3.2,0.0,2.2,0.0,1.1,Stable,Functional mobility,Metabolic trend,"Maintain or progress walking, balance and strength work; reassess mobility if decline persists.",Review nutrition and activity habits; confirm persistent abnormal laboratory values with an appropriate clinician.,Re-measure the leading domains in approximately 3 months and compare with the personal baseline.,No persistent adverse multidomain trend detected relative to the personal baseline.,
SA-001,Stable,Month 3,3,58,Male,182.5,1.3,105.8,98.1,2.56,10.1,71.0,51.7,6.73,8464.0,36.3,5.28,5.22,6.5,0.81,1.66,2.54,4.57,0.8,0.63,27.0,32.9,90.4,27.1,75.2,15.4,33.5,6.8,1.8,0.0,0.0,0.0,0.3,Stable,Functional mobility,Recovery / activity,"Maintain or progress walking, balance and strength work; reassess mobility if decline persists.","Prioritize sleep regularity, recovery and progressive daily physical activity.",Re-measure the leading domains in approximately 3 months and compare with the personal baseline.,No persistent adverse multidomain trend detected relative to the personal baseline.,
SA-001,Stable,Month 6,6,58,Male,182.5,1.3,105.8,98.2,2.55,10.1,71.0,51.1,6.7,8384.0,36.1,5.29,5.22,6.5,0.82,1.66,2.55,4.58,0.8,0.64,27.0,32.8,90.5,27.2,75.5,15.6,33.5,6.9,0.7,3.1,0.0,1.9,1.5,Stable,Recovery / activity,Body composition,"Prioritize sleep regularity, recovery and progressive daily physical activity.","Prioritize resistance exercise, adequate protein/nutrition and reduction of central adiposity where appropriate.",Re-measure the leading domains in approximately 3 months and compare with the personal baseline.,No persistent adverse multidomain trend detected relative to the personal baseline.,
SA-001,Stable,Month 9,9,58,Male,182.5,1.3,105.8,98.2,2.55,10.1,71.0,51.5,6.72,8442.0,36.2,5.33,5.25,6.7,0.88,1.65,2.59,4.63,0.82,0.74,27.0,32.9,90.5,27.2,75.4,15.5,33.5,6.9,0.6,0.5,3.1,0.8,1.3,Stable,Metabolic trend,Body composition,Review nutrition and activity habits; confirm persistent abnormal laboratory values with an appropriate clinician.,"Prioritize resistance exercise, adequate protein/nutrition and reduction of central adiposity where appropriate.",Re-measure the leading domains in approximately 3 months and compare with the personal baseline.,No persistent adverse multidomain trend detected relative to the personal baseline.,
SA-001,Stable,Month 12,12,58,Male,182.5,1.3,105.8,98.2,2.56,10.1,71.0,51.2,6.7,8390.0,36.1,5.32,5.24,6.6,0.86,1.65,2.57,4.61,0.81,0.7,27.0,32.9,90.5,27.2,75.4,15.5,33.5,6.9,1.8,2.9,1.0,0.2,1.5,Stable,Recovery / activity,Functional mobility,"Prioritize sleep regularity, recovery and progressive daily physical activity.","Maintain or progress walking, balance and strength work; reassess mobility if decline persists.",Re-measure the leading domains in approximately 3 months and compare with the personal baseline.,No persistent adverse multidomain trend detected relative to the personal baseline.,
SA-002,Stable,Baseline,0,52,Male,176.1,1.4,101.0,96.6,2.38,10.7,68.0,55.7,7.02,7235.0,47.2,4.91,4.92,4.4,0.75,1.48,2.71,4.53,0.98,0.62,24.0,35.0,77.8,25.1,86.0,20.7,39.0,5.8,0.0,0.0,0.0,1.6,0.4,Stable,Body composition,Recovery / activity,"Prioritize resistance exercise, adequate protein/nutrition and reduction of central adiposity where appropriate.","Prioritize sleep regularity, recovery and progressive daily physical activity.",Re-measure the leading domains in approximately 3 months and compare with the personal baseline.,No persistent adverse multidomain trend detected relative to the personal baseline.,
SA-002,Stable,Month 1,1,52,Male,176.1,1.4,101.0,96.6,2.38,10.7,68.0,55.8,7.02,7242.0,47.2,4.95,4.94,4.6,0.79,1.47,2.74,4.57,1.0,0.69,24.0,35.0,77.6,25.0,85.6,20.5,39.0,5.7,0.0,0.0,1.7,0.0,0.5,Stable,Metabolic trend,Recovery / activity,Review nutrition and activity habits; confirm persistent abnormal laboratory values with an appropriate clinician.,"Prioritize sleep regularity, recovery and progressive daily physical activity.",Re-measure the leading domains in approximately 3 months and compare with the personal baseline.,No persistent adverse multidomain trend detected relative to the personal baseline.,
SA-002,Stable,Month 3,3,52,Male,176.1,1.39,100.8,96.4,2.41,10.7,68.0,55.5,7.01,7205.0,47.1,4.95,4.94,4.6,0.79,1.47,2.74,4.57,0.99,0.69,24.0,35.0,77.8,25.1,86.0,20.7,39.0,5.8,1.9,0.1,1.6,1.7,1.2,Stable,Functional mobility,Body composition,"Maintain or progress walking, balance and strength work; reassess mobility if decline persists.","Prioritize resistance exercise, adequate protein/nutrition and reduction of central adiposity where appropriate.",Re-measure the leading domains in approximately 3 months and compare with the personal baseline.,No persistent adverse multidomain trend detected relative to the personal baseline.,
SA-002,Stable,Month 6,6,52,Male,176.1,1.4,101.2,96.7,2.35,10.6,68.0,55.6,7.01,7216.0,47.2,4.93,4.93,4.5,0.77,1.48,2.73,4.55,0.99,0.66,24.0,35.0,77.7,25.1,85.8,20.6,39.0,5.7,0.0,0.0,0.0,0.0,0.0,Stable,Recovery / activity,Metabolic trend,"Prioritize sleep regularity, recovery and progressive daily physical activity.",Review nutrition and activity habits; confirm persistent abnormal laboratory values with an appropriate clinician.,Re-measure the leading domains in approximately 3 months and compare with the personal baseline.,No persistent adverse multidomain trend detected relative to the personal baseline.,
SA-002,Stable,Month 9,9,52,Male,176.1,1.39,100.8,96.5,2.4,10.7,68.0,56.4,7.06,7341.0,47.5,4.91,4.91,4.3,0.74,1.49,2.7,4.51,0.98,0.6,24.0,35.2,77.6,25.0,85.6,20.4,39.0,5.7,1.1,0.0,0.0,0.0,0.2,Stable,Functional mobility,Recovery / activity,"Maintain or progress walking, balance and strength work; reassess mobility if decline persists.","Prioritize sleep regularity, recovery and progressive daily physical activity.",Re-measure the leading domains in approximately 3 months and compare with the personal baseline.,No persistent adverse multidomain trend detected relative to the personal baseline.,
SA-002,Stable,Month 12,12,52,Male,176.1,1.4,101.0,96.6,2.38,10.7,68.0,56.1,7.04,7291.0,47.3,4.97,4.96,4.7,0.82,1.46,2.77,4.6,1.0,0.74,24.0,35.1,77.7,25.1,85.8,20.6,39.0,5.7,0.0,0.0,4.5,0.0,1.4,Stable,Metabolic trend,Recovery / activity,Review nutrition and activity habits; confirm persistent abnormal laboratory values with an appropriate clinician.,"Prioritize sleep regularity, recovery and progressive daily physical activity.",Re-measure the leading domains in approximately 3 months and compare with the personal baseline.,No persistent adverse multidomain trend detected relative to the personal baseline.,
SA-003,Stable,Baseline,0,63,Male,176.8,1.33,107.7,95.2,2.34,9.3,64.0,47.1,8.13,7669.0,36.1,5.06,5.3,10.0,1.29,1.44,3.45,5.47,0.69,0.59,16.0,27.0,73.5,23.5,88.4,26.3,26.1,8.4,0.0,0.0,0.0,2.2,0.6,Stable,Body composition,Recovery / activity,"Prioritize resistance exercise, adequate protein/nutrition and reduction of central adiposity where appropriate.","Prioritize sleep regularity, recovery and progressive daily physical activity.",Re-measure the leading domains in approximately 3 months and compare with the personal baseline.,No persistent adverse multidomain trend detected relative to the personal baseline.,
SA-003,Stable,Month 1,1,63,Male,176.8,1.31,107.1,94.7,2.41,9.5,64.0,46.9,8.12,7635.0,36.1,5.09,5.32,10.1,1.33,1.43,3.48,5.51,0.7,0.65,17.0,27.0,73.5,23.5,88.4,26.2,26.1,8.4,5.6,0.0,2.9,1.1,2.0,Stable,Functional mobility,Metabolic trend,"Maintain or progress walking, balance and strength work; reassess mobility if decline persists.",Review nutrition and activity habits; confirm persistent abnormal laboratory values with an appropriate clinician.,Re-measure the leading domains in approximately 3 months and compare with the personal baseline.,No persistent adverse multidomain trend detected relative to the personal baseline.,
SA-003,Stable,Month 3,3,63,Male,176.8,1.33,107.8,95.2,2.32,9.2,66.0,44.4,7.97,7270.0,35.2,5.04,5.29,9.8,1.26,1.45,3.43,5.44,0.68,0.54,16.0,26.6,73.5,23.5,88.4,26.3,26.1,8.4,0.0,12.2,0.0,1.5,4.0,Stable,Recovery / activity,Body composition,"Prioritize sleep regularity, recovery and progressive daily physical activity.","Prioritize resistance exercise, adequate protein/nutrition and reduction of central adiposity where appropriate.",Re-measure the leading domains in approximately 3 months and compare with the personal baseline.,No persistent adverse multidomain trend detected relative to the personal baseline.,
SA-003,Stable,Month 6,6,63,Male,176.8,1.33,107.5,95.1,2.35,9.3,65.0,46.1,8.07,7516.0,35.8,5.05,5.3,9.9,1.28,1.44,3.44,5.46,0.69,0.57,16.0,26.9,73.4,23.5,88.1,26.1,26.1,8.3,0.0,1.1,0.0,0.0,0.3,Stable,Recovery / activity,Metabolic trend,"Prioritize sleep regularity, recovery and progressive daily physical activity.",Review nutrition and activity habits; confirm persistent abnormal laboratory values with an appropriate clinician.,Re-measure the leading domains in approximately 3 months and compare with the personal baseline.,No persistent adverse multidomain trend detected relative to the personal baseline.,
SA-003,Stable,Month 9,9,63,Male,176.8,1.32,107.5,95.0,2.36,9.4,65.0,46.4,8.09,7554.0,35.9,5.07,5.31,10.0,1.31,1.44,3.46,5.49,0.69,0.61,17.0,26.9,73.6,23.5,88.6,26.4,26.0,8.4,0.0,0.0,0.5,3.7,1.1,Stable,Body composition,Metabolic trend,"Prioritize resistance exercise, adequate protein/nutrition and reduction of central adiposity where appropriate.",Review nutrition and activity habits; confirm persistent abnormal laboratory values with an appropriate clinician.,Re-measure the leading domains in approximately 3 months and compare with the personal baseline.,No persistent adverse multidomain trend detected relative to the personal baseline.,
SA-003,Stable,Month 12,12,63,Male,176.8,1.32,107.4,95.0,2.37,9.4,64.0,46.9,8.12,7637.0,36.1,5.05,5.3,9.9,1.28,1.44,3.44,5.46,0.68,0.57,16.0,27.0,73.3,23.4,87.9,26.0,26.2,8.3,0.0,0.0,0.0,0.0,0.0,Stable,Recovery / activity,Metabolic trend,"Prioritize sleep regularity, recovery and progressive daily physical activity.",Review nutrition and activity habits; confirm persistent abnormal laboratory values with an appropriate clinician.,Re-measure the leading domains in approximately 3 months and compare with the personal baseline.,No persistent adverse multidomain trend detected relative to the personal baseline.,
SA-004,Stable,Baseline,0,52,Male,178.8,1.51,105.8,98.0,2.16,11.2,66.0,44.4,7.19,6956.0,44.8,4.85,4.95,4.3,1.12,1.74,2.75,4.99,0.87,0.94,32.0,31.8,91.0,28.5,87.3,16.2,29.1,6.1,4.3,0.0,1.5,3.9,2.1,Stable,Functional mobility,Body composition,"Maintain or progress walking, balance and strength work; reassess mobility if decline persists.","Prioritize resistance exercise, adequate protein/nutrition and reduction of central adiposity where appropriate.",Re-measure the leading domains in approximately 3 months and compare with the personal baseline.,No persistent adverse multidomain trend detected relative to the personal baseline.,
SA-004,Stable,Month 1,1,52,Male,178.8,1.5,105.8,98.0,2.16,11.2,66.0,44.0,7.17,6901.0,44.6,4.8,4.92,4.0,1.05,1.76,2.7,4.93,0.85,0.83,32.0,31.7,90.7,28.4,86.7,15.9,29.2,6.0,4.6,0.8,0.0,0.0,0.9,Stable,Functional mobility,Recovery / activity,"Maintain or progress walking, balance and strength work; reassess mobility if decline persists.","Prioritize sleep regularity, recovery and progressive daily physical activity.",Re-measure the leading domains in approximately 3 months and compare with the personal baseline.,No persistent adverse multidomain trend detected relative to the personal baseline.,
SA-004,Stable,Month 3,3,52,Male,178.8,1.51,105.8,98.0,2.16,11.2,66.0,43.0,7.11,6758.0,44.3,4.83,4.94,4.1,1.09,1.75,2.73,4.96,0.86,0.89,32.0,31.6,90.8,28.4,87.0,16.1,29.1,6.0,4.1,7.2,0.0,0.0,2.8,Stable,Recovery / activity,Functional mobility,"Prioritize sleep regularity, recovery and progressive daily physical activity.","Maintain or progress walking, balance and strength work; reassess mobility if decline persists.",Re-measure the leading domains in approximately 3 months and compare with the personal baseline.,No persistent adverse multidomain trend detected relative to the personal baseline.,
SA-004,Stable,Month 6,6,52,Male,178.8,1.51,106.1,98.2,2.12,11.1,65.0,44.8,7.22,7021.0,44.9,4.86,4.96,4.3,1.13,1.74,2.76,5.0,0.87,0.95,32.0,31.9,90.7,28.4,86.8,16.0,29.2,6.0,0.0,0.0,2.3,0.0,0.7,Stable,Metabolic trend,Recovery / activity,Review nutrition and activity habits; confirm persistent abnormal laboratory values with an appropriate clinician.,"Prioritize sleep regularity, recovery and progressive daily physical activity.",Re-measure the leading domains in approximately 3 months and compare with the personal baseline.,No persistent adverse multidomain trend detected relative to the personal baseline.,
SA-004,Stable,Month 9,9,52,Male,178.8,1.51,105.8,98.0,2.16,11.2,66.0,44.1,7.18,6918.0,44.7,4.85,4.95,4.2,1.11,1.74,2.75,4.99,0.86,0.93,32.0,31.8,90.8,28.4,87.0,16.1,29.1,6.0,3.9,0.0,1.2,0.0,0.9,Stable,Functional mobility,Metabolic trend,"Maintain or progress walking, balance and strength work; reassess mobility if decline persists.",Review nutrition and activity habits; confirm persistent abnormal laboratory values with an appropriate clinician.,Re-measure the leading domains in approximately 3 months and compare with the personal baseline.,No persistent adverse multidomain trend detected relative to the personal baseline.,
SA-004,Stable,Month 12,12,52,Male,178.8,1.51,106.1,98.2,2.12,11.1,66.0,44.1,7.17,6909.0,44.7,4.78,4.9,3.8,1.02,1.77,2.68,4.9,0.84,0.79,32.0,31.7,90.9,28.4,87.2,16.2,29.1,6.1,0.0,0.4,0.0,2.3,0.7,Stable,Body composition,Recovery / activity,"Prioritize resistance exercise, adequate protein/nutrition and reduction of central adiposity where appropriate.","Prioritize sleep regularity, recovery and progressive daily physical activity.",Re-measure the leading domains in approximately 3 months and compare with the personal baseline.,No persistent adverse multidomain trend detected relative to the personal baseline.,
SA-005,Stable,Baseline,0,62,Male,172.7,1.27,117.0,97.8,2.68,9.8,58.0,43.8,7.36,8233.0,35.6,4.97,5.26,12.2,1.53,1.16,2.43,4.27,0.62,0.48,25.0,39.7,78.9,26.5,98.2,15.3,33.1,6.5,0.0,0.0,0.0,0.0,0.0,Stable,Recovery / activity,Metabolic trend,"Prioritize sleep regularity, recovery and progressive daily physical activity.",Review nutrition and activity habits; confirm persistent abnormal laboratory values with an appropriate clinician.,Re-measure the leading domains in approximately 3 months and compare with the personal baseline.,No persistent adverse multidomain trend detected relative to the personal baseline.,
SA-005,Stable,Month 1,1,62,Male,172.7,1.27,117.0,97.8,2.68,9.8,58.0,44.0,7.37,8264.0,35.7,5.01,5.29,12.4,1.58,1.15,2.47,4.32,0.64,0.56,25.0,39.8,78.9,26.5,98.2,15.3,33.1,6.5,0.0,0.0,0.0,0.0,0.0,Stable,Recovery / activity,Metabolic trend,"Prioritize sleep regularity, recovery and progressive daily physical activity.",Review nutrition and activity habits; confirm persistent abnormal laboratory values with an appropriate clinician.,Re-measure the leading domains in approximately 3 months and compare with the personal baseline.,No persistent adverse multidomain trend detected relative to the personal baseline.,
SA-005,Stable,Month 3,3,62,Male,172.7,1.27,117.2,97.9,2.66,9.7,58.0,44.4,7.4,8328.0,35.9,5.09,5.35,12.9,1.69,1.11,2.56,4.43,0.67,0.74,26.0,39.8,78.8,26.4,98.0,15.2,33.2,6.4,0.0,0.0,7.5,0.0,2.2,Stable,Metabolic trend,Recovery / activity,Review nutrition and activity habits; confirm persistent abnormal laboratory values with an appropriate clinician.,"Prioritize sleep regularity, recovery and progressive daily physical activity.",Re-measure the leading domains in approximately 3 months and compare with the personal baseline.,No persistent adverse multidomain trend detected relative to the personal baseline.,
SA-005,Stable,Month 6,6,62,Male,172.7,1.27,117.2,97.9,2.66,9.7,58.0,44.0,7.38,8267.0,35.7,5.11,5.37,13.0,1.72,1.1,2.58,4.46,0.67,0.79,26.0,39.8,79.2,26.5,98.8,15.6,33.0,6.7,0.0,0.0,10.2,6.4,4.7,Stable,Metabolic trend,Body composition,Review nutrition and activity habits; confirm persistent abnormal laboratory values with an appropriate clinician.,"Prioritize resistance exercise, adequate protein/nutrition and reduction of central adiposity where appropriate.",Re-measure the leading domains in approximately 3 months and compare with the personal baseline.,No persistent adverse multidomain trend detected relative to the personal baseline.,
SA-005,Stable,Month 9,9,62,Male,172.7,1.27,117.2,97.9,2.66,9.8,58.0,43.5,7.35,8199.0,35.6,5.08,5.34,12.8,1.68,1.12,2.54,4.42,0.66,0.72,26.0,39.7,79.0,26.5,98.4,15.4,33.1,6.6,0.0,0.0,6.1,1.2,2.1,Stable,Metabolic trend,Body composition,Review nutrition and activity habits; confirm persistent abnormal laboratory values with an appropriate clinician.,"Prioritize resistance exercise, adequate protein/nutrition and reduction of central adiposity where appropriate.",Re-measure the leading domains in approximately 3 months and compare with the personal baseline.,No persistent adverse multidomain trend detected relative to the personal baseline.,
SA-005,Stable,Month 12,12,62,Male,172.7,1.27,117.1,97.8,2.68,9.8,58.0,43.5,7.34,8188.0,35.5,5.04,5.32,12.6,1.63,1.13,2.5,4.37,0.65,0.64,25.0,39.7,79.1,26.5,98.5,15.5,33.1,6.6,0.0,0.0,1.5,2.7,1.1,Stable,Body composition,Metabolic trend,"Prioritize resistance exercise, adequate protein/nutrition and reduction of central adiposity where appropriate.",Review nutrition and activity habits; confirm persistent abnormal laboratory values with an appropriate clinician.,Re-measure the leading domains in approximately 3 months and compare with the personal baseline.,No persistent adverse multidomain trend detected relative to the personal baseline.,
SA-006,Stable,Baseline,0,56,Female,156.8,1.4,112.0,97.5,2.36,10.0,58.0,50.1,7.16,11084.0,47.5,5.14,5.06,4.6,1.41,1.62,2.92,5.17,0.6,1.22,26.0,21.2,67.9,27.6,79.9,30.2,22.8,8.5,0.0,0.0,0.2,0.9,0.3,Stable,Body composition,Metabolic trend,"Prioritize resistance exercise, adequate protein/nutrition and reduction of central adiposity where appropriate.",Review nutrition and activity habits; confirm persistent abnormal laboratory values with an appropriate clinician.,Re-measure the leading domains in approximately 3 months and compare with the personal baseline.,No persistent adverse multidomain trend detected relative to the personal baseline.,
SA-006,Stable,Month 1,1,56,Female,156.8,1.39,111.7,97.3,2.4,10.1,58.0,49.9,7.15,11049.0,47.5,5.14,5.06,4.6,1.41,1.61,2.92,5.17,0.6,1.22,26.0,21.1,67.8,27.6,79.8,30.1,22.8,8.4,4.1,0.0,0.5,0.0,0.8,Stable,Functional mobility,Metabolic trend,"Maintain or progress walking, balance and strength work; reassess mobility if decline persists.",Review nutrition and activity habits; confirm persistent abnormal laboratory values with an appropriate clinician.,Re-measure the leading domains in approximately 3 months and compare with the personal baseline.,No persistent adverse multidomain trend detected relative to the personal baseline.,
SA-006,Stable,Month 3,3,56,Female,156.8,1.4,111.9,97.5,2.37,10.0,57.0,51.4,7.25,11278.0,48.0,5.14,5.06,4.6,1.41,1.61,2.92,5.17,0.6,1.22,26.0,21.4,67.8,27.6,79.8,30.1,22.8,8.4,0.8,0.0,0.6,0.0,0.3,Stable,Functional mobility,Metabolic trend,"Maintain or progress walking, balance and strength work; reassess mobility if decline persists.",Review nutrition and activity habits; confirm persistent abnormal laboratory values with an appropriate clinician.,Re-measure the leading domains in approximately 3 months and compare with the personal baseline.,No persistent adverse multidomain trend detected relative to the personal baseline.,
SA-006,Stable,Month 6,6,56,Female,156.8,1.39,111.6,97.3,2.4,10.1,58.0,50.0,7.16,11074.0,47.5,5.14,5.07,4.6,1.42,1.61,2.92,5.18,0.6,1.23,26.0,21.2,67.7,27.5,79.4,29.9,22.8,8.3,4.8,0.0,1.1,0.0,1.1,Stable,Functional mobility,Metabolic trend,"Maintain or progress walking, balance and strength work; reassess mobility if decline persists.",Review nutrition and activity habits; confirm persistent abnormal laboratory values with an appropriate clinician.,Re-measure the leading domains in approximately 3 months and compare with the personal baseline.,No persistent adverse multidomain trend detected relative to the personal baseline.,
SA-006,Stable,Month 9,9,56,Female,156.8,1.4,111.9,97.5,2.36,10.0,57.0,50.8,7.21,11182.0,47.8,5.13,5.05,4.5,1.4,1.62,2.9,5.15,0.6,1.19,26.0,21.3,68.0,27.7,80.1,30.3,22.7,8.5,0.0,0.0,0.0,3.0,0.8,Stable,Body composition,Recovery / activity,"Prioritize resistance exercise, adequate protein/nutrition and reduction of central adiposity where appropriate.","Prioritize sleep regularity, recovery and progressive daily physical activity.",Re-measure the leading domains in approximately 3 months and compare with the personal baseline.,No persistent adverse multidomain trend detected relative to the personal baseline.,
SA-006,Stable,Month 12,12,56,Female,156.8,1.4,111.8,97.4,2.38,10.0,58.0,50.5,7.19,11138.0,47.7,5.17,5.09,4.8,1.46,1.6,2.95,5.21,0.61,1.29,27.0,21.2,67.8,27.6,79.8,30.1,22.8,8.4,1.6,0.0,4.6,0.0,1.6,Stable,Metabolic trend,Functional mobility,Review nutrition and activity habits; confirm persistent abnormal laboratory values with an appropriate clinician.,"Maintain or progress walking, balance and strength work; reassess mobility if decline persists.",Re-measure the leading domains in approximately 3 months and compare with the personal baseline.,No persistent adverse multidomain trend detected relative to the personal baseline.,
SA-007,Stable,Baseline,0,62,Female,167.6,1.24,117.3,95.6,2.5,9.6,71.0,54.8,8.19,8967.0,28.5,4.99,4.97,6.0,1.53,1.7,2.28,4.67,0.72,0.85,15.0,24.6,85.8,30.5,85.8,33.3,23.8,7.7,0.0,1.3,2.1,4.0,2.0,Stable,Body composition,Metabolic trend,"Prioritize resistance exercise, adequate protein/nutrition and reduction of central adiposity where appropriate.",Review nutrition and activity habits; confirm persistent abnormal laboratory values with an appropriate clinician.,Re-measure the leading domains in approximately 3 months and compare with the personal baseline.,No persistent adverse multidomain trend detected relative to the personal baseline.,
SA-007,Stable,Month 1,1,62,Female,167.6,1.22,116.6,95.1,2.58,9.9,71.0,54.8,8.19,8968.0,28.5,4.99,4.97,5.9,1.52,1.7,2.28,4.67,0.72,0.84,15.0,24.6,85.7,30.5,85.5,33.2,23.8,7.6,4.5,1.3,1.4,0.3,1.6,Stable,Functional mobility,Metabolic trend,"Maintain or progress walking, balance and strength work; reassess mobility if decline persists.",Review nutrition and activity habits; confirm persistent abnormal laboratory values with an appropriate clinician.,Re-measure the leading domains in approximately 3 months and compare with the personal baseline.,No persistent adverse multidomain trend detected relative to the personal baseline.,
SA-007,Stable,Month 3,3,62,Female,167.6,1.24,117.2,95.6,2.51,9.7,71.0,56.3,8.28,9188.0,29.0,4.99,4.97,6.0,1.53,1.7,2.28,4.67,0.72,0.85,15.0,24.9,85.6,30.5,85.4,33.1,23.8,7.6,0.0,0.0,2.1,0.0,0.6,Stable,Metabolic trend,Recovery / activity,Review nutrition and activity habits; confirm persistent abnormal laboratory values with an appropriate clinician.,"Prioritize sleep regularity, recovery and progressive daily physical activity.",Re-measure the leading domains in approximately 3 months and compare with the personal baseline.,No persistent adverse multidomain trend detected relative to the personal baseline.,
SA-007,Stable,Month 6,6,62,Female,167.6,1.23,117.0,95.4,2.53,9.7,72.0,54.1,8.14,8859.0,28.3,5.0,4.97,6.0,1.54,1.7,2.29,4.68,0.73,0.86,15.0,24.5,85.7,30.5,85.6,33.2,23.8,7.7,0.0,6.2,3.0,1.3,3.1,Stable,Recovery / activity,Metabolic trend,"Prioritize sleep regularity, recovery and progressive daily physical activity.",Review nutrition and activity habits; confirm persistent abnormal laboratory values with an appropriate clinician.,Re-measure the leading domains in approximately 3 months and compare with the personal baseline.,No persistent adverse multidomain trend detected relative to the personal baseline.,
SA-007,Stable,Month 9,9,62,Female,167.6,1.23,116.9,95.3,2.55,9.8,71.0,54.5,8.17,8920.0,28.4,4.98,4.96,5.9,1.51,1.71,2.27,4.66,0.72,0.83,15.0,24.5,85.8,30.5,85.8,33.3,23.8,7.7,0.7,3.4,0.8,3.7,2.3,Stable,Body composition,Recovery / activity,"Prioritize resistance exercise, adequate protein/nutrition and reduction of central adiposity where appropriate.","Prioritize sleep regularity, recovery and progressive daily physical activity.",Re-measure the leading domains in approximately 3 months and compare with the personal baseline.,No persistent adverse multidomain trend detected relative to the personal baseline.,
SA-007,Stable,Month 12,12,62,Female,167.6,1.23,117.0,95.4,2.54,9.8,71.0,54.8,8.19,8971.0,28.5,4.97,4.95,5.8,1.5,1.71,2.26,4.65,0.72,0.8,14.0,24.6,85.6,30.5,85.3,33.0,23.8,7.6,0.0,1.1,0.0,0.0,0.3,Stable,Recovery / activity,Metabolic trend,"Prioritize sleep regularity, recovery and progressive daily physical activity.",Review nutrition and activity habits; confirm persistent abnormal laboratory values with an appropriate clinician.,Re-measure the leading domains in approximately 3 months and compare with the personal baseline.,No persistent adverse multidomain trend detected relative to the personal baseline.,
SA-008,Stable,Baseline,0,48,Female,171.0,1.32,116.1,97.0,2.68,11.0,69.0,52.5,8.47,7567.0,25.9,5.5,5.09,6.8,1.36,1.17,1.89,3.67,0.6,0.42,25.0,34.2,60.3,20.6,80.6,36.2,22.1,5.8,0.2,1.2,0.0,0.0,0.4,Stable,Recovery / activity,Functional mobility,"Prioritize sleep regularity, recovery and progressive daily physical activity.","Maintain or progress walking, balance and strength work; reassess mobility if decline persists.",Re-measure the leading domains in approximately 3 months and compare with the personal baseline.,No persistent adverse multidomain trend detected relative to the personal baseline.,
SA-008,Stable,Month 1,1,48,Female,171.0,1.32,116.0,97.0,2.69,11.0,69.0,52.9,8.5,7636.0,26.1,5.58,5.15,7.4,1.47,1.14,1.98,3.79,0.63,0.6,26.0,34.2,60.5,20.7,81.1,36.5,22.0,5.9,0.4,0.0,2.5,1.6,1.2,Stable,Metabolic trend,Body composition,Review nutrition and activity habits; confirm persistent abnormal laboratory values with an appropriate clinician.,"Prioritize resistance exercise, adequate protein/nutrition and reduction of central adiposity where appropriate.",Re-measure the leading domains in approximately 3 months and compare with the personal baseline.,No persistent adverse multidomain trend detected relative to the personal baseline.,
SA-008,Stable,Month 3,3,48,Female,171.0,1.32,116.2,97.1,2.67,11.0,69.0,52.2,8.45,7522.0,25.8,5.58,5.15,7.3,1.46,1.14,1.98,3.78,0.63,0.59,26.0,34.1,60.5,20.7,81.1,36.4,22.0,5.9,0.0,3.2,1.9,0.8,1.7,Stable,Recovery / activity,Metabolic trend,"Prioritize sleep regularity, recovery and progressive daily physical activity.",Review nutrition and activity habits; confirm persistent abnormal laboratory values with an appropriate clinician.,Re-measure the leading domains in approximately 3 months and compare with the personal baseline.,No persistent adverse multidomain trend detected relative to the personal baseline.,
SA-008,Stable,Month 6,6,48,Female,171.0,1.32,116.1,97.1,2.67,11.0,69.0,52.8,8.49,7609.0,26.0,5.58,5.15,7.4,1.47,1.14,1.99,3.79,0.63,0.61,26.0,34.2,60.5,20.7,81.0,36.4,22.0,5.9,0.0,0.0,2.9,0.7,1.0,Stable,Metabolic trend,Body composition,Review nutrition and activity habits; confirm persistent abnormal laboratory values with an appropriate clinician.,"Prioritize resistance exercise, adequate protein/nutrition and reduction of central adiposity where appropriate.",Re-measure the leading domains in approximately 3 months and compare with the personal baseline.,No persistent adverse multidomain trend detected relative to the personal baseline.,
SA-008,Stable,Month 9,9,48,Female,171.0,1.32,115.9,96.9,2.7,11.1,69.0,52.3,8.46,7544.0,25.9,5.56,5.13,7.2,1.44,1.15,1.96,3.76,0.62,0.55,26.0,34.1,60.4,20.7,80.9,36.4,22.0,5.8,2.3,2.2,0.0,0.0,1.0,Stable,Functional mobility,Recovery / activity,"Maintain or progress walking, balance and strength work; reassess mobility if decline persists.","Prioritize sleep regularity, recovery and progressive daily physical activity.",Re-measure the leading domains in approximately 3 months and compare with the personal baseline.,No persistent adverse multidomain trend detected relative to the personal baseline.,
SA-008,Stable,Month 12,12,48,Female,171.0,1.33,116.5,97.3,2.63,10.9,68.0,53.9,8.56,7778.0,26.4,5.52,5.11,7.0,1.39,1.17,1.92,3.7,0.61,0.47,26.0,34.4,60.3,20.6,80.7,36.2,22.1,5.8,0.0,0.0,0.0,0.0,0.0,Stable,Recovery / activity,Metabolic trend,"Prioritize sleep regularity, recovery and progressive daily physical activity.",Review nutrition and activity habits; confirm persistent abnormal laboratory values with an appropriate clinician.,Re-measure the leading domains in approximately 3 months and compare with the personal baseline.,No persistent adverse multidomain trend detected relative to the personal baseline.,
SA-009,Stable,Baseline,0,59,Female,163.3,1.3,105.7,96.0,2.01,9.0,60.0,55.8,8.15,5844.0,40.4,4.65,5.38,6.8,0.51,1.78,2.33,4.34,0.8,0.52,19.0,33.4,71.8,26.9,90.8,35.7,24.7,10.2,3.7,0.0,1.3,1.2,1.2,Stable,Functional mobility,Metabolic trend,"Maintain or progress walking, balance and strength work; reassess mobility if decline persists.",Review nutrition and activity habits; confirm persistent abnormal laboratory values with an appropriate clinician.,Re-measure the leading domains in approximately 3 months and compare with the personal baseline.,No persistent adverse multidomain trend detected relative to the personal baseline.,
SA-009,Stable,Month 1,1,59,Female,163.3,1.31,106.0,96.2,1.97,8.9,60.0,55.9,8.16,5859.0,40.4,4.67,5.39,6.9,0.54,1.77,2.35,4.36,0.81,0.56,19.0,33.5,71.6,26.9,90.3,35.4,24.8,10.1,0.0,0.0,3.7,0.0,1.1,Stable,Metabolic trend,Recovery / activity,Review nutrition and activity habits; confirm persistent abnormal laboratory values with an appropriate clinician.,"Prioritize sleep regularity, recovery and progressive daily physical activity.",Re-measure the leading domains in approximately 3 months and compare with the personal baseline.,No persistent adverse multidomain trend detected relative to the personal baseline.,
SA-009,Stable,Month 3,3,59,Female,163.3,1.31,105.9,96.1,1.99,9.0,61.0,54.9,8.1,5723.0,40.1,4.63,5.37,6.7,0.5,1.78,2.31,4.32,0.79,0.49,18.0,33.3,71.8,26.9,90.8,35.7,24.7,10.2,1.0,4.7,0.0,1.3,1.9,Stable,Recovery / activity,Body composition,"Prioritize sleep regularity, recovery and progressive daily physical activity.","Prioritize resistance exercise, adequate protein/nutrition and reduction of central adiposity where appropriate.",Re-measure the leading domains in approximately 3 months and compare with the personal baseline.,No persistent adverse multidomain trend detected relative to the personal baseline.,
SA-009,Stable,Month 6,6,59,Female,163.3,1.31,105.9,96.1,1.98,8.9,61.0,54.4,8.07,5645.0,39.9,4.64,5.37,6.7,0.5,1.78,2.32,4.33,0.8,0.5,18.0,33.2,72.0,27.0,91.2,35.9,24.6,10.4,0.4,8.2,0.2,7.3,4.4,Stable,Recovery / activity,Body composition,"Prioritize sleep regularity, recovery and progressive daily physical activity.","Prioritize resistance exercise, adequate protein/nutrition and reduction of central adiposity where appropriate.",Re-measure the leading domains in approximately 3 months and compare with the personal baseline.,No persistent adverse multidomain trend detected relative to the personal baseline.,
SA-009,Stable,Month 9,9,59,Female,163.3,1.31,106.0,96.2,1.98,8.9,61.0,55.0,8.1,5727.0,40.1,4.64,5.38,6.8,0.51,1.78,2.33,4.34,0.8,0.51,19.0,33.3,71.7,26.9,90.5,35.5,24.8,10.1,0.0,4.5,1.2,0.0,1.7,Stable,Recovery / activity,Metabolic trend,"Prioritize sleep regularity, recovery and progressive daily physical activity.",Review nutrition and activity habits; confirm persistent abnormal laboratory values with an appropriate clinician.,Re-measure the leading domains in approximately 3 months and compare with the personal baseline.,No persistent adverse multidomain trend detected relative to the personal baseline.,
SA-009,Stable,Month 12,12,59,Female,163.3,1.32,106.3,96.4,1.93,8.8,61.0,55.4,8.13,5798.0,40.3,4.59,5.34,6.4,0.44,1.8,2.27,4.27,0.78,0.4,18.0,33.4,71.7,26.9,90.5,35.5,24.8,10.1,0.0,1.3,0.0,0.0,0.4,Stable,Recovery / activity,Metabolic trend,"Prioritize sleep regularity, recovery and progressive daily physical activity.",Review nutrition and activity habits; confirm persistent abnormal laboratory values with an appropriate clinician.,Re-measure the leading domains in approximately 3 months and compare with the personal baseline.,No persistent adverse multidomain trend detected relative to the personal baseline.,
SA-010,Stable,Baseline,0,63,Female,162.2,1.26,109.3,97.3,2.5,9.6,71.0,32.1,7.19,11762.0,39.3,5.51,5.28,8.4,1.05,1.5,2.23,4.21,0.95,0.57,28.0,38.6,67.3,25.6,97.4,34.5,21.2,8.2,0.0,1.5,1.6,0.0,0.9,Stable,Metabolic trend,Recovery / activity,Review nutrition and activity habits; confirm persistent abnormal laboratory values with an appropriate clinician.,"Prioritize sleep regularity, recovery and progressive daily physical activity.",Re-measure the leading domains in approximately 3 months and compare with the personal baseline.,No persistent adverse multidomain trend detected relative to the personal baseline.,
SA-010,Stable,Month 1,1,63,Female,162.2,1.27,109.7,97.5,2.46,9.5,71.0,31.7,7.17,11710.0,39.1,5.49,5.27,8.2,1.02,1.51,2.21,4.18,0.95,0.53,28.0,38.6,67.2,25.5,97.0,34.3,21.2,8.1,0.0,3.9,0.0,0.0,1.2,Stable,Recovery / activity,Metabolic trend,"Prioritize sleep regularity, recovery and progressive daily physical activity.",Review nutrition and activity habits; confirm persistent abnormal laboratory values with an appropriate clinician.,Re-measure the leading domains in approximately 3 months and compare with the personal baseline.,No persistent adverse multidomain trend detected relative to the personal baseline.,
SA-010,Stable,Month 3,3,63,Female,162.2,1.26,109.4,97.4,2.49,9.5,70.0,33.2,7.26,11936.0,39.7,5.53,5.29,8.4,1.07,1.5,2.25,4.23,0.96,0.6,28.0,38.8,67.5,25.6,97.8,34.7,21.1,8.3,0.0,0.0,3.1,4.8,2.1,Stable,Body composition,Metabolic trend,"Prioritize resistance exercise, adequate protein/nutrition and reduction of central adiposity where appropriate.",Review nutrition and activity habits; confirm persistent abnormal laboratory values with an appropriate clinician.,Re-measure the leading domains in approximately 3 months and compare with the personal baseline.,No persistent adverse multidomain trend detected relative to the personal baseline.,
SA-010,Stable,Month 6,6,63,Female,162.2,1.25,108.9,96.9,2.56,9.7,70.0,33.2,7.26,11936.0,39.7,5.49,5.26,8.2,1.01,1.51,2.2,4.17,0.94,0.51,28.0,38.8,67.0,25.5,96.8,34.1,21.3,8.0,6.8,0.0,0.0,0.0,1.0,Stable,Functional mobility,Recovery / activity,"Maintain or progress walking, balance and strength work; reassess mobility if decline persists.","Prioritize sleep regularity, recovery and progressive daily physical activity.",Re-measure the leading domains in approximately 3 months and compare with the personal baseline.,No persistent adverse multidomain trend detected relative to the personal baseline.,
SA-010,Stable,Month 9,9,63,Female,162.2,1.27,109.6,97.5,2.47,9.5,71.0,32.0,7.19,11756.0,39.2,5.51,5.28,8.4,1.05,1.5,2.24,4.21,0.95,0.57,28.0,38.6,67.3,25.6,97.4,34.5,21.2,8.2,0.0,1.8,1.6,0.0,1.0,Stable,Recovery / activity,Metabolic trend,"Prioritize sleep regularity, recovery and progressive daily physical activity.",Review nutrition and activity habits; confirm persistent abnormal laboratory values with an appropriate clinician.,Re-measure the leading domains in approximately 3 months and compare with the personal baseline.,No persistent adverse multidomain trend detected relative to the personal baseline.,
SA-010,Stable,Month 12,12,63,Female,162.2,1.26,109.2,97.2,2.52,9.6,70.0,32.5,7.22,11824.0,39.4,5.5,5.27,8.3,1.03,1.51,2.22,4.19,0.95,0.54,28.0,38.7,67.4,25.6,97.5,34.5,21.1,8.2,2.2,0.0,0.0,0.3,0.4,Stable,Functional mobility,Body composition,"Maintain or progress walking, balance and strength work; reassess mobility if decline persists.","Prioritize resistance exercise, adequate protein/nutrition and reduction of central adiposity where appropriate.",Re-measure the leading domains in approximately 3 months and compare with the personal baseline.,No persistent adverse multidomain trend detected relative to the personal baseline.,
SA-011,Stable,Baseline,0,52,Male,173.9,1.28,119.4,96.4,2.72,10.2,65.0,64.9,7.01,6505.0,39.3,5.15,4.86,8.4,0.88,1.64,1.33,3.36,0.75,0.36,17.0,32.0,90.1,29.8,104.0,17.1,29.5,10.2,0.6,0.0,0.0,0.0,0.1,Stable,Functional mobility,Recovery / activity,"Maintain or progress walking, balance and strength work; reassess mobility if decline persists.","Prioritize sleep regularity, recovery and progressive daily physical activity.",Re-measure the leading domains in approximately 3 months and compare with the personal baseline.,No persistent adverse multidomain trend detected relative to the personal baseline.,
SA-011,Stable,Month 1,1,52,Male,173.9,1.28,119.4,96.3,2.72,10.2,65.0,65.4,7.04,6582.0,39.5,5.18,4.87,8.5,0.91,1.63,1.35,3.39,0.76,0.41,17.0,32.1,90.2,29.8,104.2,17.2,29.4,10.2,1.1,0.0,2.3,2.5,1.5,Stable,Body composition,Metabolic trend,"Prioritize resistance exercise, adequate protein/nutrition and reduction of central adiposity where appropriate.",Review nutrition and activity habits; confirm persistent abnormal laboratory values with an appropriate clinician.,Re-measure the leading domains in approximately 3 months and compare with the personal baseline.,No persistent adverse multidomain trend detected relative to the personal baseline.,
SA-011,Stable,Month 3,3,52,Male,173.9,1.28,119.4,96.4,2.71,10.2,65.0,64.4,6.98,6437.0,39.2,5.21,4.9,8.7,0.96,1.61,1.39,3.45,0.77,0.5,18.0,31.9,90.1,29.8,104.1,17.2,29.4,10.2,0.0,2.3,7.1,1.0,3.1,Stable,Metabolic trend,Recovery / activity,Review nutrition and activity habits; confirm persistent abnormal laboratory values with an appropriate clinician.,"Prioritize sleep regularity, recovery and progressive daily physical activity.",Re-measure the leading domains in approximately 3 months and compare with the personal baseline.,No persistent adverse multidomain trend detected relative to the personal baseline.,
SA-011,Stable,Month 6,6,52,Male,173.9,1.29,119.6,96.5,2.69,10.1,65.0,65.0,7.01,6517.0,39.4,5.13,4.84,8.2,0.85,1.65,1.3,3.33,0.74,0.31,17.0,32.0,90.0,29.8,103.8,17.0,29.5,10.1,0.0,0.0,0.0,0.0,0.0,Stable,Recovery / activity,Metabolic trend,"Prioritize sleep regularity, recovery and progressive daily physical activity.",Review nutrition and activity habits; confirm persistent abnormal laboratory values with an appropriate clinician.,Re-measure the leading domains in approximately 3 months and compare with the personal baseline.,No persistent adverse multidomain trend detected relative to the personal baseline.,
SA-011,Stable,Month 9,9,52,Male,173.9,1.28,119.4,96.4,2.71,10.2,65.0,65.3,7.04,6571.0,39.5,5.17,4.87,8.5,0.9,1.63,1.34,3.38,0.76,0.39,17.0,32.1,90.1,29.8,104.0,17.1,29.5,10.2,0.1,0.0,1.2,0.0,0.4,Stable,Metabolic trend,Functional mobility,Review nutrition and activity habits; confirm persistent abnormal laboratory values with an appropriate clinician.,"Maintain or progress walking, balance and strength work; reassess mobility if decline persists.",Re-measure the leading domains in approximately 3 months and compare with the personal baseline.,No persistent adverse multidomain trend detected relative to the personal baseline.,
SA-011,Stable,Month 12,12,52,Male,173.9,1.28,119.5,96.4,2.71,10.1,65.0,65.3,7.03,6560.0,39.5,5.18,4.87,8.5,0.92,1.63,1.36,3.4,0.76,0.42,17.0,32.1,90.2,29.8,104.3,17.3,29.4,10.2,0.0,0.0,2.6,3.2,1.6,Stable,Body composition,Metabolic trend,"Prioritize resistance exercise, adequate protein/nutrition and reduction of central adiposity where appropriate.",Review nutrition and activity habits; confirm persistent abnormal laboratory values with an appropriate clinician.,Re-measure the leading domains in approximately 3 months and compare with the personal baseline.,No persistent adverse multidomain trend detected relative to the personal baseline.,
SA-012,Stable,Baseline,0,43,Male,181.3,1.32,102.1,98.8,2.68,9.7,65.0,17.9,6.61,7578.0,35.8,5.24,5.74,4.3,0.78,1.41,3.52,5.28,0.68,0.86,36.0,16.9,83.6,25.5,79.3,21.6,34.1,5.7,2.3,0.0,0.0,0.0,0.3,Stable,Functional mobility,Recovery / activity,"Maintain or progress walking, balance and strength work; reassess mobility if decline persists.","Prioritize sleep regularity, recovery and progressive daily physical activity.",Re-measure the leading domains in approximately 3 months and compare with the personal baseline.,No persistent adverse multidomain trend detected relative to the personal baseline.,
SA-012,Stable,Month 1,1,43,Male,181.3,1.32,102.4,98.9,2.65,9.7,66.0,16.9,6.55,7437.0,35.5,5.26,5.76,4.5,0.82,1.4,3.55,5.32,0.69,0.93,36.0,16.8,83.5,25.4,79.0,21.4,34.1,5.6,0.0,1.0,1.8,0.0,0.8,Stable,Metabolic trend,Recovery / activity,Review nutrition and activity habits; confirm persistent abnormal laboratory values with an appropriate clinician.,"Prioritize sleep regularity, recovery and progressive daily physical activity.",Re-measure the leading domains in approximately 3 months and compare with the personal baseline.,No persistent adverse multidomain trend detected relative to the personal baseline.,
SA-012,Stable,Month 3,3,43,Male,181.3,1.32,102.2,98.8,2.67,9.7,66.0,16.3,6.51,7341.0,35.3,5.23,5.74,4.3,0.77,1.42,3.52,5.28,0.68,0.86,36.0,16.6,83.6,25.4,79.3,21.6,34.1,5.7,1.5,5.4,0.0,0.0,1.8,Stable,Recovery / activity,Functional mobility,"Prioritize sleep regularity, recovery and progressive daily physical activity.","Maintain or progress walking, balance and strength work; reassess mobility if decline persists.",Re-measure the leading domains in approximately 3 months and compare with the personal baseline.,No persistent adverse multidomain trend detected relative to the personal baseline.,
SA-012,Stable,Month 6,6,43,Male,181.3,1.32,102.2,98.8,2.67,9.7,66.0,16.6,6.53,7388.0,35.4,5.2,5.72,4.1,0.74,1.43,3.49,5.24,0.67,0.79,35.0,16.7,83.7,25.5,79.5,21.7,34.0,5.7,1.5,3.2,0.0,1.6,1.6,Stable,Recovery / activity,Body composition,"Prioritize sleep regularity, recovery and progressive daily physical activity.","Prioritize resistance exercise, adequate protein/nutrition and reduction of central adiposity where appropriate.",Re-measure the leading domains in approximately 3 months and compare with the personal baseline.,No persistent adverse multidomain trend detected relative to the personal baseline.,
SA-012,Stable,Month 9,9,43,Male,181.3,1.32,102.2,98.8,2.67,9.7,65.0,17.7,6.6,7556.0,35.8,5.21,5.72,4.2,0.75,1.42,3.49,5.25,0.67,0.81,35.0,16.9,83.7,25.5,79.5,21.7,34.0,5.7,1.2,0.0,0.0,0.8,0.4,Stable,Functional mobility,Body composition,"Maintain or progress walking, balance and strength work; reassess mobility if decline persists.","Prioritize resistance exercise, adequate protein/nutrition and reduction of central adiposity where appropriate.",Re-measure the leading domains in approximately 3 months and compare with the personal baseline.,No persistent adverse multidomain trend detected relative to the personal baseline.,
SA-012,Stable,Month 12,12,43,Male,181.3,1.32,102.2,98.8,2.67,9.7,65.0,17.6,6.6,7534.0,35.7,5.27,5.76,4.5,0.83,1.4,3.56,5.33,0.69,0.94,36.0,16.9,83.6,25.4,79.1,21.5,34.1,5.6,0.7,0.0,2.5,0.0,0.9,Stable,Metabolic trend,Functional mobility,Review nutrition and activity habits; confirm persistent abnormal laboratory values with an appropriate clinician.,"Maintain or progress walking, balance and strength work; reassess mobility if decline persists.",Re-measure the leading domains in approximately 3 months and compare with the personal baseline.,No persistent adverse multidomain trend detected relative to the personal baseline.,
SA-013,Stable,Baseline,0,41,Female,162.4,1.26,119.2,95.6,1.74,11.9,81.0,40.7,6.11,7377.0,36.2,4.94,4.97,8.3,1.21,1.17,3.04,4.76,1.21,0.87,21.0,28.8,70.1,26.6,83.7,25.7,27.0,6.3,0.0,2.6,0.6,0.0,0.9,Stable,Recovery / activity,Metabolic trend,"Prioritize sleep regularity, recovery and progressive daily physical activity.",Review nutrition and activity habits; confirm persistent abnormal laboratory values with an appropriate clinician.,Re-measure the leading domains in approximately 3 months and compare with the personal baseline.,No persistent adverse multidomain trend detected relative to the personal baseline.,
SA-013,Stable,Month 1,1,41,Female,162.4,1.26,119.4,95.7,1.72,11.9,81.0,40.0,6.06,7262.0,35.9,4.98,5.01,8.6,1.27,1.16,3.08,4.82,1.23,0.96,21.0,28.7,70.3,26.7,84.1,25.9,26.9,6.4,0.0,7.8,5.8,0.0,4.1,Stable,Recovery / activity,Metabolic trend,"Prioritize sleep regularity, recovery and progressive daily physical activity.",Review nutrition and activity habits; confirm persistent abnormal laboratory values with an appropriate clinician.,Re-measure the leading domains in approximately 3 months and compare with the personal baseline.,No persistent adverse multidomain trend detected relative to the personal baseline.,
SA-013,Stable,Month 3,3,41,Female,162.4,1.26,119.1,95.5,1.75,11.9,81.0,40.8,6.11,7380.0,36.2,4.91,4.95,8.1,1.17,1.19,3.01,4.72,1.2,0.81,20.0,28.8,70.3,26.7,84.2,25.9,26.9,6.5,0.5,2.5,0.0,1.1,1.1,Stable,Recovery / activity,Body composition,"Prioritize sleep regularity, recovery and progressive daily physical activity.","Prioritize resistance exercise, adequate protein/nutrition and reduction of central adiposity where appropriate.",Re-measure the leading domains in approximately 3 months and compare with the personal baseline.,No persistent adverse multidomain trend detected relative to the personal baseline.,
SA-013,Stable,Month 6,6,41,Female,162.4,1.26,119.2,95.5,1.75,11.9,81.0,40.4,6.09,7322.0,36.0,4.89,4.94,8.0,1.14,1.2,2.98,4.69,1.19,0.76,20.0,28.7,70.3,26.7,84.1,25.9,26.9,6.4,0.0,5.1,0.0,0.0,1.5,Stable,Recovery / activity,Metabolic trend,"Prioritize sleep regularity, recovery and progressive daily physical activity.",Review nutrition and activity habits; confirm persistent abnormal laboratory values with an appropriate clinician.,Re-measure the leading domains in approximately 3 months and compare with the personal baseline.,No persistent adverse multidomain trend detected relative to the personal baseline.,
SA-013,Stable,Month 9,9,41,Female,162.4,1.27,119.5,95.8,1.71,11.8,81.0,41.7,6.17,7518.0,36.5,4.93,4.97,8.3,1.2,1.18,3.03,4.75,1.21,0.86,21.0,29.0,70.3,26.7,84.1,25.9,26.9,6.4,0.0,0.0,0.0,0.0,0.0,Stable,Recovery / activity,Metabolic trend,"Prioritize sleep regularity, recovery and progressive daily physical activity.",Review nutrition and activity habits; confirm persistent abnormal laboratory values with an appropriate clinician.,Re-measure the leading domains in approximately 3 months and compare with the personal baseline.,No persistent adverse multidomain trend detected relative to the personal baseline.,
SA-013,Stable,Month 12,12,41,Female,162.4,1.27,119.6,95.9,1.69,11.8,80.0,42.2,6.2,7585.0,36.6,4.92,4.96,8.2,1.19,1.18,3.02,4.73,1.2,0.83,21.0,29.0,70.3,26.7,84.3,26.0,26.9,6.5,0.0,0.0,0.0,1.7,0.4,Stable,Body composition,Recovery / activity,"Prioritize resistance exercise, adequate protein/nutrition and reduction of central adiposity where appropriate.","Prioritize sleep regularity, recovery and progressive daily physical activity.",Re-measure the leading domains in approximately 3 months and compare with the personal baseline.,No persistent adverse multidomain trend detected relative to the personal baseline.,
SA-014,Stable,Baseline,0,57,Male,179.6,1.34,113.1,96.6,2.58,10.8,71.0,40.4,7.0,7271.0,46.9,5.52,5.13,6.0,1.14,1.29,3.17,4.97,0.52,0.54,17.0,11.5,75.5,23.4,80.2,26.1,34.4,12.2,3.1,0.0,0.0,0.0,0.5,Stable,Functional mobility,Recovery / activity,"Maintain or progress walking, balance and strength work; reassess mobility if decline persists.","Prioritize sleep regularity, recovery and progressive daily physical activity.",Re-measure the leading domains in approximately 3 months and compare with the personal baseline.,No persistent adverse multidomain trend detected relative to the personal baseline.,
SA-014,Stable,Month 1,1,57,Male,179.6,1.34,113.1,96.6,2.58,10.8,72.0,39.9,6.97,7204.0,46.8,5.52,5.13,6.1,1.14,1.29,3.17,4.97,0.52,0.55,18.0,11.5,75.5,23.4,80.2,26.0,34.4,12.2,2.9,0.0,0.0,0.0,0.4,Stable,Functional mobility,Recovery / activity,"Maintain or progress walking, balance and strength work; reassess mobility if decline persists.","Prioritize sleep regularity, recovery and progressive daily physical activity.",Re-measure the leading domains in approximately 3 months and compare with the personal baseline.,No persistent adverse multidomain trend detected relative to the personal baseline.,
SA-014,Stable,Month 3,3,57,Male,179.6,1.34,113.4,96.8,2.55,10.7,71.0,40.4,7.0,7272.0,46.9,5.54,5.15,6.2,1.17,1.28,3.19,5.0,0.53,0.58,18.0,11.5,75.5,23.4,80.2,26.1,34.4,12.2,0.0,0.0,2.0,0.0,0.6,Stable,Metabolic trend,Recovery / activity,Review nutrition and activity habits; confirm persistent abnormal laboratory values with an appropriate clinician.,"Prioritize sleep regularity, recovery and progressive daily physical activity.",Re-measure the leading domains in approximately 3 months and compare with the personal baseline.,No persistent adverse multidomain trend detected relative to the personal baseline.,
SA-014,Stable,Month 6,6,57,Male,179.6,1.35,113.5,96.9,2.53,10.7,72.0,39.3,6.94,7121.0,46.6,5.54,5.15,6.2,1.17,1.28,3.19,5.0,0.53,0.59,18.0,11.4,75.6,23.4,80.5,26.2,34.4,12.3,0.0,2.7,2.5,0.0,1.6,Stable,Recovery / activity,Metabolic trend,"Prioritize sleep regularity, recovery and progressive daily physical activity.",Review nutrition and activity habits; confirm persistent abnormal laboratory values with an appropriate clinician.,Re-measure the leading domains in approximately 3 months and compare with the personal baseline.,No persistent adverse multidomain trend detected relative to the personal baseline.,
SA-014,Stable,Month 9,9,57,Male,179.6,1.35,113.6,97.0,2.52,10.7,72.0,39.8,6.96,7182.0,46.7,5.49,5.11,5.9,1.1,1.3,3.14,4.93,0.51,0.48,17.0,11.4,75.6,23.4,80.4,26.1,34.4,12.3,0.0,0.0,0.0,0.0,0.0,Stable,Recovery / activity,Metabolic trend,"Prioritize sleep regularity, recovery and progressive daily physical activity.",Review nutrition and activity habits; confirm persistent abnormal laboratory values with an appropriate clinician.,Re-measure the leading domains in approximately 3 months and compare with the personal baseline.,No persistent adverse multidomain trend detected relative to the personal baseline.,
SA-014,Stable,Month 12,12,57,Male,179.6,1.34,113.3,96.8,2.55,10.7,72.0,39.3,6.93,7118.0,46.6,5.5,5.11,5.9,1.11,1.3,3.14,4.94,0.51,0.49,17.0,11.4,75.5,23.4,80.4,26.1,34.4,12.2,0.0,2.9,0.0,0.0,0.9,Stable,Recovery / activity,Metabolic trend,"Prioritize sleep regularity, recovery and progressive daily physical activity.",Review nutrition and activity habits; confirm persistent abnormal laboratory values with an appropriate clinician.,Re-measure the leading domains in approximately 3 months and compare with the personal baseline.,No persistent adverse multidomain trend detected relative to the personal baseline.,
SA-015,Stable,Baseline,0,57,Female,156.0,1.19,113.9,97.2,2.46,9.7,65.0,48.5,7.66,9194.0,28.5,4.21,5.49,9.6,0.73,1.09,2.7,4.11,1.03,1.78,27.0,27.1,61.7,25.3,93.7,30.4,28.1,5.2,0.0,0.0,0.0,0.0,0.0,Stable,Body composition,Recovery / activity,"Prioritize resistance exercise, adequate protein/nutrition and reduction of central adiposity where appropriate.","Prioritize sleep regularity, recovery and progressive daily physical activity.",Re-measure the leading domains in approximately 3 months and compare with the personal baseline.,No persistent adverse multidomain trend detected relative to the personal baseline.,
SA-015,Stable,Month 1,1,57,Female,156.0,1.19,113.9,97.2,2.47,9.7,66.0,46.6,7.55,8920.0,27.9,4.24,5.52,9.8,0.79,1.07,2.74,4.17,1.04,1.86,27.0,26.8,61.9,25.4,94.1,30.7,28.0,5.3,0.0,8.6,4.0,6.2,5.3,Stable,Recovery / activity,Body composition,"Prioritize sleep regularity, recovery and progressive daily physical activity.","Prioritize resistance exercise, adequate protein/nutrition and reduction of central adiposity where appropriate.",Re-measure the leading domains in approximately 3 months and compare with the personal baseline.,No persistent adverse multidomain trend detected relative to the personal baseline.,
SA-015,Stable,Month 3,3,57,Female,156.0,1.18,113.5,96.9,2.51,9.9,65.0,47.4,7.59,9031.0,28.1,4.23,5.51,9.7,0.76,1.08,2.72,4.14,1.03,1.82,27.0,26.9,61.8,25.4,93.8,30.5,28.0,5.3,3.5,3.6,1.5,2.2,2.6,Stable,Recovery / activity,Functional mobility,"Prioritize sleep regularity, recovery and progressive daily physical activity.","Maintain or progress walking, balance and strength work; reassess mobility if decline persists.",Re-measure the leading domains in approximately 3 months and compare with the personal baseline.,No persistent adverse multidomain trend detected relative to the personal baseline.,
SA-015,Stable,Month 6,6,57,Female,156.0,1.19,113.6,97.0,2.49,9.8,65.0,47.5,7.6,9051.0,28.1,4.23,5.51,9.7,0.77,1.08,2.72,4.15,1.04,1.83,27.0,27.0,61.8,25.4,93.9,30.5,28.0,5.3,1.0,2.7,2.2,2.6,2.3,Stable,Recovery / activity,Body composition,"Prioritize sleep regularity, recovery and progressive daily physical activity.","Prioritize resistance exercise, adequate protein/nutrition and reduction of central adiposity where appropriate.",Re-measure the leading domains in approximately 3 months and compare with the personal baseline.,No persistent adverse multidomain trend detected relative to the personal baseline.,
SA-015,Stable,Month 9,9,57,Female,156.0,1.19,113.9,97.2,2.46,9.7,64.0,49.0,7.7,9276.0,28.7,4.2,5.49,9.5,0.72,1.09,2.69,4.1,1.02,1.76,26.0,27.2,61.7,25.3,93.7,30.4,28.1,5.2,0.0,0.0,0.0,0.3,0.1,Stable,Body composition,Recovery / activity,"Prioritize resistance exercise, adequate protein/nutrition and reduction of central adiposity where appropriate.","Prioritize sleep regularity, recovery and progressive daily physical activity.",Re-measure the leading domains in approximately 3 months and compare with the personal baseline.,No persistent adverse multidomain trend detected relative to the personal baseline.,
SA-015,Stable,Month 12,12,57,Female,156.0,1.19,113.6,97.0,2.49,9.8,65.0,46.8,7.56,8954.0,27.9,4.25,5.53,9.8,0.79,1.07,2.75,4.18,1.04,1.88,27.0,26.8,61.9,25.4,94.1,30.7,28.0,5.3,0.7,7.1,4.8,6.1,5.2,Stable,Recovery / activity,Body composition,"Prioritize sleep regularity, recovery and progressive daily physical activity.","Prioritize resistance exercise, adequate protein/nutrition and reduction of central adiposity where appropriate.",Re-measure the leading domains in approximately 3 months and compare with the personal baseline.,No persistent adverse multidomain trend detected relative to the personal baseline.,
SA-016,Stable,Baseline,0,45,Male,178.1,1.29,110.5,99.5,2.58,10.0,64.0,47.1,7.12,6355.0,41.3,4.75,4.94,8.2,1.18,0.9,2.59,4.02,1.04,1.31,30.0,30.4,83.7,26.4,82.0,23.8,33.3,4.8,1.1,0.0,1.2,0.0,0.5,Stable,Metabolic trend,Functional mobility,Review nutrition and activity habits; confirm persistent abnormal laboratory values with an appropriate clinician.,"Maintain or progress walking, balance and strength work; reassess mobility if decline persists.",Re-measure the leading domains in approximately 3 months and compare with the personal baseline.,No persistent adverse multidomain trend detected relative to the personal baseline.,
SA-016,Stable,Month 1,1,45,Male,178.1,1.3,110.7,99.7,2.55,9.9,65.0,45.7,7.04,6157.0,40.8,4.74,4.93,8.1,1.16,0.9,2.58,4.01,1.04,1.28,30.0,30.2,83.9,26.5,82.5,24.1,33.2,5.0,0.0,5.4,0.0,3.8,2.6,Stable,Recovery / activity,Body composition,"Prioritize sleep regularity, recovery and progressive daily physical activity.","Prioritize resistance exercise, adequate protein/nutrition and reduction of central adiposity where appropriate.",Re-measure the leading domains in approximately 3 months and compare with the personal baseline.,No persistent adverse multidomain trend detected relative to the personal baseline.,
SA-016,Stable,Month 3,3,45,Male,178.1,1.3,110.6,99.6,2.56,10.0,65.0,46.7,7.1,6306.0,41.2,4.73,4.93,8.1,1.16,0.91,2.58,4.0,1.04,1.28,30.0,30.3,83.8,26.4,82.3,24.0,33.2,4.9,0.0,0.0,0.0,0.8,0.2,Stable,Body composition,Recovery / activity,"Prioritize resistance exercise, adequate protein/nutrition and reduction of central adiposity where appropriate.","Prioritize sleep regularity, recovery and progressive daily physical activity.",Re-measure the leading domains in approximately 3 months and compare with the personal baseline.,No persistent adverse multidomain trend detected relative to the personal baseline.,
SA-016,Stable,Month 6,6,45,Male,178.1,1.29,110.5,99.5,2.58,10.0,65.0,46.4,7.08,6253.0,41.0,4.72,4.92,8.0,1.14,0.91,2.56,3.99,1.03,1.25,30.0,30.3,83.8,26.4,82.1,23.9,33.3,4.9,0.9,1.1,0.0,0.0,0.4,Stable,Recovery / activity,Functional mobility,"Prioritize sleep regularity, recovery and progressive daily physical activity.","Maintain or progress walking, balance and strength work; reassess mobility if decline persists.",Re-measure the leading domains in approximately 3 months and compare with the personal baseline.,No persistent adverse multidomain trend detected relative to the personal baseline.,
SA-016,Stable,Month 9,9,45,Male,178.1,1.3,110.7,99.7,2.55,9.9,65.0,46.8,7.1,6314.0,41.2,4.75,4.94,8.2,1.18,0.9,2.59,4.02,1.04,1.3,30.0,30.4,83.9,26.4,82.3,24.0,33.2,4.9,0.0,0.0,1.0,0.9,0.5,Stable,Metabolic trend,Body composition,Review nutrition and activity habits; confirm persistent abnormal laboratory values with an appropriate clinician.,"Prioritize resistance exercise, adequate protein/nutrition and reduction of central adiposity where appropriate.",Re-measure the leading domains in approximately 3 months and compare with the personal baseline.,No persistent adverse multidomain trend detected relative to the personal baseline.,
SA-016,Stable,Month 12,12,45,Male,178.1,1.31,110.9,99.8,2.53,9.9,65.0,46.8,7.11,6321.0,41.2,4.71,4.91,7.9,1.12,0.92,2.55,3.97,1.03,1.22,30.0,30.4,84.0,26.5,82.6,24.2,33.2,5.0,0.0,0.0,0.0,5.0,1.3,Stable,Body composition,Recovery / activity,"Prioritize resistance exercise, adequate protein/nutrition and reduction of central adiposity where appropriate.","Prioritize sleep regularity, recovery and progressive daily physical activity.",Re-measure the leading domains in approximately 3 months and compare with the personal baseline.,No persistent adverse multidomain trend detected relative to the personal baseline.,
SA-017,Stable,Baseline,0,58,Male,178.2,1.19,108.7,95.9,2.13,9.6,73.0,67.5,6.98,10673.0,42.0,5.62,5.23,7.3,1.17,2.14,3.13,5.8,0.77,1.25,21.0,26.0,80.9,25.5,100.7,10.0,34.6,10.6,0.0,3.8,1.0,0.1,1.5,Stable,Recovery / activity,Metabolic trend,"Prioritize sleep regularity, recovery and progressive daily physical activity.",Review nutrition and activity habits; confirm persistent abnormal laboratory values with an appropriate clinician.,Re-measure the leading domains in approximately 3 months and compare with the personal baseline.,No persistent adverse multidomain trend detected relative to the personal baseline.,
SA-017,Stable,Month 1,1,58,Male,178.2,1.18,108.6,95.9,2.14,9.7,73.0,67.8,7.0,10726.0,42.1,5.56,5.19,7.0,1.09,2.17,3.06,5.71,0.75,1.12,20.0,26.0,81.0,25.5,100.8,10.0,34.6,10.7,1.9,1.4,0.0,1.5,1.1,Stable,Functional mobility,Body composition,"Maintain or progress walking, balance and strength work; reassess mobility if decline persists.","Prioritize resistance exercise, adequate protein/nutrition and reduction of central adiposity where appropriate.",Re-measure the leading domains in approximately 3 months and compare with the personal baseline.,No persistent adverse multidomain trend detected relative to the personal baseline.,
SA-017,Stable,Month 3,3,58,Male,178.2,1.19,108.7,95.9,2.13,9.6,73.0,68.7,7.05,10849.0,42.4,5.61,5.23,7.3,1.16,2.15,3.12,5.78,0.77,1.23,20.0,26.2,80.8,25.4,100.4,10.0,34.6,10.5,0.2,0.0,0.0,0.0,0.0,Stable,Functional mobility,Recovery / activity,"Maintain or progress walking, balance and strength work; reassess mobility if decline persists.","Prioritize sleep regularity, recovery and progressive daily physical activity.",Re-measure the leading domains in approximately 3 months and compare with the personal baseline.,No persistent adverse multidomain trend detected relative to the personal baseline.,
SA-017,Stable,Month 6,6,58,Male,178.2,1.19,108.8,96.0,2.12,9.6,73.0,68.5,7.04,10822.0,42.4,5.58,5.2,7.1,1.11,2.16,3.08,5.73,0.75,1.16,20.0,26.2,81.0,25.5,100.9,10.0,34.6,10.7,0.0,0.0,0.0,2.9,0.7,Stable,Body composition,Recovery / activity,"Prioritize resistance exercise, adequate protein/nutrition and reduction of central adiposity where appropriate.","Prioritize sleep regularity, recovery and progressive daily physical activity.",Re-measure the leading domains in approximately 3 months and compare with the personal baseline.,No persistent adverse multidomain trend detected relative to the personal baseline.,
SA-017,Stable,Month 9,9,58,Male,178.2,1.19,108.9,96.1,2.1,9.5,73.0,68.4,7.04,10812.0,42.3,5.62,5.23,7.3,1.17,2.14,3.13,5.8,0.77,1.25,21.0,26.1,80.9,25.5,100.7,10.0,34.6,10.6,0.0,0.0,1.0,0.0,0.3,Stable,Metabolic trend,Recovery / activity,Review nutrition and activity habits; confirm persistent abnormal laboratory values with an appropriate clinician.,"Prioritize sleep regularity, recovery and progressive daily physical activity.",Re-measure the leading domains in approximately 3 months and compare with the personal baseline.,No persistent adverse multidomain trend detected relative to the personal baseline.,
SA-017,Stable,Month 12,12,58,Male,178.2,1.2,109.1,96.2,2.08,9.5,73.0,67.6,6.99,10690.0,42.1,5.56,5.19,7.0,1.09,2.17,3.06,5.71,0.75,1.12,20.0,26.0,80.9,25.5,100.7,10.0,34.6,10.6,0.0,3.0,0.0,0.2,1.0,Stable,Recovery / activity,Body composition,"Prioritize sleep regularity, recovery and progressive daily physical activity.","Prioritize resistance exercise, adequate protein/nutrition and reduction of central adiposity where appropriate.",Re-measure the leading domains in approximately 3 months and compare with the personal baseline.,No persistent adverse multidomain trend detected relative to the personal baseline.,
SA-018,Stable,Baseline,0,66,Female,163.7,1.18,104.5,97.4,2.66,9.5,46.0,24.6,6.68,6916.0,35.2,5.07,5.21,9.7,0.92,1.31,2.98,4.71,0.65,1.08,24.0,28.6,69.0,25.8,81.6,30.0,28.8,5.2,0.0,6.7,7.2,0.0,4.2,Stable,Metabolic trend,Recovery / activity,Review nutrition and activity habits; confirm persistent abnormal laboratory values with an appropriate clinician.,"Prioritize sleep regularity, recovery and progressive daily physical activity.",Re-measure the leading domains in approximately 3 months and compare with the personal baseline.,No persistent adverse multidomain trend detected relative to the personal baseline.,
SA-018,Stable,Month 1,1,66,Female,163.7,1.19,104.6,97.5,2.64,9.4,45.0,26.4,6.79,7182.0,35.8,4.98,5.15,9.1,0.81,1.35,2.88,4.59,0.62,0.89,23.0,29.0,69.1,25.8,81.8,30.1,28.8,5.3,0.0,0.0,0.0,0.2,0.1,Stable,Body composition,Recovery / activity,"Prioritize resistance exercise, adequate protein/nutrition and reduction of central adiposity where appropriate.","Prioritize sleep regularity, recovery and progressive daily physical activity.",Re-measure the leading domains in approximately 3 months and compare with the personal baseline.,No persistent adverse multidomain trend detected relative to the personal baseline.,
SA-018,Stable,Month 3,3,66,Female,163.7,1.18,104.3,97.3,2.68,9.5,46.0,25.3,6.73,7026.0,35.5,5.0,5.16,9.2,0.82,1.34,2.89,4.61,0.63,0.92,24.0,28.8,69.1,25.8,81.9,30.2,28.8,5.3,2.8,1.7,0.0,1.9,1.4,Stable,Functional mobility,Body composition,"Maintain or progress walking, balance and strength work; reassess mobility if decline persists.","Prioritize resistance exercise, adequate protein/nutrition and reduction of central adiposity where appropriate.",Re-measure the leading domains in approximately 3 months and compare with the personal baseline.,No persistent adverse multidomain trend detected relative to the personal baseline.,
SA-018,Stable,Month 6,6,66,Female,163.7,1.18,104.2,97.2,2.69,9.6,46.0,24.8,6.7,6956.0,35.3,5.03,5.18,9.4,0.87,1.33,2.93,4.65,0.64,0.99,24.0,28.7,69.2,25.8,82.1,30.3,28.7,5.4,3.8,4.9,1.9,5.0,3.8,Stable,Body composition,Recovery / activity,"Prioritize resistance exercise, adequate protein/nutrition and reduction of central adiposity where appropriate.","Prioritize sleep regularity, recovery and progressive daily physical activity.",Re-measure the leading domains in approximately 3 months and compare with the personal baseline.,No persistent adverse multidomain trend detected relative to the personal baseline.,
SA-018,Stable,Month 9,9,66,Female,163.7,1.18,104.4,97.4,2.66,9.5,45.0,26.7,6.82,7238.0,35.9,4.99,5.15,9.2,0.81,1.34,2.89,4.6,0.63,0.9,24.0,29.0,69.0,25.8,81.7,30.1,28.8,5.3,0.3,0.0,0.0,0.0,0.1,Stable,Functional mobility,Recovery / activity,"Maintain or progress walking, balance and strength work; reassess mobility if decline persists.","Prioritize sleep regularity, recovery and progressive daily physical activity.",Re-measure the leading domains in approximately 3 months and compare with the personal baseline.,No persistent adverse multidomain trend detected relative to the personal baseline.,
SA-018,Stable,Month 12,12,66,Female,163.7,1.18,104.5,97.4,2.66,9.5,45.0,25.9,6.76,7117.0,35.7,5.07,5.21,9.6,0.92,1.31,2.97,4.7,0.65,1.07,24.0,28.9,69.1,25.8,81.7,30.1,28.8,5.3,0.0,0.0,6.6,0.0,2.0,Stable,Metabolic trend,Recovery / activity,Review nutrition and activity habits; confirm persistent abnormal laboratory values with an appropriate clinician.,"Prioritize sleep regularity, recovery and progressive daily physical activity.",Re-measure the leading domains in approximately 3 months and compare with the personal baseline.,No persistent adverse multidomain trend detected relative to the personal baseline.,
SA-019,Stable,Baseline,0,64,Male,178.5,1.36,104.1,96.9,2.59,11.0,65.0,55.8,7.42,9573.0,43.4,4.94,5.38,2.0,1.25,0.65,1.77,2.8,0.97,1.13,15.0,24.2,82.0,25.7,94.5,27.8,39.6,8.1,0.0,5.8,7.9,0.0,4.1,Stable,Metabolic trend,Recovery / activity,Review nutrition and activity habits; confirm persistent abnormal laboratory values with an appropriate clinician.,"Prioritize sleep regularity, recovery and progressive daily physical activity.",Re-measure the leading domains in approximately 3 months and compare with the personal baseline.,No persistent adverse multidomain trend detected relative to the personal baseline.,
SA-019,Stable,Month 1,1,64,Male,178.5,1.36,104.3,97.0,2.56,11.0,65.0,56.4,7.45,9663.0,43.7,4.88,5.34,2.0,1.17,0.65,1.71,2.8,0.95,1.0,15.0,24.3,82.2,25.8,95.0,28.1,39.5,8.2,0.0,1.7,0.5,5.7,2.1,Stable,Body composition,Recovery / activity,"Prioritize resistance exercise, adequate protein/nutrition and reduction of central adiposity where appropriate.","Prioritize sleep regularity, recovery and progressive daily physical activity.",Re-measure the leading domains in approximately 3 months and compare with the personal baseline.,No persistent adverse multidomain trend detected relative to the personal baseline.,
SA-019,Stable,Month 3,3,64,Male,178.5,1.36,104.1,96.9,2.58,11.0,64.0,56.7,7.47,9711.0,43.8,4.84,5.31,2.0,1.11,0.65,1.66,2.8,0.94,0.91,15.0,24.3,82.1,25.8,94.6,27.8,39.6,8.1,0.0,0.0,0.0,0.0,0.0,Stable,Recovery / activity,Metabolic trend,"Prioritize sleep regularity, recovery and progressive daily physical activity.",Review nutrition and activity habits; confirm persistent abnormal laboratory values with an appropriate clinician.,Re-measure the leading domains in approximately 3 months and compare with the personal baseline.,No persistent adverse multidomain trend detected relative to the personal baseline.,
SA-019,Stable,Month 6,6,64,Male,178.5,1.36,104.1,96.9,2.58,11.0,64.0,57.1,7.5,9769.0,43.9,4.88,5.33,2.0,1.17,0.65,1.7,2.8,0.95,0.99,15.0,24.4,82.2,25.8,94.8,28.0,39.6,8.2,0.0,0.0,0.1,3.2,0.8,Stable,Body composition,Metabolic trend,"Prioritize resistance exercise, adequate protein/nutrition and reduction of central adiposity where appropriate.",Review nutrition and activity habits; confirm persistent abnormal laboratory values with an appropriate clinician.,Re-measure the leading domains in approximately 3 months and compare with the personal baseline.,No persistent adverse multidomain trend detected relative to the personal baseline.,
SA-019,Stable,Month 9,9,64,Male,178.5,1.36,104.3,97.0,2.56,11.0,64.0,56.7,7.47,9710.0,43.8,4.89,5.35,2.0,1.19,0.65,1.72,2.8,0.96,1.03,15.0,24.3,82.1,25.8,94.6,27.9,39.6,8.1,0.0,0.0,2.2,0.8,0.8,Stable,Metabolic trend,Body composition,Review nutrition and activity habits; confirm persistent abnormal laboratory values with an appropriate clinician.,"Prioritize resistance exercise, adequate protein/nutrition and reduction of central adiposity where appropriate.",Re-measure the leading domains in approximately 3 months and compare with the personal baseline.,No persistent adverse multidomain trend detected relative to the personal baseline.,
SA-019,Stable,Month 12,12,64,Male,178.5,1.37,104.3,97.1,2.55,10.9,64.0,57.3,7.51,9797.0,44.0,4.86,5.33,2.0,1.15,0.65,1.69,2.8,0.95,0.97,15.0,24.4,82.2,25.8,94.9,28.0,39.5,8.2,0.0,0.0,0.0,3.9,1.0,Stable,Body composition,Recovery / activity,"Prioritize resistance exercise, adequate protein/nutrition and reduction of central adiposity where appropriate.","Prioritize sleep regularity, recovery and progressive daily physical activity.",Re-measure the leading domains in approximately 3 months and compare with the personal baseline.,No persistent adverse multidomain trend detected relative to the personal baseline.,
SA-020,Stable,Baseline,0,51,Female,167.8,1.16,112.9,96.5,2.24,11.1,74.0,67.1,7.9,7673.0,40.0,5.29,5.3,7.4,1.33,1.53,2.27,4.4,0.82,1.11,23.0,32.6,56.2,20.0,83.7,32.6,26.5,8.7,1.1,2.8,2.6,0.0,1.8,Stable,Recovery / activity,Metabolic trend,"Prioritize sleep regularity, recovery and progressive daily physical activity.",Review nutrition and activity habits; confirm persistent abnormal laboratory values with an appropriate clinician.,Re-measure the leading domains in approximately 3 months and compare with the personal baseline.,No persistent adverse multidomain trend detected relative to the personal baseline.,
SA-020,Stable,Month 1,1,51,Female,167.8,1.17,113.3,96.8,2.19,10.9,73.0,68.3,7.97,7850.0,40.4,5.25,5.27,7.2,1.28,1.54,2.23,4.35,0.81,1.03,23.0,32.9,56.4,20.0,84.2,32.9,26.4,8.9,0.0,0.0,0.0,5.0,1.3,Stable,Body composition,Recovery / activity,"Prioritize resistance exercise, adequate protein/nutrition and reduction of central adiposity where appropriate.","Prioritize sleep regularity, recovery and progressive daily physical activity.",Re-measure the leading domains in approximately 3 months and compare with the personal baseline.,No persistent adverse multidomain trend detected relative to the personal baseline.,
SA-020,Stable,Month 3,3,51,Female,167.8,1.16,113.0,96.6,2.22,11.0,73.0,68.2,7.96,7833.0,40.3,5.27,5.28,7.3,1.3,1.53,2.25,4.37,0.81,1.07,23.0,32.8,56.1,19.9,83.6,32.5,26.5,8.7,0.0,0.0,0.2,0.0,0.1,Stable,Metabolic trend,Recovery / activity,Review nutrition and activity habits; confirm persistent abnormal laboratory values with an appropriate clinician.,"Prioritize sleep regularity, recovery and progressive daily physical activity.",Re-measure the leading domains in approximately 3 months and compare with the personal baseline.,No persistent adverse multidomain trend detected relative to the personal baseline.,
SA-020,Stable,Month 6,6,51,Female,167.8,1.16,112.9,96.5,2.24,11.1,73.0,67.7,7.94,7767.0,40.2,5.28,5.29,7.3,1.31,1.53,2.26,4.38,0.82,1.08,23.0,32.8,56.3,20.0,84.0,32.8,26.5,8.8,0.9,0.0,1.2,2.2,1.0,Stable,Body composition,Metabolic trend,"Prioritize resistance exercise, adequate protein/nutrition and reduction of central adiposity where appropriate.",Review nutrition and activity habits; confirm persistent abnormal laboratory values with an appropriate clinician.,Re-measure the leading domains in approximately 3 months and compare with the personal baseline.,No persistent adverse multidomain trend detected relative to the personal baseline.,
SA-020,Stable,Month 9,9,51,Female,167.8,1.16,113.1,96.6,2.22,11.0,73.0,67.3,7.91,7697.0,40.0,5.21,5.24,6.9,1.22,1.56,2.19,4.29,0.79,0.94,22.0,32.7,56.3,20.0,84.0,32.8,26.5,8.8,0.0,1.7,0.0,2.2,1.1,Stable,Body composition,Recovery / activity,"Prioritize resistance exercise, adequate protein/nutrition and reduction of central adiposity where appropriate.","Prioritize sleep regularity, recovery and progressive daily physical activity.",Re-measure the leading domains in approximately 3 months and compare with the personal baseline.,No persistent adverse multidomain trend detected relative to the personal baseline.,
SA-020,Stable,Month 12,12,51,Female,167.8,1.15,112.8,96.4,2.25,11.1,73.0,68.9,8.01,7938.0,40.6,5.27,5.28,7.3,1.3,1.54,2.25,4.37,0.81,1.06,23.0,33.0,56.2,20.0,83.8,32.7,26.5,8.8,2.9,0.0,0.0,0.1,0.5,Stable,Functional mobility,Body composition,"Maintain or progress walking, balance and strength work; reassess mobility if decline persists.","Prioritize resistance exercise, adequate protein/nutrition and reduction of central adiposity where appropriate.",Re-measure the leading domains in approximately 3 months and compare with the personal baseline.,No persistent adverse multidomain trend detected relative to the personal baseline.,
SA-021,Stable,Baseline,0,54,Male,175.0,1.37,114.8,95.5,2.63,10.9,64.0,36.8,6.72,7082.0,45.2,4.66,5.36,4.2,0.98,1.38,3.99,5.81,0.66,1.54,24.0,33.3,86.4,28.2,86.9,22.1,36.9,6.4,4.1,0.5,0.0,1.6,1.1,Stable,Functional mobility,Body composition,"Maintain or progress walking, balance and strength work; reassess mobility if decline persists.","Prioritize resistance exercise, adequate protein/nutrition and reduction of central adiposity where appropriate.",Re-measure the leading domains in approximately 3 months and compare with the personal baseline.,No persistent adverse multidomain trend detected relative to the personal baseline.,
SA-021,Stable,Month 1,1,54,Male,175.0,1.38,115.1,95.7,2.59,10.8,64.0,37.1,6.75,7136.0,45.4,4.65,5.35,4.2,0.96,1.38,3.98,5.79,0.65,1.51,24.0,33.3,86.5,28.2,87.1,22.2,36.9,6.5,0.0,0.0,0.0,4.0,1.0,Stable,Body composition,Recovery / activity,"Prioritize resistance exercise, adequate protein/nutrition and reduction of central adiposity where appropriate.","Prioritize sleep regularity, recovery and progressive daily physical activity.",Re-measure the leading domains in approximately 3 months and compare with the personal baseline.,No persistent adverse multidomain trend detected relative to the personal baseline.,
SA-021,Stable,Month 3,3,54,Male,175.0,1.38,115.1,95.7,2.59,10.8,63.0,37.5,6.77,7193.0,45.5,4.71,5.39,4.5,1.04,1.36,4.04,5.87,0.67,1.64,24.0,33.4,86.4,28.2,86.9,22.1,36.9,6.4,0.0,0.0,5.1,1.6,1.9,Stable,Metabolic trend,Body composition,Review nutrition and activity habits; confirm persistent abnormal laboratory values with an appropriate clinician.,"Prioritize resistance exercise, adequate protein/nutrition and reduction of central adiposity where appropriate.",Re-measure the leading domains in approximately 3 months and compare with the personal baseline.,No persistent adverse multidomain trend detected relative to the personal baseline.,
SA-021,Stable,Month 6,6,54,Male,175.0,1.39,115.4,95.9,2.56,10.7,64.0,37.0,6.74,7112.0,45.3,4.66,5.35,4.2,0.98,1.38,3.99,5.81,0.66,1.54,24.0,33.3,86.2,28.2,86.5,21.8,37.0,6.3,0.0,0.0,0.0,0.0,0.0,Stable,Recovery / activity,Metabolic trend,"Prioritize sleep regularity, recovery and progressive daily physical activity.",Review nutrition and activity habits; confirm persistent abnormal laboratory values with an appropriate clinician.,Re-measure the leading domains in approximately 3 months and compare with the personal baseline.,No persistent adverse multidomain trend detected relative to the personal baseline.,
SA-021,Stable,Month 9,9,54,Male,175.0,1.37,114.6,95.3,2.66,11.0,63.0,37.4,6.76,7178.0,45.4,4.7,5.39,4.5,1.04,1.36,4.03,5.87,0.67,1.63,24.0,33.4,86.4,28.2,86.8,22.0,36.9,6.4,7.9,0.0,4.6,0.8,2.8,Stable,Functional mobility,Metabolic trend,"Maintain or progress walking, balance and strength work; reassess mobility if decline persists.",Review nutrition and activity habits; confirm persistent abnormal laboratory values with an appropriate clinician.,Re-measure the leading domains in approximately 3 months and compare with the personal baseline.,No persistent adverse multidomain trend detected relative to the personal baseline.,
SA-021,Stable,Month 12,12,54,Male,175.0,1.38,115.1,95.7,2.59,10.8,64.0,37.2,6.75,7148.0,45.4,4.67,5.36,4.3,1.0,1.37,4.0,5.83,0.66,1.57,24.0,33.4,86.5,28.3,87.1,22.2,36.9,6.5,0.0,0.0,0.9,5.0,1.5,Stable,Body composition,Metabolic trend,"Prioritize resistance exercise, adequate protein/nutrition and reduction of central adiposity where appropriate.",Review nutrition and activity habits; confirm persistent abnormal laboratory values with an appropriate clinician.,Re-measure the leading domains in approximately 3 months and compare with the personal baseline.,No persistent adverse multidomain trend detected relative to the personal baseline.,
SA-022,Stable,Baseline,0,50,Male,178.4,1.28,107.6,97.2,2.52,10.1,59.0,60.2,8.04,8564.0,47.7,5.43,5.53,8.3,1.22,1.48,2.04,4.07,0.99,0.42,17.0,40.3,83.2,26.1,88.1,15.2,26.8,8.9,0.0,3.5,0.0,5.2,2.4,Stable,Body composition,Recovery / activity,"Prioritize resistance exercise, adequate protein/nutrition and reduction of central adiposity where appropriate.","Prioritize sleep regularity, recovery and progressive daily physical activity.",Re-measure the leading domains in approximately 3 months and compare with the personal baseline.,No persistent adverse multidomain trend detected relative to the personal baseline.,
SA-022,Stable,Month 1,1,50,Male,178.4,1.27,107.2,96.9,2.57,10.3,58.0,60.9,8.08,8664.0,47.9,5.44,5.53,8.4,1.23,1.48,2.05,4.08,0.99,0.44,17.0,40.5,83.0,26.1,87.8,15.0,26.8,8.8,3.2,0.0,0.3,0.4,0.6,Stable,Functional mobility,Body composition,"Maintain or progress walking, balance and strength work; reassess mobility if decline persists.","Prioritize resistance exercise, adequate protein/nutrition and reduction of central adiposity where appropriate.",Re-measure the leading domains in approximately 3 months and compare with the personal baseline.,No persistent adverse multidomain trend detected relative to the personal baseline.,
SA-022,Stable,Month 3,3,50,Male,178.4,1.27,107.3,97.0,2.56,10.2,58.0,60.9,8.08,8675.0,47.9,5.41,5.51,8.2,1.19,1.49,2.02,4.04,0.98,0.38,17.0,40.5,83.0,26.1,87.8,15.1,26.8,8.8,1.3,0.0,0.0,1.2,0.5,Stable,Functional mobility,Body composition,"Maintain or progress walking, balance and strength work; reassess mobility if decline persists.","Prioritize resistance exercise, adequate protein/nutrition and reduction of central adiposity where appropriate.",Re-measure the leading domains in approximately 3 months and compare with the personal baseline.,No persistent adverse multidomain trend detected relative to the personal baseline.,
SA-022,Stable,Month 6,6,50,Male,178.4,1.27,107.5,97.0,2.54,10.2,58.0,60.7,8.07,8642.0,47.8,5.43,5.53,8.3,1.22,1.48,2.04,4.07,0.99,0.42,17.0,40.4,82.9,26.1,87.5,14.9,26.9,8.8,0.0,0.0,0.0,0.0,0.0,Stable,Recovery / activity,Metabolic trend,"Prioritize sleep regularity, recovery and progressive daily physical activity.",Review nutrition and activity habits; confirm persistent abnormal laboratory values with an appropriate clinician.,Re-measure the leading domains in approximately 3 months and compare with the personal baseline.,No persistent adverse multidomain trend detected relative to the personal baseline.,
SA-022,Stable,Month 9,9,50,Male,178.4,1.27,107.5,97.0,2.54,10.2,58.0,60.9,8.08,8667.0,47.9,5.43,5.53,8.3,1.23,1.48,2.04,4.08,0.99,0.43,17.0,40.5,83.2,26.1,88.2,15.3,26.8,8.9,0.0,0.0,0.0,6.2,1.5,Stable,Body composition,Recovery / activity,"Prioritize resistance exercise, adequate protein/nutrition and reduction of central adiposity where appropriate.","Prioritize sleep regularity, recovery and progressive daily physical activity.",Re-measure the leading domains in approximately 3 months and compare with the personal baseline.,No persistent adverse multidomain trend detected relative to the personal baseline.,
SA-022,Stable,Month 12,12,50,Male,178.4,1.28,107.5,97.1,2.53,10.2,58.0,62.0,8.15,8837.0,48.3,5.43,5.53,8.3,1.22,1.48,2.04,4.07,0.99,0.42,17.0,40.7,82.9,26.1,87.5,14.9,26.9,8.7,0.0,0.0,0.0,0.0,0.0,Stable,Recovery / activity,Metabolic trend,"Prioritize sleep regularity, recovery and progressive daily physical activity.",Review nutrition and activity habits; confirm persistent abnormal laboratory values with an appropriate clinician.,Re-measure the leading domains in approximately 3 months and compare with the personal baseline.,No persistent adverse multidomain trend detected relative to the personal baseline.,
SA-023,Stable,Baseline,0,51,Female,172.7,1.07,99.2,96.4,2.33,10.8,66.0,41.6,7.77,9479.0,39.2,5.3,5.29,5.5,1.2,1.59,2.61,4.74,1.1,0.18,13.0,20.5,70.5,23.6,82.2,28.5,25.0,10.9,0.0,0.0,0.0,0.0,0.0,Stable,Recovery / activity,Metabolic trend,"Prioritize sleep regularity, recovery and progressive daily physical activity.",Review nutrition and activity habits; confirm persistent abnormal laboratory values with an appropriate clinician.,Re-measure the leading domains in approximately 3 months and compare with the personal baseline.,No persistent adverse multidomain trend detected relative to the personal baseline.,
SA-023,Stable,Month 1,1,51,Female,172.7,1.07,99.1,96.3,2.34,10.8,66.0,41.9,7.79,9525.0,39.3,5.39,5.35,6.1,1.33,1.56,2.7,4.86,1.13,0.37,14.0,20.6,70.8,23.7,82.9,28.9,24.9,11.1,0.0,0.0,6.3,8.6,4.0,Stable,Body composition,Metabolic trend,"Prioritize resistance exercise, adequate protein/nutrition and reduction of central adiposity where appropriate.",Review nutrition and activity habits; confirm persistent abnormal laboratory values with an appropriate clinician.,Re-measure the leading domains in approximately 3 months and compare with the personal baseline.,No persistent adverse multidomain trend detected relative to the personal baseline.,
SA-023,Stable,Month 3,3,51,Female,172.7,1.07,99.0,96.3,2.35,10.8,66.0,41.6,7.77,9479.0,39.2,5.28,5.28,5.4,1.19,1.6,2.59,4.72,1.1,0.15,13.0,20.5,70.4,23.6,82.0,28.4,25.1,10.9,0.0,0.0,0.0,0.0,0.0,Stable,Recovery / activity,Metabolic trend,"Prioritize sleep regularity, recovery and progressive daily physical activity.",Review nutrition and activity habits; confirm persistent abnormal laboratory values with an appropriate clinician.,Re-measure the leading domains in approximately 3 months and compare with the personal baseline.,No persistent adverse multidomain trend detected relative to the personal baseline.,
SA-023,Stable,Month 6,6,51,Female,172.7,1.07,99.1,96.3,2.34,10.8,66.0,42.0,7.8,9538.0,39.3,5.29,5.29,5.5,1.2,1.6,2.6,4.74,1.1,0.17,13.0,20.6,70.5,23.6,82.3,28.5,25.0,10.9,0.0,0.0,0.0,0.0,0.0,Stable,Recovery / activity,Metabolic trend,"Prioritize sleep regularity, recovery and progressive daily physical activity.",Review nutrition and activity habits; confirm persistent abnormal laboratory values with an appropriate clinician.,Re-measure the leading domains in approximately 3 months and compare with the personal baseline.,No persistent adverse multidomain trend detected relative to the personal baseline.,
SA-023,Stable,Month 9,9,51,Female,172.7,1.07,99.2,96.4,2.32,10.7,66.0,41.3,7.75,9431.0,39.1,5.35,5.33,5.8,1.28,1.57,2.66,4.81,1.12,0.29,13.0,20.5,70.6,23.7,82.4,28.6,25.0,11.0,0.0,0.6,1.5,1.3,0.9,Stable,Metabolic trend,Body composition,Review nutrition and activity habits; confirm persistent abnormal laboratory values with an appropriate clinician.,"Prioritize resistance exercise, adequate protein/nutrition and reduction of central adiposity where appropriate.",Re-measure the leading domains in approximately 3 months and compare with the personal baseline.,No persistent adverse multidomain trend detected relative to the personal baseline.,
SA-023,Stable,Month 12,12,51,Female,172.7,1.07,99.0,96.2,2.35,10.8,67.0,40.9,7.73,9366.0,38.9,5.35,5.33,5.9,1.28,1.57,2.67,4.82,1.12,0.3,13.0,20.4,70.5,23.6,82.1,28.4,25.0,10.9,0.0,3.6,2.2,0.0,1.7,Stable,Recovery / activity,Metabolic trend,"Prioritize sleep regularity, recovery and progressive daily physical activity.",Review nutrition and activity habits; confirm persistent abnormal laboratory values with an appropriate clinician.,Re-measure the leading domains in approximately 3 months and compare with the personal baseline.,No persistent adverse multidomain trend detected relative to the personal baseline.,
SA-024,Stable,Baseline,0,50,Female,163.1,1.28,115.7,99.9,2.81,8.4,56.0,63.9,6.63,5933.0,35.1,5.07,5.17,5.1,0.75,1.4,2.09,3.82,1.22,0.76,29.0,26.1,73.2,27.5,86.7,28.2,31.2,9.5,0.0,0.0,0.0,0.0,0.0,Stable,Recovery / activity,Metabolic trend,"Prioritize sleep regularity, recovery and progressive daily physical activity.",Review nutrition and activity habits; confirm persistent abnormal laboratory values with an appropriate clinician.,Re-measure the leading domains in approximately 3 months and compare with the personal baseline.,No persistent adverse multidomain trend detected relative to the personal baseline.,
SA-024,Stable,Month 1,1,50,Female,163.1,1.27,115.3,99.5,2.87,8.6,56.0,65.0,6.69,6085.0,35.5,5.11,5.2,5.4,0.8,1.39,2.13,3.87,1.23,0.84,29.0,26.3,73.0,27.5,86.3,28.0,31.2,9.4,3.7,0.0,0.0,0.0,0.6,Stable,Functional mobility,Recovery / activity,"Maintain or progress walking, balance and strength work; reassess mobility if decline persists.","Prioritize sleep regularity, recovery and progressive daily physical activity.",Re-measure the leading domains in approximately 3 months and compare with the personal baseline.,No persistent adverse multidomain trend detected relative to the personal baseline.,
SA-024,Stable,Month 3,3,50,Female,163.1,1.27,115.4,99.6,2.86,8.6,57.0,63.8,6.62,5920.0,35.1,5.16,5.23,5.6,0.86,1.37,2.18,3.94,1.25,0.94,29.0,26.1,73.4,27.6,87.2,28.5,31.1,9.6,2.2,0.0,1.4,4.5,1.9,Stable,Body composition,Functional mobility,"Prioritize resistance exercise, adequate protein/nutrition and reduction of central adiposity where appropriate.","Maintain or progress walking, balance and strength work; reassess mobility if decline persists.",Re-measure the leading domains in approximately 3 months and compare with the personal baseline.,No persistent adverse multidomain trend detected relative to the personal baseline.,
SA-024,Stable,Month 6,6,50,Female,163.1,1.28,115.6,99.8,2.83,8.5,56.0,64.4,6.65,6000.0,35.3,5.17,5.24,5.7,0.88,1.36,2.19,3.95,1.25,0.96,29.0,26.2,73.3,27.6,87.0,28.4,31.1,9.6,0.0,0.0,2.6,1.8,1.2,Stable,Metabolic trend,Body composition,Review nutrition and activity habits; confirm persistent abnormal laboratory values with an appropriate clinician.,"Prioritize resistance exercise, adequate protein/nutrition and reduction of central adiposity where appropriate.",Re-measure the leading domains in approximately 3 months and compare with the personal baseline.,No persistent adverse multidomain trend detected relative to the personal baseline.,
SA-024,Stable,Month 9,9,50,Female,163.1,1.28,115.7,99.9,2.82,8.5,57.0,63.5,6.6,5864.0,35.0,5.13,5.21,5.5,0.83,1.38,2.15,3.9,1.24,0.88,29.0,26.0,73.4,27.6,87.0,28.4,31.1,9.6,0.0,2.4,0.0,2.0,1.2,Stable,Recovery / activity,Body composition,"Prioritize sleep regularity, recovery and progressive daily physical activity.","Prioritize resistance exercise, adequate protein/nutrition and reduction of central adiposity where appropriate.",Re-measure the leading domains in approximately 3 months and compare with the personal baseline.,No persistent adverse multidomain trend detected relative to the personal baseline.,
SA-024,Stable,Month 12,12,50,Female,163.1,1.28,115.6,99.8,2.82,8.5,56.0,64.6,6.66,6026.0,35.3,5.16,5.23,5.6,0.86,1.37,2.18,3.93,1.25,0.93,29.0,26.2,73.3,27.6,86.9,28.3,31.1,9.5,0.0,0.0,1.1,0.3,0.4,Stable,Metabolic trend,Body composition,Review nutrition and activity habits; confirm persistent abnormal laboratory values with an appropriate clinician.,"Prioritize resistance exercise, adequate protein/nutrition and reduction of central adiposity where appropriate.",Re-measure the leading domains in approximately 3 months and compare with the personal baseline.,No persistent adverse multidomain trend detected relative to the personal baseline.,
SA-025,Stable,Baseline,0,58,Female,168.7,1.4,111.3,96.3,1.91,9.8,52.0,57.6,8.04,6709.0,39.8,4.72,5.08,8.6,1.01,1.99,2.36,4.81,1.03,0.79,28.0,26.4,84.0,29.5,92.2,24.0,31.7,6.4,1.9,0.0,0.0,0.0,0.3,Stable,Functional mobility,Recovery / activity,"Maintain or progress walking, balance and strength work; reassess mobility if decline persists.","Prioritize sleep regularity, recovery and progressive daily physical activity.",Re-measure the leading domains in approximately 3 months and compare with the personal baseline.,No persistent adverse multidomain trend detected relative to the personal baseline.,
SA-025,Stable,Month 1,1,58,Female,168.7,1.4,111.1,96.2,1.93,9.9,52.0,57.2,8.01,6644.0,39.7,4.79,5.12,9.0,1.1,1.97,2.43,4.89,1.06,0.93,29.0,26.4,84.0,29.5,92.4,24.1,31.7,6.5,4.1,2.7,5.4,2.1,3.6,Stable,Metabolic trend,Functional mobility,Review nutrition and activity habits; confirm persistent abnormal laboratory values with an appropriate clinician.,"Maintain or progress walking, balance and strength work; reassess mobility if decline persists.",Re-measure the leading domains in approximately 3 months and compare with the personal baseline.,No persistent adverse multidomain trend detected relative to the personal baseline.,
SA-025,Stable,Month 3,3,58,Female,168.7,1.4,111.4,96.4,1.9,9.8,52.0,57.8,8.05,6740.0,39.9,4.73,5.08,8.6,1.02,1.99,2.37,4.81,1.03,0.8,28.0,26.5,84.0,29.5,92.3,24.0,31.7,6.5,0.1,0.0,0.0,1.3,0.3,Stable,Body composition,Functional mobility,"Prioritize resistance exercise, adequate protein/nutrition and reduction of central adiposity where appropriate.","Maintain or progress walking, balance and strength work; reassess mobility if decline persists.",Re-measure the leading domains in approximately 3 months and compare with the personal baseline.,No persistent adverse multidomain trend detected relative to the personal baseline.,
SA-025,Stable,Month 6,6,58,Female,168.7,1.41,111.4,96.5,1.89,9.8,52.0,58.0,8.06,6760.0,39.9,4.76,5.1,8.8,1.05,1.98,2.4,4.85,1.04,0.86,29.0,26.5,84.1,29.6,92.6,24.2,31.7,6.6,0.0,0.0,1.3,5.7,1.8,Stable,Body composition,Metabolic trend,"Prioritize resistance exercise, adequate protein/nutrition and reduction of central adiposity where appropriate.",Review nutrition and activity habits; confirm persistent abnormal laboratory values with an appropriate clinician.,Re-measure the leading domains in approximately 3 months and compare with the personal baseline.,No persistent adverse multidomain trend detected relative to the personal baseline.,
SA-025,Stable,Month 9,9,58,Female,168.7,1.4,111.3,96.3,1.92,9.8,52.0,56.9,7.99,6594.0,39.6,4.69,5.05,8.4,0.96,2.01,2.32,4.76,1.02,0.72,28.0,26.3,83.7,29.4,91.7,23.7,31.8,6.3,2.2,5.0,0.0,0.0,1.8,Stable,Recovery / activity,Functional mobility,"Prioritize sleep regularity, recovery and progressive daily physical activity.","Maintain or progress walking, balance and strength work; reassess mobility if decline persists.",Re-measure the leading domains in approximately 3 months and compare with the personal baseline.,No persistent adverse multidomain trend detected relative to the personal baseline.,
SA-025,Stable,Month 12,12,58,Female,168.7,1.4,111.4,96.4,1.9,9.8,52.0,57.6,8.03,6699.0,39.8,4.71,5.07,8.5,0.99,2.0,2.34,4.79,1.03,0.76,28.0,26.4,84.0,29.5,92.3,24.0,31.7,6.5,0.0,0.3,0.0,0.9,0.3,Stable,Body composition,Recovery / activity,"Prioritize resistance exercise, adequate protein/nutrition and reduction of central adiposity where appropriate.","Prioritize sleep regularity, recovery and progressive daily physical activity.",Re-measure the leading domains in approximately 3 months and compare with the personal baseline.,No persistent adverse multidomain trend detected relative to the personal baseline.,
SA-026,Stable,Baseline,0,48,Female,169.9,1.39,101.8,96.3,2.03,8.7,64.0,19.8,7.47,8860.0,36.1,4.14,5.01,9.8,0.35,1.46,2.01,3.58,1.01,0.61,26.0,34.3,71.5,24.8,78.4,27.0,16.5,8.0,0.0,7.7,1.3,0.0,2.7,Stable,Recovery / activity,Metabolic trend,"Prioritize sleep regularity, recovery and progressive daily physical activity.",Review nutrition and activity habits; confirm persistent abnormal laboratory values with an appropriate clinician.,Re-measure the leading domains in approximately 3 months and compare with the personal baseline.,No persistent adverse multidomain trend detected relative to the personal baseline.,
SA-026,Stable,Month 1,1,48,Female,169.9,1.38,101.6,96.1,2.06,8.8,64.0,20.2,7.49,8920.0,36.2,4.12,4.99,9.6,0.35,1.47,1.98,3.54,1.0,0.56,26.0,34.4,71.4,24.7,78.3,26.9,16.5,8.0,0.0,5.0,0.0,0.0,1.5,Stable,Recovery / activity,Metabolic trend,"Prioritize sleep regularity, recovery and progressive daily physical activity.",Review nutrition and activity habits; confirm persistent abnormal laboratory values with an appropriate clinician.,Re-measure the leading domains in approximately 3 months and compare with the personal baseline.,No persistent adverse multidomain trend detected relative to the personal baseline.,
SA-026,Stable,Month 3,3,48,Female,169.9,1.38,101.5,96.0,2.07,8.9,63.0,22.0,7.6,9176.0,36.8,4.16,5.02,9.9,0.35,1.45,2.03,3.6,1.02,0.65,26.0,34.7,71.6,24.8,78.5,27.1,16.5,8.0,0.8,0.0,3.4,0.8,1.3,Stable,Metabolic trend,Functional mobility,Review nutrition and activity habits; confirm persistent abnormal laboratory values with an appropriate clinician.,"Maintain or progress walking, balance and strength work; reassess mobility if decline persists.",Re-measure the leading domains in approximately 3 months and compare with the personal baseline.,No persistent adverse multidomain trend detected relative to the personal baseline.,
SA-026,Stable,Month 6,6,48,Female,169.9,1.39,101.9,96.3,2.02,8.7,63.0,22.0,7.6,9179.0,36.8,4.15,5.02,9.8,0.35,1.45,2.02,3.59,1.02,0.63,26.0,34.7,71.5,24.8,78.5,27.0,16.5,8.0,0.0,0.0,2.6,0.0,0.8,Stable,Metabolic trend,Recovery / activity,Review nutrition and activity habits; confirm persistent abnormal laboratory values with an appropriate clinician.,"Prioritize sleep regularity, recovery and progressive daily physical activity.",Re-measure the leading domains in approximately 3 months and compare with the personal baseline.,No persistent adverse multidomain trend detected relative to the personal baseline.,
SA-026,Stable,Month 9,9,48,Female,169.9,1.38,101.5,96.0,2.07,8.9,63.0,21.7,7.58,9131.0,36.7,4.14,5.01,9.8,0.35,1.46,2.01,3.57,1.01,0.61,26.0,34.6,71.6,24.8,78.7,27.1,16.4,8.1,1.2,0.0,0.9,3.1,1.2,Stable,Body composition,Functional mobility,"Prioritize resistance exercise, adequate protein/nutrition and reduction of central adiposity where appropriate.","Maintain or progress walking, balance and strength work; reassess mobility if decline persists.",Re-measure the leading domains in approximately 3 months and compare with the personal baseline.,No persistent adverse multidomain trend detected relative to the personal baseline.,
SA-026,Stable,Month 12,12,48,Female,169.9,1.37,101.1,95.7,2.12,9.0,64.0,19.8,7.47,8858.0,36.1,4.15,5.01,9.8,0.35,1.46,2.02,3.59,1.02,0.63,26.0,34.3,71.6,24.8,78.6,27.1,16.5,8.0,7.6,7.8,2.3,1.6,4.6,Stable,Recovery / activity,Functional mobility,"Prioritize sleep regularity, recovery and progressive daily physical activity.","Maintain or progress walking, balance and strength work; reassess mobility if decline persists.",Re-measure the leading domains in approximately 3 months and compare with the personal baseline.,No persistent adverse multidomain trend detected relative to the personal baseline.,
SA-027,Stable,Baseline,0,49,Male,180.6,1.23,116.8,97.0,2.25,10.6,54.0,49.4,8.2,8476.0,39.5,4.85,5.17,6.6,0.97,1.57,1.73,3.73,1.03,0.73,26.0,20.8,86.1,26.4,87.1,17.0,42.2,8.2,0.0,5.6,3.4,4.4,3.8,Stable,Recovery / activity,Body composition,"Prioritize sleep regularity, recovery and progressive daily physical activity.","Prioritize resistance exercise, adequate protein/nutrition and reduction of central adiposity where appropriate.",Re-measure the leading domains in approximately 3 months and compare with the personal baseline.,No persistent adverse multidomain trend detected relative to the personal baseline.,
SA-027,Stable,Month 1,1,49,Male,180.6,1.23,116.5,96.9,2.29,10.7,54.0,49.7,8.22,8522.0,39.6,4.78,5.12,6.2,0.88,1.6,1.65,3.64,1.0,0.58,25.0,20.9,86.0,26.4,86.9,16.9,42.2,8.2,0.0,3.5,0.0,1.4,1.4,Stable,Recovery / activity,Body composition,"Prioritize sleep regularity, recovery and progressive daily physical activity.","Prioritize resistance exercise, adequate protein/nutrition and reduction of central adiposity where appropriate.",Re-measure the leading domains in approximately 3 months and compare with the personal baseline.,No persistent adverse multidomain trend detected relative to the personal baseline.,
SA-027,Stable,Month 3,3,49,Male,180.6,1.23,116.4,96.8,2.29,10.7,54.0,50.0,8.24,8565.0,39.7,4.83,5.15,6.5,0.94,1.58,1.7,3.7,1.02,0.68,26.0,20.9,86.0,26.4,86.9,16.9,42.2,8.2,0.8,1.5,0.6,1.9,1.3,Stable,Body composition,Recovery / activity,"Prioritize resistance exercise, adequate protein/nutrition and reduction of central adiposity where appropriate.","Prioritize sleep regularity, recovery and progressive daily physical activity.",Re-measure the leading domains in approximately 3 months and compare with the personal baseline.,No persistent adverse multidomain trend detected relative to the personal baseline.,
SA-027,Stable,Month 6,6,49,Male,180.6,1.23,116.6,96.9,2.28,10.7,54.0,49.3,8.19,8462.0,39.4,4.74,5.09,6.0,0.83,1.61,1.61,3.59,0.99,0.5,25.0,20.8,86.1,26.4,87.1,17.0,42.2,8.2,0.0,6.2,0.0,4.3,2.9,Stable,Recovery / activity,Body composition,"Prioritize sleep regularity, recovery and progressive daily physical activity.","Prioritize resistance exercise, adequate protein/nutrition and reduction of central adiposity where appropriate.",Re-measure the leading domains in approximately 3 months and compare with the personal baseline.,No persistent adverse multidomain trend detected relative to the personal baseline.,
SA-027,Stable,Month 9,9,49,Male,180.6,1.22,116.3,96.7,2.31,10.8,54.0,50.3,8.26,8615.0,39.8,4.83,5.15,6.5,0.94,1.58,1.7,3.7,1.02,0.68,26.0,21.0,85.8,26.3,86.3,16.6,42.3,8.0,3.5,0.0,0.3,0.0,0.6,Stable,Functional mobility,Metabolic trend,"Maintain or progress walking, balance and strength work; reassess mobility if decline persists.",Review nutrition and activity habits; confirm persistent abnormal laboratory values with an appropriate clinician.,Re-measure the leading domains in approximately 3 months and compare with the personal baseline.,No persistent adverse multidomain trend detected relative to the personal baseline.,
SA-027,Stable,Month 12,12,49,Male,180.6,1.23,116.6,96.9,2.27,10.6,54.0,50.9,8.29,8700.0,40.0,4.8,5.13,6.3,0.9,1.59,1.67,3.66,1.01,0.62,25.0,21.1,86.0,26.4,86.9,16.9,42.2,8.2,0.0,0.0,0.0,1.2,0.3,Stable,Body composition,Recovery / activity,"Prioritize resistance exercise, adequate protein/nutrition and reduction of central adiposity where appropriate.","Prioritize sleep regularity, recovery and progressive daily physical activity.",Re-measure the leading domains in approximately 3 months and compare with the personal baseline.,No persistent adverse multidomain trend detected relative to the personal baseline.,
SA-028,Stable,Baseline,0,51,Male,174.7,1.36,102.6,98.7,2.26,9.7,60.0,38.4,7.54,8194.0,45.7,4.99,5.37,6.0,1.71,0.96,3.34,5.07,1.1,0.53,39.0,37.9,86.2,28.2,76.0,31.3,35.4,7.1,0.0,4.1,0.0,0.1,1.2,Stable,Recovery / activity,Body composition,"Prioritize sleep regularity, recovery and progressive daily physical activity.","Prioritize resistance exercise, adequate protein/nutrition and reduction of central adiposity where appropriate.",Re-measure the leading domains in approximately 3 months and compare with the personal baseline.,No persistent adverse multidomain trend detected relative to the personal baseline.,
SA-028,Stable,Month 1,1,51,Male,174.7,1.36,102.7,98.8,2.25,9.7,60.0,38.8,7.57,8248.0,45.8,5.0,5.38,6.1,1.73,0.96,3.35,5.08,1.1,0.56,39.0,37.9,86.3,28.3,76.4,31.5,35.4,7.2,0.0,1.6,0.6,4.9,1.9,Stable,Body composition,Recovery / activity,"Prioritize resistance exercise, adequate protein/nutrition and reduction of central adiposity where appropriate.","Prioritize sleep regularity, recovery and progressive daily physical activity.",Re-measure the leading domains in approximately 3 months and compare with the personal baseline.,No persistent adverse multidomain trend detected relative to the personal baseline.,
SA-028,Stable,Month 3,3,51,Male,174.7,1.35,102.4,98.6,2.29,9.8,60.0,38.5,7.55,8207.0,45.7,5.01,5.39,6.2,1.74,0.95,3.36,5.1,1.11,0.58,39.0,37.9,86.3,28.2,76.3,31.4,35.4,7.2,2.1,3.5,2.3,3.2,2.8,Stable,Recovery / activity,Body composition,"Prioritize sleep regularity, recovery and progressive daily physical activity.","Prioritize resistance exercise, adequate protein/nutrition and reduction of central adiposity where appropriate.",Re-measure the leading domains in approximately 3 months and compare with the personal baseline.,No persistent adverse multidomain trend detected relative to the personal baseline.,
SA-028,Stable,Month 6,6,51,Male,174.7,1.37,102.8,98.9,2.23,9.7,59.0,39.2,7.59,8309.0,46.0,4.97,5.36,5.9,1.69,0.97,3.32,5.04,1.09,0.49,38.0,38.0,86.1,28.2,75.8,31.2,35.4,7.1,0.0,0.0,0.0,0.0,0.0,Stable,Recovery / activity,Metabolic trend,"Prioritize sleep regularity, recovery and progressive daily physical activity.",Review nutrition and activity habits; confirm persistent abnormal laboratory values with an appropriate clinician.,Re-measure the leading domains in approximately 3 months and compare with the personal baseline.,No persistent adverse multidomain trend detected relative to the personal baseline.,
SA-028,Stable,Month 9,9,51,Male,174.7,1.37,103.1,99.0,2.2,9.6,60.0,38.9,7.57,8262.0,45.9,4.98,5.37,6.0,1.7,0.96,3.33,5.06,1.09,0.52,38.0,37.9,86.2,28.2,76.0,31.3,35.4,7.1,0.0,1.0,0.0,0.0,0.3,Stable,Recovery / activity,Metabolic trend,"Prioritize sleep regularity, recovery and progressive daily physical activity.",Review nutrition and activity habits; confirm persistent abnormal laboratory values with an appropriate clinician.,Re-measure the leading domains in approximately 3 months and compare with the personal baseline.,No persistent adverse multidomain trend detected relative to the personal baseline.,
SA-028,Stable,Month 12,12,51,Male,174.7,1.36,102.5,98.6,2.28,9.8,59.0,39.8,7.63,8400.0,46.2,4.98,5.37,6.0,1.69,0.97,3.32,5.05,1.09,0.51,38.0,38.1,86.3,28.3,76.3,31.5,35.4,7.2,1.0,0.0,0.0,3.9,1.1,Stable,Body composition,Functional mobility,"Prioritize resistance exercise, adequate protein/nutrition and reduction of central adiposity where appropriate.","Maintain or progress walking, balance and strength work; reassess mobility if decline persists.",Re-measure the leading domains in approximately 3 months and compare with the personal baseline.,No persistent adverse multidomain trend detected relative to the personal baseline.,
SA-029,Stable,Baseline,0,45,Male,177.1,1.28,114.5,97.1,2.2,11.6,62.0,73.5,7.25,10568.0,44.1,5.34,5.07,5.1,1.19,1.6,2.67,4.8,0.67,0.43,13.0,15.8,84.7,27.0,109.9,29.7,31.7,6.4,0.0,0.5,0.0,3.9,1.1,Stable,Body composition,Recovery / activity,"Prioritize resistance exercise, adequate protein/nutrition and reduction of central adiposity where appropriate.","Prioritize sleep regularity, recovery and progressive daily physical activity.",Re-measure the leading domains in approximately 3 months and compare with the personal baseline.,No persistent adverse multidomain trend detected relative to the personal baseline.,
SA-029,Stable,Month 1,1,45,Male,177.1,1.27,114.3,97.0,2.22,11.7,62.0,73.7,7.26,10596.0,44.2,5.39,5.11,5.5,1.27,1.57,2.74,4.88,0.7,0.56,14.0,15.9,84.6,27.0,109.6,29.6,31.8,6.3,0.0,0.0,7.3,0.0,2.2,Stable,Metabolic trend,Recovery / activity,Review nutrition and activity habits; confirm persistent abnormal laboratory values with an appropriate clinician.,"Prioritize sleep regularity, recovery and progressive daily physical activity.",Re-measure the leading domains in approximately 3 months and compare with the personal baseline.,No persistent adverse multidomain trend detected relative to the personal baseline.,
SA-029,Stable,Month 3,3,45,Male,177.1,1.26,114.0,96.8,2.26,11.8,62.0,73.8,7.27,10614.0,44.2,5.35,5.08,5.2,1.2,1.59,2.69,4.82,0.68,0.46,13.0,15.9,84.8,27.0,110.0,29.8,31.7,6.4,1.6,0.0,1.6,6.0,2.2,Stable,Body composition,Functional mobility,"Prioritize resistance exercise, adequate protein/nutrition and reduction of central adiposity where appropriate.","Maintain or progress walking, balance and strength work; reassess mobility if decline persists.",Re-measure the leading domains in approximately 3 months and compare with the personal baseline.,No persistent adverse multidomain trend detected relative to the personal baseline.,
SA-029,Stable,Month 6,6,45,Male,177.1,1.27,114.2,97.0,2.23,11.7,62.0,73.5,7.25,10567.0,44.1,5.36,5.08,5.3,1.22,1.59,2.7,4.83,0.68,0.48,13.0,15.8,84.6,27.0,109.7,29.6,31.8,6.3,0.0,0.5,2.7,1.2,1.2,Stable,Metabolic trend,Body composition,Review nutrition and activity habits; confirm persistent abnormal laboratory values with an appropriate clinician.,"Prioritize resistance exercise, adequate protein/nutrition and reduction of central adiposity where appropriate.",Re-measure the leading domains in approximately 3 months and compare with the personal baseline.,No persistent adverse multidomain trend detected relative to the personal baseline.,
SA-029,Stable,Month 9,9,45,Male,177.1,1.27,114.0,96.8,2.26,11.8,62.0,73.0,7.22,10496.0,44.0,5.35,5.08,5.2,1.2,1.59,2.68,4.82,0.68,0.45,13.0,15.8,84.5,26.9,109.3,29.4,31.8,6.2,0.5,3.7,1.1,0.0,1.5,Stable,Recovery / activity,Metabolic trend,"Prioritize sleep regularity, recovery and progressive daily physical activity.",Review nutrition and activity habits; confirm persistent abnormal laboratory values with an appropriate clinician.,Re-measure the leading domains in approximately 3 months and compare with the personal baseline.,No persistent adverse multidomain trend detected relative to the personal baseline.,
SA-029,Stable,Month 12,12,45,Male,177.1,1.27,114.3,97.0,2.23,11.7,62.0,74.0,7.27,10635.0,44.3,5.32,5.06,5.0,1.16,1.6,2.65,4.78,0.67,0.4,13.0,15.9,84.6,27.0,109.6,29.6,31.8,6.3,0.0,0.0,0.0,0.0,0.0,Stable,Recovery / activity,Metabolic trend,"Prioritize sleep regularity, recovery and progressive daily physical activity.",Review nutrition and activity habits; confirm persistent abnormal laboratory values with an appropriate clinician.,Re-measure the leading domains in approximately 3 months and compare with the personal baseline.,No persistent adverse multidomain trend detected relative to the personal baseline.,
SA-030,Stable,Baseline,0,45,Female,158.4,1.24,119.0,97.5,2.29,10.6,47.0,47.2,8.41,8354.0,39.0,5.19,5.47,2.6,0.54,1.6,2.25,4.1,1.09,0.68,9.0,20.2,72.9,29.1,72.7,32.5,20.3,6.4,0.0,0.0,0.0,0.0,0.0,Stable,Recovery / activity,Metabolic trend,"Prioritize sleep regularity, recovery and progressive daily physical activity.",Review nutrition and activity habits; confirm persistent abnormal laboratory values with an appropriate clinician.,Re-measure the leading domains in approximately 3 months and compare with the personal baseline.,No persistent adverse multidomain trend detected relative to the personal baseline.,
SA-030,Stable,Month 1,1,45,Female,158.4,1.25,119.3,97.7,2.25,10.5,49.0,44.8,8.26,7998.0,38.2,5.19,5.47,2.6,0.54,1.6,2.25,4.1,1.09,0.68,9.0,19.7,73.0,29.1,73.1,32.7,20.2,6.5,0.0,4.5,0.0,4.2,2.4,Stable,Recovery / activity,Body composition,"Prioritize sleep regularity, recovery and progressive daily physical activity.","Prioritize resistance exercise, adequate protein/nutrition and reduction of central adiposity where appropriate.",Re-measure the leading domains in approximately 3 months and compare with the personal baseline.,No persistent adverse multidomain trend detected relative to the personal baseline.,
SA-030,Stable,Month 3,3,45,Female,158.4,1.23,118.8,97.3,2.32,10.7,48.0,45.1,8.27,8041.0,38.3,5.2,5.48,2.7,0.56,1.6,2.27,4.12,1.09,0.71,10.0,19.8,73.0,29.1,72.9,32.6,20.3,6.4,2.7,2.6,1.1,1.9,2.0,Stable,Functional mobility,Recovery / activity,"Maintain or progress walking, balance and strength work; reassess mobility if decline persists.","Prioritize sleep regularity, recovery and progressive daily physical activity.",Re-measure the leading domains in approximately 3 months and compare with the personal baseline.,No persistent adverse multidomain trend detected relative to the personal baseline.,
SA-030,Stable,Month 6,6,45,Female,158.4,1.23,118.8,97.4,2.31,10.6,48.0,46.2,8.34,8207.0,38.7,5.17,5.45,2.4,0.51,1.61,2.23,4.07,1.08,0.64,9.0,20.0,73.1,29.2,73.3,32.8,20.2,6.5,2.1,0.0,0.0,7.0,2.1,Stable,Body composition,Functional mobility,"Prioritize resistance exercise, adequate protein/nutrition and reduction of central adiposity where appropriate.","Maintain or progress walking, balance and strength work; reassess mobility if decline persists.",Re-measure the leading domains in approximately 3 months and compare with the personal baseline.,No persistent adverse multidomain trend detected relative to the personal baseline.,
SA-030,Stable,Month 9,9,45,Female,158.4,1.24,119.0,97.5,2.29,10.6,48.0,46.5,8.36,8255.0,38.8,5.23,5.5,2.9,0.6,1.59,2.3,4.16,1.11,0.79,10.0,20.0,72.8,29.0,72.6,32.4,20.3,6.3,0.0,0.0,5.3,0.0,1.6,Stable,Metabolic trend,Recovery / activity,Review nutrition and activity habits; confirm persistent abnormal laboratory values with an appropriate clinician.,"Prioritize sleep regularity, recovery and progressive daily physical activity.",Re-measure the leading domains in approximately 3 months and compare with the personal baseline.,No persistent adverse multidomain trend detected relative to the personal baseline.,
SA-030,Stable,Month 12,12,45,Female,158.4,1.23,118.7,97.3,2.33,10.7,49.0,45.0,8.27,8020.0,38.2,5.19,5.47,2.6,0.54,1.6,2.25,4.1,1.09,0.69,9.0,19.8,72.9,29.1,72.9,32.6,20.3,6.4,3.8,3.5,0.0,0.8,1.8,Stable,Functional mobility,Recovery / activity,"Maintain or progress walking, balance and strength work; reassess mobility if decline persists.","Prioritize sleep regularity, recovery and progressive daily physical activity.",Re-measure the leading domains in approximately 3 months and compare with the personal baseline.,No persistent adverse multidomain trend detected relative to the personal baseline.,
SA-031,Early Change,Baseline,0,51,Male,173.2,1.26,102.7,96.1,2.17,10.9,69.0,44.3,6.98,8111.0,37.1,4.57,4.99,5.4,0.66,1.4,3.02,4.72,0.62,0.75,21.0,32.7,86.8,29.0,93.9,14.0,30.1,6.3,0.1,0.0,0.0,0.0,0.0,Stable,Functional mobility,Recovery / activity,"Maintain or progress walking, balance and strength work; reassess mobility if decline persists.","Prioritize sleep regularity, recovery and progressive daily physical activity.",Re-measure the leading domains in approximately 3 months and compare with the personal baseline.,No persistent adverse multidomain trend detected relative to the personal baseline.,
SA-031,Early Change,Month 1,1,51,Male,173.2,1.26,102.6,96.0,2.19,11.0,69.0,43.3,6.92,7966.0,36.8,4.61,5.02,5.7,0.71,1.39,3.06,4.77,0.63,0.83,22.0,32.6,86.8,28.9,93.7,13.9,30.2,6.2,2.5,6.5,1.0,0.0,2.6,Stable,Recovery / activity,Functional mobility,"Prioritize sleep regularity, recovery and progressive daily physical activity.","Maintain or progress walking, balance and strength work; reassess mobility if decline persists.",Re-measure the leading domains in approximately 3 months and compare with the personal baseline.,No persistent adverse multidomain trend detected relative to the personal baseline.,
SA-031,Early Change,Month 3,3,51,Male,173.2,1.26,102.8,96.1,2.17,10.9,69.0,43.0,6.91,7928.0,36.7,4.58,5.0,5.5,0.68,1.4,3.03,4.74,0.62,0.78,21.0,32.5,87.1,29.1,94.6,14.4,30.0,6.5,0.0,8.2,0.0,6.0,4.0,Stable,Recovery / activity,Body composition,"Prioritize sleep regularity, recovery and progressive daily physical activity.","Prioritize resistance exercise, adequate protein/nutrition and reduction of central adiposity where appropriate.",Re-measure the leading domains in approximately 3 months and compare with the personal baseline.,No persistent adverse multidomain trend detected relative to the personal baseline.,
SA-031,Early Change,Month 6,6,51,Male,173.2,1.27,102.9,96.2,2.15,10.9,70.0,42.5,6.87,7848.0,36.5,4.67,5.07,6.1,0.8,1.36,3.13,4.86,0.65,0.97,22.0,32.4,87.1,29.0,94.5,14.3,30.1,6.4,0.0,11.8,9.6,4.6,7.6,Stable,Recovery / activity,Metabolic trend,"Prioritize sleep regularity, recovery and progressive daily physical activity.",Review nutrition and activity habits; confirm persistent abnormal laboratory values with an appropriate clinician.,Re-measure the leading domains in approximately 3 months and compare with the personal baseline.,No persistent adverse multidomain trend detected relative to the personal baseline.,
SA-031,Early Change,Month 9,9,51,Male,173.2,1.26,102.5,95.9,2.2,11.0,70.0,40.6,6.76,7564.0,35.9,4.68,5.07,6.1,0.81,1.36,3.14,4.86,0.65,0.98,22.0,32.1,87.4,29.1,95.2,14.7,29.9,6.6,4.5,24.7,10.1,13.9,14.6,Early multidomain change,Recovery / activity,Body composition,"Prioritize sleep regularity, recovery and progressive daily physical activity.","Prioritize resistance exercise, adequate protein/nutrition and reduction of central adiposity where appropriate.",Re-measure the leading domains in approximately 3 months and compare with the personal baseline.,"Early coordinated change is emerging, led by recovery / activity while other domains remain relatively preserved.",
SA-031,Early Change,Month 12,12,51,Male,173.2,1.25,102.1,95.6,2.25,11.2,71.0,39.4,6.68,7391.0,35.5,4.77,5.14,6.7,0.94,1.32,3.24,5.0,0.69,1.19,23.0,31.9,87.8,29.3,96.0,15.2,29.8,6.8,10.5,32.4,22.3,25.6,24.4,Early multidomain change,Recovery / activity,Body composition,"Prioritize sleep regularity, recovery and progressive daily physical activity.","Prioritize resistance exercise, adequate protein/nutrition and reduction of central adiposity where appropriate.",Re-measure the leading domains in approximately 3 months and compare with the personal baseline.,"Early coordinated change is emerging, led by recovery / activity while other domains remain relatively preserved.",
SA-032,Early Change,Baseline,0,49,Male,187.5,1.26,118.9,97.6,2.43,9.8,60.0,49.4,7.05,7821.0,42.4,4.71,5.35,13.1,0.45,1.45,2.18,3.83,0.95,0.7,28.0,39.4,72.5,20.6,90.8,27.8,38.0,4.7,3.3,0.7,0.0,3.2,1.5,Stable,Functional mobility,Body composition,"Maintain or progress walking, balance and strength work; reassess mobility if decline persists.","Prioritize resistance exercise, adequate protein/nutrition and reduction of central adiposity where appropriate.",Re-measure the leading domains in approximately 3 months and compare with the personal baseline.,No persistent adverse multidomain trend detected relative to the personal baseline.,
SA-032,Early Change,Month 1,1,49,Male,187.5,1.27,119.3,97.8,2.39,9.7,61.0,48.8,7.02,7742.0,42.3,4.74,5.36,13.2,0.48,1.44,2.2,3.86,0.96,0.76,28.0,39.3,72.5,20.6,90.8,27.8,38.0,4.7,0.0,4.2,0.0,3.0,2.0,Stable,Recovery / activity,Body composition,"Prioritize sleep regularity, recovery and progressive daily physical activity.","Prioritize resistance exercise, adequate protein/nutrition and reduction of central adiposity where appropriate.",Re-measure the leading domains in approximately 3 months and compare with the personal baseline.,No persistent adverse multidomain trend detected relative to the personal baseline.,
SA-032,Early Change,Month 3,3,49,Male,187.5,1.26,119.0,97.6,2.42,9.8,61.0,48.1,6.98,7631.0,42.0,4.77,5.39,13.4,0.53,1.43,2.24,3.9,0.97,0.83,28.0,39.2,72.5,20.6,90.9,27.8,38.0,4.7,2.3,9.3,0.8,4.4,4.5,Stable,Recovery / activity,Body composition,"Prioritize sleep regularity, recovery and progressive daily physical activity.","Prioritize resistance exercise, adequate protein/nutrition and reduction of central adiposity where appropriate.",Re-measure the leading domains in approximately 3 months and compare with the personal baseline.,No persistent adverse multidomain trend detected relative to the personal baseline.,
SA-032,Early Change,Month 6,6,49,Male,187.5,1.27,119.2,97.7,2.4,9.7,61.0,47.8,6.96,7585.0,41.9,4.82,5.42,13.8,0.59,1.41,2.29,3.97,0.99,0.94,29.0,39.1,72.8,20.7,91.6,28.2,37.9,4.9,0.0,11.3,7.0,13.9,9.0,Stable,Body composition,Recovery / activity,"Prioritize resistance exercise, adequate protein/nutrition and reduction of central adiposity where appropriate.","Prioritize sleep regularity, recovery and progressive daily physical activity.",Re-measure the leading domains in approximately 3 months and compare with the personal baseline.,No persistent adverse multidomain trend detected relative to the personal baseline.,
SA-032,Early Change,Month 9,9,49,Male,187.5,1.26,118.7,97.4,2.45,9.9,62.0,46.3,6.87,7369.0,41.4,4.82,5.42,13.8,0.59,1.41,2.29,3.97,0.99,0.94,29.0,38.9,73.0,20.8,91.9,28.4,37.8,5.0,6.3,21.1,7.2,19.2,14.2,Early multidomain change,Recovery / activity,Body composition,"Prioritize sleep regularity, recovery and progressive daily physical activity.","Prioritize resistance exercise, adequate protein/nutrition and reduction of central adiposity where appropriate.",Re-measure the leading domains in approximately 3 months and compare with the personal baseline.,"Early coordinated change is emerging, led by recovery / activity while other domains remain relatively preserved.",
SA-032,Early Change,Month 12,12,49,Male,187.5,1.25,118.4,97.2,2.5,10.0,62.0,45.0,6.78,7177.0,41.0,4.93,5.5,14.4,0.74,1.37,2.41,4.12,1.03,1.17,30.0,38.6,73.2,20.8,92.3,28.6,37.8,5.1,12.3,29.8,20.7,24.6,23.1,Early multidomain change,Recovery / activity,Body composition,"Prioritize sleep regularity, recovery and progressive daily physical activity.","Prioritize resistance exercise, adequate protein/nutrition and reduction of central adiposity where appropriate.",Re-measure the leading domains in approximately 3 months and compare with the personal baseline.,"Early coordinated change is emerging, led by recovery / activity while other domains remain relatively preserved.",
SA-033,Early Change,Baseline,0,64,Female,162.0,1.34,100.5,98.1,2.38,12.9,56.0,44.2,8.16,9610.0,33.6,5.06,5.24,7.5,0.82,1.53,1.75,3.66,0.9,0.94,21.0,17.0,81.5,31.1,86.4,27.1,24.0,4.4,0.0,3.5,0.0,1.0,1.3,Stable,Recovery / activity,Body composition,"Prioritize sleep regularity, recovery and progressive daily physical activity.","Prioritize resistance exercise, adequate protein/nutrition and reduction of central adiposity where appropriate.",Re-measure the leading domains in approximately 3 months and compare with the personal baseline.,No persistent adverse multidomain trend detected relative to the personal baseline.,
SA-033,Early Change,Month 1,1,64,Female,162.0,1.33,100.3,97.9,2.4,12.9,55.0,45.1,8.21,9739.0,33.9,5.07,5.24,7.5,0.82,1.53,1.76,3.66,0.9,0.95,21.0,17.1,81.4,31.0,86.1,27.0,24.1,4.3,2.6,0.0,0.0,0.0,0.4,Stable,Functional mobility,Recovery / activity,"Maintain or progress walking, balance and strength work; reassess mobility if decline persists.","Prioritize sleep regularity, recovery and progressive daily physical activity.",Re-measure the leading domains in approximately 3 months and compare with the personal baseline.,No persistent adverse multidomain trend detected relative to the personal baseline.,
SA-033,Early Change,Month 3,3,64,Female,162.0,1.34,100.4,98.0,2.39,12.9,56.0,43.8,8.13,9543.0,33.5,5.07,5.24,7.5,0.82,1.53,1.76,3.66,0.9,0.95,21.0,16.9,81.7,31.1,86.7,27.3,24.0,4.5,0.5,6.5,0.0,6.2,3.6,Stable,Recovery / activity,Body composition,"Prioritize sleep regularity, recovery and progressive daily physical activity.","Prioritize resistance exercise, adequate protein/nutrition and reduction of central adiposity where appropriate.",Re-measure the leading domains in approximately 3 months and compare with the personal baseline.,No persistent adverse multidomain trend detected relative to the personal baseline.,
SA-033,Early Change,Month 6,6,64,Female,162.0,1.34,100.7,98.2,2.36,12.8,57.0,42.2,8.03,9311.0,33.0,5.12,5.28,7.9,0.9,1.51,1.82,3.74,0.92,1.07,22.0,16.6,81.9,31.2,87.3,27.6,23.9,4.6,0.0,17.0,5.5,13.6,10.1,Stable,Recovery / activity,Body composition,"Prioritize sleep regularity, recovery and progressive daily physical activity.","Prioritize resistance exercise, adequate protein/nutrition and reduction of central adiposity where appropriate.",Re-measure the leading domains in approximately 3 months and compare with the personal baseline.,No persistent adverse multidomain trend detected relative to the personal baseline.,
SA-033,Early Change,Month 9,9,64,Female,162.0,1.33,100.1,97.8,2.43,13.0,57.0,41.6,7.99,9213.0,32.8,5.16,5.31,8.1,0.95,1.49,1.86,3.79,0.93,1.16,22.0,16.5,82.0,31.2,87.5,27.7,23.9,4.7,5.8,21.4,10.5,16.3,14.5,Early multidomain change,Recovery / activity,Body composition,"Prioritize sleep regularity, recovery and progressive daily physical activity.","Prioritize resistance exercise, adequate protein/nutrition and reduction of central adiposity where appropriate.",Re-measure the leading domains in approximately 3 months and compare with the personal baseline.,"Early coordinated change is emerging, led by recovery / activity while other domains remain relatively preserved.",
SA-033,Early Change,Month 12,12,64,Female,162.0,1.32,99.8,97.6,2.46,13.1,58.0,39.8,7.88,8948.0,32.2,5.21,5.34,8.4,1.01,1.48,1.91,3.85,0.95,1.26,23.0,16.2,82.4,31.4,88.5,28.3,23.7,5.0,10.2,33.4,16.1,31.1,24.2,Early multidomain change,Recovery / activity,Body composition,"Prioritize sleep regularity, recovery and progressive daily physical activity.","Prioritize resistance exercise, adequate protein/nutrition and reduction of central adiposity where appropriate.",Re-measure the leading domains in approximately 3 months and compare with the personal baseline.,"Early coordinated change is emerging, led by recovery / activity while other domains remain relatively preserved.",
SA-034,Early Change,Baseline,0,63,Male,175.0,1.33,117.2,96.8,2.2,7.3,67.0,44.9,6.66,8131.0,38.6,4.82,5.4,4.1,1.37,1.0,2.29,3.9,1.19,1.33,24.0,22.5,83.3,27.2,72.4,23.2,40.6,6.6,0.0,0.0,0.1,0.2,0.1,Stable,Body composition,Metabolic trend,"Prioritize resistance exercise, adequate protein/nutrition and reduction of central adiposity where appropriate.",Review nutrition and activity habits; confirm persistent abnormal laboratory values with an appropriate clinician.,Re-measure the leading domains in approximately 3 months and compare with the personal baseline.,No persistent adverse multidomain trend detected relative to the personal baseline.,
SA-034,Early Change,Month 1,1,63,Male,175.0,1.33,117.2,96.8,2.2,7.2,68.0,44.2,6.62,8028.0,38.4,4.78,5.38,3.9,1.32,1.01,2.25,3.86,1.18,1.26,23.0,22.4,83.3,27.2,72.4,23.2,40.6,6.6,0.0,2.8,0.0,0.0,0.8,Stable,Recovery / activity,Metabolic trend,"Prioritize sleep regularity, recovery and progressive daily physical activity.",Review nutrition and activity habits; confirm persistent abnormal laboratory values with an appropriate clinician.,Re-measure the leading domains in approximately 3 months and compare with the personal baseline.,No persistent adverse multidomain trend detected relative to the personal baseline.,
SA-034,Early Change,Month 3,3,63,Male,175.0,1.33,117.3,96.8,2.19,7.2,68.0,42.8,6.53,7825.0,37.9,4.81,5.4,4.0,1.36,1.0,2.28,3.89,1.19,1.32,24.0,22.2,83.3,27.2,72.4,23.2,40.6,6.6,0.0,12.0,0.0,0.6,3.7,Stable,Recovery / activity,Body composition,"Prioritize sleep regularity, recovery and progressive daily physical activity.","Prioritize resistance exercise, adequate protein/nutrition and reduction of central adiposity where appropriate.",Re-measure the leading domains in approximately 3 months and compare with the personal baseline.,No persistent adverse multidomain trend detected relative to the personal baseline.,
SA-034,Early Change,Month 6,6,63,Male,175.0,1.32,117.1,96.7,2.21,7.3,69.0,42.0,6.48,7694.0,37.6,4.9,5.47,4.6,1.48,0.97,2.38,4.02,1.22,1.52,24.0,22.0,83.6,27.3,73.1,23.6,40.5,6.8,1.1,17.9,11.1,10.0,11.4,Stable,Recovery / activity,Metabolic trend,"Prioritize sleep regularity, recovery and progressive daily physical activity.",Review nutrition and activity habits; confirm persistent abnormal laboratory values with an appropriate clinician.,Re-measure the leading domains in approximately 3 months and compare with the personal baseline.,No persistent adverse multidomain trend detected relative to the personal baseline.,
SA-034,Early Change,Month 9,9,63,Male,175.0,1.32,116.9,96.6,2.23,7.4,69.0,41.4,6.44,7610.0,37.4,4.91,5.47,4.6,1.49,0.96,2.39,4.03,1.22,1.53,25.0,21.9,83.9,27.4,73.8,24.0,40.4,7.0,3.7,21.7,11.8,19.7,15.5,Early multidomain change,Recovery / activity,Body composition,"Prioritize sleep regularity, recovery and progressive daily physical activity.","Prioritize resistance exercise, adequate protein/nutrition and reduction of central adiposity where appropriate.",Re-measure the leading domains in approximately 3 months and compare with the personal baseline.,"Early coordinated change is emerging, led by recovery / activity while other domains remain relatively preserved.",
SA-034,Early Change,Month 12,12,63,Male,175.0,1.31,116.6,96.4,2.27,7.5,70.0,39.2,6.31,7291.0,36.7,5.0,5.54,5.2,1.62,0.93,2.49,4.15,1.25,1.73,25.0,21.5,84.0,27.4,74.0,24.1,40.3,7.1,8.2,36.1,23.5,23.1,24.9,Early multidomain change,Recovery / activity,Metabolic trend,"Prioritize sleep regularity, recovery and progressive daily physical activity.",Review nutrition and activity habits; confirm persistent abnormal laboratory values with an appropriate clinician.,Re-measure the leading domains in approximately 3 months and compare with the personal baseline.,"Early coordinated change is emerging, led by recovery / activity while other domains remain relatively preserved.",
SA-035,Early Change,Baseline,0,41,Male,174.6,1.32,104.3,96.1,2.15,8.6,56.0,43.5,6.48,9050.0,36.2,5.99,5.14,7.2,0.66,1.78,3.27,5.34,0.93,0.44,24.0,20.9,92.0,30.2,96.2,30.6,42.0,5.5,0.0,5.1,0.3,2.3,2.2,Stable,Recovery / activity,Body composition,"Prioritize sleep regularity, recovery and progressive daily physical activity.","Prioritize resistance exercise, adequate protein/nutrition and reduction of central adiposity where appropriate.",Re-measure the leading domains in approximately 3 months and compare with the personal baseline.,No persistent adverse multidomain trend detected relative to the personal baseline.,
SA-035,Early Change,Month 1,1,41,Male,174.6,1.3,103.8,95.8,2.21,8.8,56.0,44.3,6.54,9175.0,36.5,6.01,5.16,7.3,0.7,1.77,3.29,5.38,0.94,0.49,25.0,21.0,92.0,30.2,96.2,30.6,42.0,5.5,2.3,0.0,3.4,1.9,1.8,Stable,Metabolic trend,Functional mobility,Review nutrition and activity habits; confirm persistent abnormal laboratory values with an appropriate clinician.,"Maintain or progress walking, balance and strength work; reassess mobility if decline persists.",Re-measure the leading domains in approximately 3 months and compare with the personal baseline.,No persistent adverse multidomain trend detected relative to the personal baseline.,
SA-035,Early Change,Month 3,3,41,Male,174.6,1.31,104.2,96.1,2.17,8.7,56.0,43.8,6.5,9093.0,36.3,6.01,5.15,7.3,0.69,1.77,3.29,5.37,0.94,0.49,25.0,20.9,92.1,30.2,96.4,30.8,42.0,5.5,0.0,3.2,2.8,5.3,3.1,Stable,Body composition,Recovery / activity,"Prioritize resistance exercise, adequate protein/nutrition and reduction of central adiposity where appropriate.","Prioritize sleep regularity, recovery and progressive daily physical activity.",Re-measure the leading domains in approximately 3 months and compare with the personal baseline.,No persistent adverse multidomain trend detected relative to the personal baseline.,
SA-035,Early Change,Month 6,6,41,Male,174.6,1.31,104.2,96.1,2.16,8.6,57.0,41.6,6.37,8776.0,35.6,6.03,5.17,7.5,0.73,1.76,3.32,5.41,0.95,0.54,25.0,20.6,92.3,30.3,96.9,31.0,41.9,5.7,0.0,17.5,6.2,11.9,10.1,Stable,Recovery / activity,Body composition,"Prioritize sleep regularity, recovery and progressive daily physical activity.","Prioritize resistance exercise, adequate protein/nutrition and reduction of central adiposity where appropriate.",Re-measure the leading domains in approximately 3 months and compare with the personal baseline.,No persistent adverse multidomain trend detected relative to the personal baseline.,
SA-035,Early Change,Month 9,9,41,Male,174.6,1.3,103.7,95.7,2.22,8.8,57.0,40.5,6.3,8607.0,35.2,6.09,5.21,7.8,0.81,1.73,3.38,5.49,0.97,0.67,25.0,20.4,92.4,30.3,97.2,31.2,41.9,5.8,3.7,25.1,13.6,16.9,16.4,Early multidomain change,Recovery / activity,Body composition,"Prioritize sleep regularity, recovery and progressive daily physical activity.","Prioritize resistance exercise, adequate protein/nutrition and reduction of central adiposity where appropriate.",Re-measure the leading domains in approximately 3 months and compare with the personal baseline.,"Early coordinated change is emerging, led by recovery / activity while other domains remain relatively preserved.",
SA-035,Early Change,Month 12,12,41,Male,174.6,1.29,103.4,95.5,2.26,8.9,58.0,39.3,6.22,8423.0,34.8,6.16,5.26,8.2,0.9,1.71,3.46,5.58,0.99,0.82,26.0,20.2,92.7,30.4,97.8,31.5,41.8,5.9,9.2,33.4,22.2,24.4,24.2,Early multidomain change,Recovery / activity,Body composition,"Prioritize sleep regularity, recovery and progressive daily physical activity.","Prioritize resistance exercise, adequate protein/nutrition and reduction of central adiposity where appropriate.",Re-measure the leading domains in approximately 3 months and compare with the personal baseline.,"Early coordinated change is emerging, led by recovery / activity while other domains remain relatively preserved.",
SA-036,Early Change,Baseline,0,47,Female,165.6,1.1,99.1,97.3,2.36,10.2,60.0,53.6,7.69,8568.0,36.3,4.24,5.42,9.5,1.21,1.34,2.99,4.88,1.01,1.56,17.0,28.1,52.7,19.2,85.8,29.0,25.2,9.4,0.9,2.6,0.0,0.2,1.0,Stable,Recovery / activity,Functional mobility,"Prioritize sleep regularity, recovery and progressive daily physical activity.","Maintain or progress walking, balance and strength work; reassess mobility if decline persists.",Re-measure the leading domains in approximately 3 months and compare with the personal baseline.,No persistent adverse multidomain trend detected relative to the personal baseline.,
SA-036,Early Change,Month 1,1,47,Female,165.6,1.11,99.2,97.4,2.34,10.2,60.0,53.2,7.67,8517.0,36.2,4.27,5.45,9.7,1.25,1.33,3.03,4.92,1.02,1.62,17.0,28.1,52.7,19.2,85.8,29.0,25.2,9.4,0.0,4.9,0.6,0.2,1.7,Stable,Recovery / activity,Metabolic trend,"Prioritize sleep regularity, recovery and progressive daily physical activity.",Review nutrition and activity habits; confirm persistent abnormal laboratory values with an appropriate clinician.,Re-measure the leading domains in approximately 3 months and compare with the personal baseline.,No persistent adverse multidomain trend detected relative to the personal baseline.,
SA-036,Early Change,Month 3,3,47,Female,165.6,1.1,99.2,97.4,2.35,10.2,61.0,51.9,7.58,8318.0,35.7,4.25,5.43,9.6,1.23,1.34,3.01,4.89,1.01,1.59,17.0,27.8,52.8,19.3,86.0,29.1,25.1,9.5,0.0,13.9,0.0,1.9,4.7,Stable,Recovery / activity,Body composition,"Prioritize sleep regularity, recovery and progressive daily physical activity.","Prioritize resistance exercise, adequate protein/nutrition and reduction of central adiposity where appropriate.",Re-measure the leading domains in approximately 3 months and compare with the personal baseline.,No persistent adverse multidomain trend detected relative to the personal baseline.,
SA-036,Early Change,Month 6,6,47,Female,165.6,1.11,99.4,97.6,2.31,10.1,61.0,50.9,7.52,8170.0,35.4,4.29,5.46,9.8,1.28,1.32,3.05,4.95,1.03,1.67,17.0,27.7,52.9,19.3,86.3,29.3,25.1,9.6,0.0,20.6,3.3,6.9,8.9,Stable,Recovery / activity,Body composition,"Prioritize sleep regularity, recovery and progressive daily physical activity.","Prioritize resistance exercise, adequate protein/nutrition and reduction of central adiposity where appropriate.",Re-measure the leading domains in approximately 3 months and compare with the personal baseline.,No persistent adverse multidomain trend detected relative to the personal baseline.,
SA-036,Early Change,Month 9,9,47,Female,165.6,1.09,98.8,97.1,2.4,10.3,62.0,50.0,7.47,8042.0,35.1,4.36,5.52,10.3,1.38,1.29,3.13,5.05,1.05,1.83,18.0,27.5,53.2,19.4,86.9,29.6,25.0,9.7,6.3,26.4,12.9,14.7,16.4,Early multidomain change,Recovery / activity,Body composition,"Prioritize sleep regularity, recovery and progressive daily physical activity.","Prioritize resistance exercise, adequate protein/nutrition and reduction of central adiposity where appropriate.",Re-measure the leading domains in approximately 3 months and compare with the personal baseline.,"Early coordinated change is emerging, led by recovery / activity while other domains remain relatively preserved.",
SA-036,Early Change,Month 12,12,47,Female,165.6,1.09,98.4,96.9,2.44,10.5,62.0,49.1,7.41,7901.0,34.8,4.42,5.56,10.7,1.46,1.27,3.19,5.13,1.08,1.96,18.0,27.3,53.5,19.5,87.6,30.0,24.9,9.9,11.2,32.8,20.2,25.1,23.8,Early multidomain change,Recovery / activity,Body composition,"Prioritize sleep regularity, recovery and progressive daily physical activity.","Prioritize resistance exercise, adequate protein/nutrition and reduction of central adiposity where appropriate.",Re-measure the leading domains in approximately 3 months and compare with the personal baseline.,"Early coordinated change is emerging, led by recovery / activity while other domains remain relatively preserved.",
SA-037,Early Change,Baseline,0,67,Female,164.0,1.44,117.1,97.4,2.39,9.8,68.0,41.8,7.34,9243.0,34.7,4.74,4.92,4.4,0.44,1.75,3.6,5.54,1.09,0.29,28.0,41.4,79.4,29.5,85.2,22.0,27.6,5.3,0.6,0.0,0.0,0.3,0.2,Stable,Functional mobility,Body composition,"Maintain or progress walking, balance and strength work; reassess mobility if decline persists.","Prioritize resistance exercise, adequate protein/nutrition and reduction of central adiposity where appropriate.",Re-measure the leading domains in approximately 3 months and compare with the personal baseline.,No persistent adverse multidomain trend detected relative to the personal baseline.,
SA-037,Early Change,Month 1,1,67,Female,164.0,1.44,117.1,97.4,2.4,9.8,68.0,41.7,7.34,9226.0,34.7,4.75,4.93,4.4,0.45,1.75,3.61,5.56,1.1,0.31,28.0,41.4,79.4,29.5,85.2,22.0,27.6,5.3,1.1,0.0,0.0,0.6,0.3,Stable,Functional mobility,Body composition,"Maintain or progress walking, balance and strength work; reassess mobility if decline persists.","Prioritize resistance exercise, adequate protein/nutrition and reduction of central adiposity where appropriate.",Re-measure the leading domains in approximately 3 months and compare with the personal baseline.,No persistent adverse multidomain trend detected relative to the personal baseline.,
SA-037,Early Change,Month 3,3,67,Female,164.0,1.45,117.4,97.6,2.35,9.6,69.0,39.7,7.22,8935.0,34.0,4.76,4.93,4.5,0.47,1.74,3.62,5.57,1.1,0.33,28.0,41.1,79.5,29.5,85.3,22.1,27.6,5.4,0.0,12.3,0.0,2.3,4.3,Stable,Recovery / activity,Body composition,"Prioritize sleep regularity, recovery and progressive daily physical activity.","Prioritize resistance exercise, adequate protein/nutrition and reduction of central adiposity where appropriate.",Re-measure the leading domains in approximately 3 months and compare with the personal baseline.,No persistent adverse multidomain trend detected relative to the personal baseline.,
SA-037,Early Change,Month 6,6,67,Female,164.0,1.44,117.1,97.4,2.4,9.8,69.0,39.1,7.18,8841.0,33.8,4.81,4.97,4.8,0.53,1.72,3.67,5.63,1.12,0.43,28.0,41.0,79.7,29.6,85.8,22.4,27.5,5.5,1.0,16.6,2.7,9.5,8.3,Stable,Recovery / activity,Body composition,"Prioritize sleep regularity, recovery and progressive daily physical activity.","Prioritize resistance exercise, adequate protein/nutrition and reduction of central adiposity where appropriate.",Re-measure the leading domains in approximately 3 months and compare with the personal baseline.,No persistent adverse multidomain trend detected relative to the personal baseline.,
SA-037,Early Change,Month 9,9,67,Female,164.0,1.43,116.7,97.1,2.45,9.9,70.0,37.8,7.1,8662.0,33.4,4.88,5.02,5.3,0.63,1.69,3.75,5.74,1.14,0.6,29.0,40.7,79.9,29.7,86.2,22.6,27.5,5.6,7.1,24.7,12.4,14.8,15.9,Early multidomain change,Recovery / activity,Body composition,"Prioritize sleep regularity, recovery and progressive daily physical activity.","Prioritize resistance exercise, adequate protein/nutrition and reduction of central adiposity where appropriate.",Re-measure the leading domains in approximately 3 months and compare with the personal baseline.,"Early coordinated change is emerging, led by recovery / activity while other domains remain relatively preserved.",
SA-037,Early Change,Month 12,12,67,Female,164.0,1.43,116.7,97.1,2.45,9.9,70.0,36.0,6.98,8386.0,32.8,4.96,5.08,5.8,0.75,1.66,3.84,5.85,1.17,0.77,30.0,40.4,80.2,29.8,86.9,23.0,27.3,5.8,7.4,37.1,22.7,24.1,25.1,Early multidomain change,Recovery / activity,Body composition,"Prioritize sleep regularity, recovery and progressive daily physical activity.","Prioritize resistance exercise, adequate protein/nutrition and reduction of central adiposity where appropriate.",Re-measure the leading domains in approximately 3 months and compare with the personal baseline.,"Early coordinated change is emerging, led by recovery / activity while other domains remain relatively preserved.",
SA-038,Early Change,Baseline,0,56,Female,165.9,1.01,118.1,92.7,2.2,11.2,61.0,27.7,6.56,9340.0,26.2,5.43,5.26,4.6,0.92,1.28,3.16,4.86,1.01,0.45,20.0,23.0,65.7,23.9,85.2,24.9,27.1,8.5,0.0,4.5,4.5,0.0,2.7,Stable,Recovery / activity,Metabolic trend,"Prioritize sleep regularity, recovery and progressive daily physical activity.",Review nutrition and activity habits; confirm persistent abnormal laboratory values with an appropriate clinician.,Re-measure the leading domains in approximately 3 months and compare with the personal baseline.,No persistent adverse multidomain trend detected relative to the personal baseline.,
SA-038,Early Change,Month 1,1,56,Female,165.9,1.01,118.3,92.9,2.17,11.2,61.0,28.6,6.61,9466.0,26.5,5.38,5.22,4.3,0.85,1.3,3.11,4.79,0.99,0.33,20.0,23.1,65.7,23.9,85.3,25.0,27.1,8.6,0.0,0.0,0.0,0.0,0.0,Stable,Recovery / activity,Metabolic trend,"Prioritize sleep regularity, recovery and progressive daily physical activity.",Review nutrition and activity habits; confirm persistent abnormal laboratory values with an appropriate clinician.,Re-measure the leading domains in approximately 3 months and compare with the personal baseline.,No persistent adverse multidomain trend detected relative to the personal baseline.,
SA-038,Early Change,Month 3,3,56,Female,165.9,1.01,118.2,92.8,2.19,11.2,61.0,27.0,6.51,9239.0,26.0,5.35,5.2,4.1,0.81,1.31,3.07,4.75,0.98,0.26,20.0,22.9,65.8,23.9,85.6,25.1,27.0,8.6,0.0,9.1,0.0,1.0,3.0,Stable,Recovery / activity,Body composition,"Prioritize sleep regularity, recovery and progressive daily physical activity.","Prioritize resistance exercise, adequate protein/nutrition and reduction of central adiposity where appropriate.",Re-measure the leading domains in approximately 3 months and compare with the personal baseline.,No persistent adverse multidomain trend detected relative to the personal baseline.,
SA-038,Early Change,Month 6,6,56,Female,165.9,1.01,118.3,92.8,2.18,11.2,62.0,26.7,6.49,9193.0,25.9,5.43,5.26,4.6,0.92,1.28,3.16,4.86,1.01,0.45,20.0,22.8,66.1,24.0,86.1,25.5,26.9,8.8,0.0,11.2,4.5,9.0,7.0,Stable,Recovery / activity,Body composition,"Prioritize sleep regularity, recovery and progressive daily physical activity.","Prioritize resistance exercise, adequate protein/nutrition and reduction of central adiposity where appropriate.",Re-measure the leading domains in approximately 3 months and compare with the personal baseline.,No persistent adverse multidomain trend detected relative to the personal baseline.,
SA-038,Early Change,Month 9,9,56,Female,165.9,1.01,118.1,92.7,2.21,11.3,63.0,23.4,6.29,8704.0,24.8,5.51,5.32,5.1,1.03,1.25,3.25,4.97,1.04,0.62,21.0,22.2,66.3,24.1,86.8,25.8,26.8,9.0,1.2,33.3,14.7,18.0,19.1,Early multidomain change,Recovery / activity,Body composition,"Prioritize sleep regularity, recovery and progressive daily physical activity.","Prioritize resistance exercise, adequate protein/nutrition and reduction of central adiposity where appropriate.",Re-measure the leading domains in approximately 3 months and compare with the personal baseline.,"Early coordinated change is emerging, led by recovery / activity while other domains remain relatively preserved.",
SA-038,Early Change,Month 12,12,56,Female,165.9,0.99,117.4,92.2,2.29,11.5,63.0,23.5,6.29,8716.0,24.8,5.54,5.34,5.3,1.07,1.24,3.28,5.01,1.05,0.68,21.0,22.3,66.6,24.2,87.3,26.1,26.8,9.1,11.7,32.7,18.1,25.1,23.3,Early multidomain change,Recovery / activity,Body composition,"Prioritize sleep regularity, recovery and progressive daily physical activity.","Prioritize resistance exercise, adequate protein/nutrition and reduction of central adiposity where appropriate.",Re-measure the leading domains in approximately 3 months and compare with the personal baseline.,"Early coordinated change is emerging, led by recovery / activity while other domains remain relatively preserved.",
SA-039,Early Change,Baseline,0,46,Male,174.5,1.35,112.5,97.0,2.23,10.9,61.0,42.5,7.27,10467.0,34.0,5.25,4.76,7.4,1.5,1.48,2.73,4.88,0.78,0.77,21.0,23.7,83.5,27.4,85.9,20.7,32.0,6.0,0.0,0.0,0.0,0.6,0.1,Stable,Body composition,Recovery / activity,"Prioritize resistance exercise, adequate protein/nutrition and reduction of central adiposity where appropriate.","Prioritize sleep regularity, recovery and progressive daily physical activity.",Re-measure the leading domains in approximately 3 months and compare with the personal baseline.,No persistent adverse multidomain trend detected relative to the personal baseline.,
SA-039,Early Change,Month 1,1,46,Male,174.5,1.35,112.4,96.9,2.25,11.0,61.0,42.6,7.27,10486.0,34.1,5.28,4.79,7.6,1.54,1.47,2.76,4.92,0.79,0.84,21.0,23.8,83.5,27.4,86.0,20.7,32.0,6.1,0.5,0.0,1.5,1.1,0.8,Stable,Metabolic trend,Body composition,Review nutrition and activity habits; confirm persistent abnormal laboratory values with an appropriate clinician.,"Prioritize resistance exercise, adequate protein/nutrition and reduction of central adiposity where appropriate.",Re-measure the leading domains in approximately 3 months and compare with the personal baseline.,No persistent adverse multidomain trend detected relative to the personal baseline.,
SA-039,Early Change,Month 3,3,46,Male,174.5,1.35,112.4,96.8,2.25,11.0,62.0,40.5,7.14,10176.0,33.4,5.28,4.78,7.5,1.53,1.47,2.75,4.91,0.79,0.83,21.0,23.4,83.6,27.5,86.2,20.8,32.0,6.1,0.6,12.1,1.1,4.7,5.2,Stable,Recovery / activity,Body composition,"Prioritize sleep regularity, recovery and progressive daily physical activity.","Prioritize resistance exercise, adequate protein/nutrition and reduction of central adiposity where appropriate.",Re-measure the leading domains in approximately 3 months and compare with the personal baseline.,No persistent adverse multidomain trend detected relative to the personal baseline.,
SA-039,Early Change,Month 6,6,46,Male,174.5,1.35,112.5,96.9,2.23,10.9,63.0,39.7,7.1,10064.0,33.1,5.37,4.85,8.1,1.66,1.43,2.86,5.04,0.83,1.04,22.0,23.3,83.8,27.5,86.6,21.0,31.9,6.2,0.0,17.2,13.2,9.7,11.5,Stable,Recovery / activity,Metabolic trend,"Prioritize sleep regularity, recovery and progressive daily physical activity.",Review nutrition and activity habits; confirm persistent abnormal laboratory values with an appropriate clinician.,Re-measure the leading domains in approximately 3 months and compare with the personal baseline.,No persistent adverse multidomain trend detected relative to the personal baseline.,
SA-039,Early Change,Month 9,9,46,Male,174.5,1.35,112.3,96.8,2.26,11.0,63.0,38.7,7.04,9915.0,32.8,5.38,4.86,8.2,1.68,1.43,2.87,5.06,0.83,1.06,22.0,23.1,84.1,27.6,87.2,21.4,31.8,6.4,1.9,23.9,14.7,19.0,16.6,Early multidomain change,Recovery / activity,Body composition,"Prioritize sleep regularity, recovery and progressive daily physical activity.","Prioritize resistance exercise, adequate protein/nutrition and reduction of central adiposity where appropriate.",Re-measure the leading domains in approximately 3 months and compare with the personal baseline.,"Early coordinated change is emerging, led by recovery / activity while other domains remain relatively preserved.",
SA-039,Early Change,Month 12,12,46,Male,174.5,1.33,111.6,96.3,2.34,11.2,64.0,36.5,6.9,9583.0,32.0,5.41,4.88,8.3,1.71,1.42,2.9,5.09,0.84,1.12,23.0,22.7,84.2,27.7,87.6,21.6,31.8,6.5,12.3,38.9,17.9,24.2,24.9,Early multidomain change,Recovery / activity,Body composition,"Prioritize sleep regularity, recovery and progressive daily physical activity.","Prioritize resistance exercise, adequate protein/nutrition and reduction of central adiposity where appropriate.",Re-measure the leading domains in approximately 3 months and compare with the personal baseline.,"Early coordinated change is emerging, led by recovery / activity while other domains remain relatively preserved.",
SA-040,Early Change,Baseline,0,58,Female,157.4,1.3,107.0,97.8,2.47,10.0,57.0,47.8,7.18,5936.0,29.3,5.18,4.58,7.3,0.88,1.89,2.35,4.63,0.98,0.62,24.0,35.9,86.1,34.7,87.5,29.1,31.3,7.9,0.6,0.0,0.0,2.8,0.8,Stable,Body composition,Functional mobility,"Prioritize resistance exercise, adequate protein/nutrition and reduction of central adiposity where appropriate.","Maintain or progress walking, balance and strength work; reassess mobility if decline persists.",Re-measure the leading domains in approximately 3 months and compare with the personal baseline.,No persistent adverse multidomain trend detected relative to the personal baseline.,
SA-040,Early Change,Month 1,1,58,Female,157.4,1.3,107.1,97.9,2.46,10.0,58.0,46.6,7.1,5764.0,28.9,5.24,4.63,7.7,0.96,1.86,2.42,4.72,1.0,0.76,24.0,35.7,86.1,34.7,87.4,29.0,31.3,7.9,0.0,6.1,5.4,1.8,3.9,Stable,Recovery / activity,Metabolic trend,"Prioritize sleep regularity, recovery and progressive daily physical activity.",Review nutrition and activity habits; confirm persistent abnormal laboratory values with an appropriate clinician.,Re-measure the leading domains in approximately 3 months and compare with the personal baseline.,No persistent adverse multidomain trend detected relative to the personal baseline.,
SA-040,Early Change,Month 3,3,58,Female,157.4,1.3,107.0,97.8,2.48,10.0,58.0,47.0,7.13,5813.0,29.0,5.21,4.61,7.5,0.93,1.87,2.39,4.68,0.99,0.7,24.0,35.8,86.0,34.7,87.4,29.0,31.3,7.9,1.0,3.9,1.8,1.7,2.3,Stable,Recovery / activity,Metabolic trend,"Prioritize sleep regularity, recovery and progressive daily physical activity.",Review nutrition and activity habits; confirm persistent abnormal laboratory values with an appropriate clinician.,Re-measure the leading domains in approximately 3 months and compare with the personal baseline.,No persistent adverse multidomain trend detected relative to the personal baseline.,
SA-040,Early Change,Month 6,6,58,Female,157.4,1.3,107.2,97.9,2.45,10.0,59.0,44.9,7.0,5504.0,28.3,5.27,4.65,7.9,1.0,1.85,2.46,4.76,1.01,0.83,24.0,35.4,86.2,34.8,87.8,29.3,31.3,8.0,0.0,17.9,9.1,8.0,10.1,Stable,Recovery / activity,Metabolic trend,"Prioritize sleep regularity, recovery and progressive daily physical activity.",Review nutrition and activity habits; confirm persistent abnormal laboratory values with an appropriate clinician.,Re-measure the leading domains in approximately 3 months and compare with the personal baseline.,No persistent adverse multidomain trend detected relative to the personal baseline.,
SA-040,Early Change,Month 9,9,58,Female,157.4,1.29,106.6,97.5,2.52,10.2,60.0,43.0,6.88,5229.0,27.7,5.32,4.69,8.2,1.07,1.83,2.51,4.82,1.03,0.93,25.0,35.1,86.8,35.0,89.1,30.0,31.1,8.3,6.1,30.3,15.0,25.8,21.0,Early multidomain change,Recovery / activity,Body composition,"Prioritize sleep regularity, recovery and progressive daily physical activity.","Prioritize resistance exercise, adequate protein/nutrition and reduction of central adiposity where appropriate.",Re-measure the leading domains in approximately 3 months and compare with the personal baseline.,"Early coordinated change is emerging, led by recovery / activity while other domains remain relatively preserved.",
SA-040,Early Change,Month 12,12,58,Female,157.4,1.28,106.6,97.5,2.53,10.2,60.0,42.6,6.85,5163.0,27.5,5.35,4.71,8.4,1.11,1.82,2.54,4.87,1.04,1.0,25.0,35.0,86.6,35.0,88.7,29.7,31.1,8.2,7.5,33.3,19.3,19.4,21.8,Early multidomain change,Recovery / activity,Body composition,"Prioritize sleep regularity, recovery and progressive daily physical activity.","Prioritize resistance exercise, adequate protein/nutrition and reduction of central adiposity where appropriate.",Re-measure the leading domains in approximately 3 months and compare with the personal baseline.,"Early coordinated change is emerging, led by recovery / activity while other domains remain relatively preserved.",
SA-041,Early Change,Baseline,0,53,Male,179.6,1.35,109.7,96.5,2.01,7.7,61.0,47.0,6.51,7897.0,42.4,4.25,5.02,7.9,1.17,1.06,2.74,4.33,1.05,1.14,22.0,26.3,85.5,26.5,88.6,21.2,36.8,7.5,1.3,0.0,0.5,1.3,0.7,Stable,Functional mobility,Body composition,"Maintain or progress walking, balance and strength work; reassess mobility if decline persists.","Prioritize resistance exercise, adequate protein/nutrition and reduction of central adiposity where appropriate.",Re-measure the leading domains in approximately 3 months and compare with the personal baseline.,No persistent adverse multidomain trend detected relative to the personal baseline.,
SA-041,Early Change,Month 1,1,53,Male,179.6,1.35,109.7,96.4,2.01,7.7,61.0,46.2,6.46,7773.0,42.2,4.25,5.02,7.9,1.17,1.06,2.74,4.33,1.04,1.14,22.0,26.2,85.5,26.5,88.7,21.2,36.8,7.5,1.6,3.4,0.3,2.3,1.9,Stable,Recovery / activity,Body composition,"Prioritize sleep regularity, recovery and progressive daily physical activity.","Prioritize resistance exercise, adequate protein/nutrition and reduction of central adiposity where appropriate.",Re-measure the leading domains in approximately 3 months and compare with the personal baseline.,No persistent adverse multidomain trend detected relative to the personal baseline.,
SA-041,Early Change,Month 3,3,53,Male,179.6,1.35,109.6,96.4,2.02,7.7,62.0,44.9,6.38,7587.0,41.7,4.21,4.99,7.7,1.11,1.08,2.69,4.27,1.03,1.05,22.0,26.0,85.5,26.5,88.7,21.2,36.8,7.5,3.2,11.8,0.0,2.2,4.6,Stable,Recovery / activity,Functional mobility,"Prioritize sleep regularity, recovery and progressive daily physical activity.","Maintain or progress walking, balance and strength work; reassess mobility if decline persists.",Re-measure the leading domains in approximately 3 months and compare with the personal baseline.,No persistent adverse multidomain trend detected relative to the personal baseline.,
SA-041,Early Change,Month 6,6,53,Male,179.6,1.35,109.7,96.4,2.01,7.7,62.0,43.9,6.32,7441.0,41.4,4.28,5.05,8.1,1.22,1.05,2.78,4.38,1.06,1.22,23.0,25.8,85.6,26.5,89.0,21.4,36.8,7.6,1.6,18.4,5.0,6.3,8.8,Stable,Recovery / activity,Body composition,"Prioritize sleep regularity, recovery and progressive daily physical activity.","Prioritize resistance exercise, adequate protein/nutrition and reduction of central adiposity where appropriate.",Re-measure the leading domains in approximately 3 months and compare with the personal baseline.,No persistent adverse multidomain trend detected relative to the personal baseline.,
SA-041,Early Change,Month 9,9,53,Male,179.6,1.35,109.7,96.4,2.02,7.7,63.0,42.9,6.26,7289.0,41.1,4.39,5.12,8.8,1.36,1.01,2.89,4.52,1.09,1.44,24.0,25.6,85.9,26.6,89.7,21.8,36.7,7.8,2.7,25.3,17.9,16.4,17.5,Early multidomain change,Recovery / activity,Metabolic trend,"Prioritize sleep regularity, recovery and progressive daily physical activity.",Review nutrition and activity habits; confirm persistent abnormal laboratory values with an appropriate clinician.,Re-measure the leading domains in approximately 3 months and compare with the personal baseline.,"Early coordinated change is emerging, led by recovery / activity while other domains remain relatively preserved.",
SA-041,Early Change,Month 12,12,53,Male,179.6,1.33,109.1,96.0,2.08,7.9,63.0,41.8,6.19,7135.0,40.7,4.42,5.15,9.0,1.4,0.99,2.93,4.56,1.11,1.51,24.0,25.4,86.2,26.7,90.3,22.1,36.6,7.9,10.8,32.2,22.1,25.1,24.2,Early multidomain change,Recovery / activity,Body composition,"Prioritize sleep regularity, recovery and progressive daily physical activity.","Prioritize resistance exercise, adequate protein/nutrition and reduction of central adiposity where appropriate.",Re-measure the leading domains in approximately 3 months and compare with the personal baseline.,"Early coordinated change is emerging, led by recovery / activity while other domains remain relatively preserved.",
SA-042,Early Change,Baseline,0,48,Female,166.2,1.37,114.0,96.8,2.19,10.2,63.0,47.7,8.37,7017.0,40.3,5.37,5.27,12.1,0.93,1.63,2.2,4.25,0.82,0.88,29.0,32.4,74.4,26.9,79.9,29.3,25.4,7.9,5.7,4.4,0.0,0.0,2.2,Stable,Functional mobility,Recovery / activity,"Maintain or progress walking, balance and strength work; reassess mobility if decline persists.","Prioritize sleep regularity, recovery and progressive daily physical activity.",Re-measure the leading domains in approximately 3 months and compare with the personal baseline.,No persistent adverse multidomain trend detected relative to the personal baseline.,
SA-042,Early Change,Month 1,1,48,Female,166.2,1.38,114.5,97.2,2.13,10.0,63.0,47.7,8.37,7019.0,40.3,5.36,5.26,12.0,0.92,1.64,2.19,4.24,0.82,0.86,29.0,32.4,74.3,26.9,79.8,29.2,25.5,7.9,0.0,4.3,0.0,0.0,1.3,Stable,Recovery / activity,Metabolic trend,"Prioritize sleep regularity, recovery and progressive daily physical activity.",Review nutrition and activity habits; confirm persistent abnormal laboratory values with an appropriate clinician.,Re-measure the leading domains in approximately 3 months and compare with the personal baseline.,No persistent adverse multidomain trend detected relative to the personal baseline.,
SA-042,Early Change,Month 3,3,48,Female,166.2,1.38,114.3,97.1,2.15,10.1,64.0,46.5,8.3,6848.0,39.9,5.38,5.28,12.2,0.94,1.63,2.21,4.27,0.82,0.9,29.0,32.2,74.5,27.0,80.2,29.5,25.4,8.0,0.0,12.0,0.4,3.4,4.6,Stable,Recovery / activity,Body composition,"Prioritize sleep regularity, recovery and progressive daily physical activity.","Prioritize resistance exercise, adequate protein/nutrition and reduction of central adiposity where appropriate.",Re-measure the leading domains in approximately 3 months and compare with the personal baseline.,No persistent adverse multidomain trend detected relative to the personal baseline.,
SA-042,Early Change,Month 6,6,48,Female,166.2,1.38,114.3,97.0,2.15,10.1,64.0,45.3,8.23,6670.0,39.5,5.41,5.3,12.3,0.98,1.62,2.24,4.31,0.84,0.96,29.0,32.0,74.7,27.0,80.6,29.7,25.3,8.1,0.5,20.1,4.0,8.8,9.5,Stable,Recovery / activity,Body composition,"Prioritize sleep regularity, recovery and progressive daily physical activity.","Prioritize resistance exercise, adequate protein/nutrition and reduction of central adiposity where appropriate.",Re-measure the leading domains in approximately 3 months and compare with the personal baseline.,No persistent adverse multidomain trend detected relative to the personal baseline.,
SA-042,Early Change,Month 9,9,48,Female,166.2,1.37,113.9,96.8,2.2,10.2,65.0,44.1,8.15,6487.0,39.1,5.47,5.34,12.7,1.06,1.59,2.31,4.39,0.86,1.1,30.0,31.8,75.0,27.2,81.3,30.1,25.2,8.3,6.3,28.4,11.7,18.7,17.7,Early multidomain change,Recovery / activity,Body composition,"Prioritize sleep regularity, recovery and progressive daily physical activity.","Prioritize resistance exercise, adequate protein/nutrition and reduction of central adiposity where appropriate.",Re-measure the leading domains in approximately 3 months and compare with the personal baseline.,"Early coordinated change is emerging, led by recovery / activity while other domains remain relatively preserved.",
SA-042,Early Change,Month 12,12,48,Female,166.2,1.36,113.5,96.5,2.25,10.4,65.0,43.5,8.11,6397.0,38.9,5.52,5.38,13.0,1.13,1.57,2.37,4.46,0.88,1.21,30.0,31.7,75.1,27.2,81.6,30.2,25.2,8.4,12.5,32.4,18.4,23.0,22.9,Early multidomain change,Recovery / activity,Body composition,"Prioritize sleep regularity, recovery and progressive daily physical activity.","Prioritize resistance exercise, adequate protein/nutrition and reduction of central adiposity where appropriate.",Re-measure the leading domains in approximately 3 months and compare with the personal baseline.,"Early coordinated change is emerging, led by recovery / activity while other domains remain relatively preserved.",
SA-043,Early Change,Baseline,0,62,Female,172.5,1.19,109.2,95.3,2.44,10.1,66.0,52.6,7.56,7412.0,50.9,5.08,4.78,4.8,0.53,1.55,2.58,4.38,0.81,1.98,27.0,35.9,95.2,32.0,68.1,25.2,22.6,5.7,0.4,0.0,0.1,0.0,0.1,Stable,Functional mobility,Metabolic trend,"Maintain or progress walking, balance and strength work; reassess mobility if decline persists.",Review nutrition and activity habits; confirm persistent abnormal laboratory values with an appropriate clinician.,Re-measure the leading domains in approximately 3 months and compare with the personal baseline.,No persistent adverse multidomain trend detected relative to the personal baseline.,
SA-043,Early Change,Month 1,1,62,Female,172.5,1.19,109.2,95.3,2.43,10.1,66.0,52.6,7.56,7419.0,50.9,5.08,4.78,4.8,0.53,1.55,2.58,4.38,0.81,1.98,27.0,35.9,95.3,32.0,68.3,25.3,22.5,5.8,0.0,0.0,0.0,0.0,0.0,Stable,Metabolic trend,Recovery / activity,Review nutrition and activity habits; confirm persistent abnormal laboratory values with an appropriate clinician.,"Prioritize sleep regularity, recovery and progressive daily physical activity.",Re-measure the leading domains in approximately 3 months and compare with the personal baseline.,No persistent adverse multidomain trend detected relative to the personal baseline.,
SA-043,Early Change,Month 3,3,62,Female,172.5,1.19,109.2,95.3,2.44,10.1,67.0,51.2,7.48,7209.0,50.4,5.08,4.78,4.8,0.52,1.56,2.58,4.37,0.8,1.97,27.0,35.7,95.4,32.1,68.5,25.4,22.5,5.9,0.2,5.9,0.0,2.9,2.5,Stable,Recovery / activity,Body composition,"Prioritize sleep regularity, recovery and progressive daily physical activity.","Prioritize resistance exercise, adequate protein/nutrition and reduction of central adiposity where appropriate.",Re-measure the leading domains in approximately 3 months and compare with the personal baseline.,No persistent adverse multidomain trend detected relative to the personal baseline.,
SA-043,Early Change,Month 6,6,62,Female,172.5,1.19,109.3,95.3,2.43,10.0,68.0,49.2,7.35,6906.0,49.7,5.13,4.82,5.1,0.59,1.53,2.64,4.44,0.82,2.08,27.0,35.3,95.8,32.2,69.3,25.9,22.4,6.1,0.0,19.6,6.2,14.2,11.3,Stable,Recovery / activity,Body composition,"Prioritize sleep regularity, recovery and progressive daily physical activity.","Prioritize resistance exercise, adequate protein/nutrition and reduction of central adiposity where appropriate.",Re-measure the leading domains in approximately 3 months and compare with the personal baseline.,No persistent adverse multidomain trend detected relative to the personal baseline.,
SA-043,Early Change,Month 9,9,62,Female,172.5,1.18,108.8,95.0,2.49,10.2,68.0,47.9,7.27,6725.0,49.3,5.18,4.86,5.4,0.66,1.51,2.69,4.51,0.84,2.2,28.0,35.1,95.9,32.2,69.7,26.1,22.3,6.2,6.6,27.8,12.8,19.5,18.0,Early multidomain change,Recovery / activity,Body composition,"Prioritize sleep regularity, recovery and progressive daily physical activity.","Prioritize resistance exercise, adequate protein/nutrition and reduction of central adiposity where appropriate.",Re-measure the leading domains in approximately 3 months and compare with the personal baseline.,"Early coordinated change is emerging, led by recovery / activity while other domains remain relatively preserved.",
SA-043,Early Change,Month 12,12,62,Female,172.5,1.18,108.7,94.9,2.5,10.2,69.0,46.3,7.17,6489.0,48.8,5.29,4.93,6.1,0.81,1.47,2.81,4.65,0.88,2.42,29.0,34.8,96.2,32.3,70.3,26.4,22.2,6.4,8.0,38.4,26.0,28.1,27.5,Early multidomain change,Recovery / activity,Body composition,"Prioritize sleep regularity, recovery and progressive daily physical activity.","Prioritize resistance exercise, adequate protein/nutrition and reduction of central adiposity where appropriate.",Re-measure the leading domains in approximately 3 months and compare with the personal baseline.,"Early coordinated change is emerging, led by recovery / activity while other domains remain relatively preserved.",
SA-044,Early Change,Baseline,0,67,Female,165.1,1.31,106.3,95.5,2.4,10.2,67.0,73.0,7.4,8736.0,31.8,4.56,5.65,5.0,0.75,1.54,2.61,4.49,0.74,0.72,32.0,23.7,69.2,25.4,77.0,21.7,25.3,6.0,0.0,0.0,1.4,2.6,1.1,Stable,Body composition,Metabolic trend,"Prioritize resistance exercise, adequate protein/nutrition and reduction of central adiposity where appropriate.",Review nutrition and activity habits; confirm persistent abnormal laboratory values with an appropriate clinician.,Re-measure the leading domains in approximately 3 months and compare with the personal baseline.,No persistent adverse multidomain trend detected relative to the personal baseline.,
SA-044,Early Change,Month 1,1,67,Female,165.1,1.3,106.1,95.3,2.43,10.2,67.0,72.6,7.38,8686.0,31.7,4.55,5.64,5.0,0.74,1.54,2.6,4.47,0.74,0.69,32.0,23.6,69.1,25.3,76.7,21.5,25.4,5.9,2.4,0.0,0.0,0.0,0.4,Stable,Functional mobility,Recovery / activity,"Maintain or progress walking, balance and strength work; reassess mobility if decline persists.","Prioritize sleep regularity, recovery and progressive daily physical activity.",Re-measure the leading domains in approximately 3 months and compare with the personal baseline.,No persistent adverse multidomain trend detected relative to the personal baseline.,
SA-044,Early Change,Month 3,3,67,Female,165.1,1.32,106.6,95.7,2.37,10.1,67.0,71.5,7.3,8514.0,31.3,4.56,5.66,5.1,0.76,1.53,2.62,4.49,0.74,0.73,32.0,23.4,69.2,25.4,77.1,21.7,25.3,6.0,0.0,5.1,1.9,4.2,3.2,Stable,Recovery / activity,Body composition,"Prioritize sleep regularity, recovery and progressive daily physical activity.","Prioritize resistance exercise, adequate protein/nutrition and reduction of central adiposity where appropriate.",Re-measure the leading domains in approximately 3 months and compare with the personal baseline.,No persistent adverse multidomain trend detected relative to the personal baseline.,
SA-044,Early Change,Month 6,6,67,Female,165.1,1.31,106.2,95.4,2.41,10.2,69.0,69.1,7.16,8160.0,30.5,4.61,5.69,5.4,0.82,1.52,2.67,4.56,0.76,0.83,32.0,23.0,69.4,25.5,77.4,21.9,25.3,6.1,0.5,21.1,7.9,7.8,10.7,Stable,Recovery / activity,Metabolic trend,"Prioritize sleep regularity, recovery and progressive daily physical activity.",Review nutrition and activity habits; confirm persistent abnormal laboratory values with an appropriate clinician.,Re-measure the leading domains in approximately 3 months and compare with the personal baseline.,No persistent adverse multidomain trend detected relative to the personal baseline.,
SA-044,Early Change,Month 9,9,67,Female,165.1,1.3,106.0,95.3,2.43,10.3,69.0,67.7,7.07,7962.0,30.0,4.61,5.69,5.3,0.82,1.52,2.66,4.55,0.76,0.82,32.0,22.8,69.7,25.6,78.2,22.3,25.1,6.4,3.3,30.0,7.3,19.4,16.5,Early multidomain change,Recovery / activity,Body composition,"Prioritize sleep regularity, recovery and progressive daily physical activity.","Prioritize resistance exercise, adequate protein/nutrition and reduction of central adiposity where appropriate.",Re-measure the leading domains in approximately 3 months and compare with the personal baseline.,"Early coordinated change is emerging, led by recovery / activity while other domains remain relatively preserved.",
SA-044,Early Change,Month 12,12,67,Female,165.1,1.29,105.5,94.9,2.5,10.4,70.0,66.9,7.02,7842.0,29.8,4.73,5.77,6.1,0.98,1.47,2.79,4.71,0.8,1.08,33.0,22.6,69.9,25.6,78.5,22.5,25.1,6.4,11.5,35.5,22.3,24.0,25.1,Early multidomain change,Recovery / activity,Body composition,"Prioritize sleep regularity, recovery and progressive daily physical activity.","Prioritize resistance exercise, adequate protein/nutrition and reduction of central adiposity where appropriate.",Re-measure the leading domains in approximately 3 months and compare with the personal baseline.,"Early coordinated change is emerging, led by recovery / activity while other domains remain relatively preserved.",
SA-045,Early Change,Baseline,0,41,Female,153.9,1.32,92.7,95.3,2.81,9.3,49.0,60.2,7.17,9467.0,39.5,5.22,5.38,8.9,1.81,1.77,1.84,4.43,0.97,1.46,32.0,26.5,66.0,27.9,85.5,23.7,27.5,9.4,0.0,4.1,7.2,2.6,4.0,Stable,Metabolic trend,Recovery / activity,Review nutrition and activity habits; confirm persistent abnormal laboratory values with an appropriate clinician.,"Prioritize sleep regularity, recovery and progressive daily physical activity.",Re-measure the leading domains in approximately 3 months and compare with the personal baseline.,No persistent adverse multidomain trend detected relative to the personal baseline.,
SA-045,Early Change,Month 1,1,41,Female,153.9,1.32,92.7,95.3,2.81,9.3,49.0,60.7,7.2,9532.0,39.6,5.15,5.33,8.5,1.72,1.8,1.77,4.34,0.95,1.31,31.0,26.6,65.9,27.8,85.3,23.5,27.5,9.3,0.0,1.1,0.0,0.0,0.3,Stable,Recovery / activity,Metabolic trend,"Prioritize sleep regularity, recovery and progressive daily physical activity.",Review nutrition and activity habits; confirm persistent abnormal laboratory values with an appropriate clinician.,Re-measure the leading domains in approximately 3 months and compare with the personal baseline.,No persistent adverse multidomain trend detected relative to the personal baseline.,
SA-045,Early Change,Month 3,3,41,Female,153.9,1.31,92.7,95.3,2.81,9.3,49.0,61.0,7.22,9578.0,39.7,5.17,5.35,8.6,1.74,1.79,1.79,4.36,0.95,1.35,31.0,26.6,66.0,27.9,85.6,23.7,27.5,9.4,0.0,0.0,1.0,3.2,1.1,Stable,Body composition,Metabolic trend,"Prioritize resistance exercise, adequate protein/nutrition and reduction of central adiposity where appropriate.",Review nutrition and activity habits; confirm persistent abnormal laboratory values with an appropriate clinician.,Re-measure the leading domains in approximately 3 months and compare with the personal baseline.,No persistent adverse multidomain trend detected relative to the personal baseline.,
SA-045,Early Change,Month 6,6,41,Female,153.9,1.31,92.6,95.2,2.83,9.4,51.0,57.2,6.98,9020.0,38.4,5.24,5.4,9.1,1.85,1.76,1.87,4.47,0.98,1.52,32.0,26.0,66.3,28.0,86.1,24.0,27.4,9.5,0.5,24.3,10.6,11.2,13.3,Early multidomain change,Recovery / activity,Body composition,"Prioritize sleep regularity, recovery and progressive daily physical activity.","Prioritize resistance exercise, adequate protein/nutrition and reduction of central adiposity where appropriate.",Re-measure the leading domains in approximately 3 months and compare with the personal baseline.,"Early coordinated change is emerging, led by recovery / activity while other domains remain relatively preserved.",
SA-045,Early Change,Month 9,9,41,Female,153.9,1.3,92.3,95.0,2.86,9.5,51.0,56.5,6.94,8912.0,38.2,5.3,5.44,9.4,1.92,1.74,1.93,4.54,1.0,1.64,33.0,25.8,66.5,28.1,86.7,24.3,27.3,9.7,5.0,29.1,17.8,18.6,19.5,Early multidomain change,Recovery / activity,Body composition,"Prioritize sleep regularity, recovery and progressive daily physical activity.","Prioritize resistance exercise, adequate protein/nutrition and reduction of central adiposity where appropriate.",Re-measure the leading domains in approximately 3 months and compare with the personal baseline.,"Early coordinated change is emerging, led by recovery / activity while other domains remain relatively preserved.",
SA-045,Early Change,Month 12,12,41,Female,153.9,1.29,91.9,94.7,2.91,9.6,52.0,55.3,6.87,8744.0,37.8,5.32,5.46,9.5,1.95,1.73,1.95,4.57,1.01,1.68,33.0,25.6,66.7,28.2,87.2,24.6,27.2,9.8,10.7,36.7,20.2,25.5,25.1,Early multidomain change,Recovery / activity,Body composition,"Prioritize sleep regularity, recovery and progressive daily physical activity.","Prioritize resistance exercise, adequate protein/nutrition and reduction of central adiposity where appropriate.",Re-measure the leading domains in approximately 3 months and compare with the personal baseline.,"Early coordinated change is emerging, led by recovery / activity while other domains remain relatively preserved.",
SA-046,Early Change,Baseline,0,62,Female,163.4,1.35,97.5,98.9,2.42,11.3,56.0,27.9,7.37,7925.0,35.2,5.01,5.93,8.7,1.34,1.77,3.45,5.82,0.84,0.28,22.0,36.6,73.8,27.6,92.0,34.7,25.1,2.7,3.2,0.0,0.0,0.0,0.5,Stable,Functional mobility,Recovery / activity,"Maintain or progress walking, balance and strength work; reassess mobility if decline persists.","Prioritize sleep regularity, recovery and progressive daily physical activity.",Re-measure the leading domains in approximately 3 months and compare with the personal baseline.,No persistent adverse multidomain trend detected relative to the personal baseline.,
SA-046,Early Change,Month 1,1,62,Female,163.4,1.35,97.7,99.1,2.39,11.2,57.0,26.5,7.29,7727.0,34.8,5.04,5.95,8.9,1.38,1.76,3.48,5.86,0.85,0.35,22.0,36.4,73.8,27.7,92.2,34.8,25.0,2.8,0.0,5.5,1.7,1.8,2.6,Stable,Recovery / activity,Body composition,"Prioritize sleep regularity, recovery and progressive daily physical activity.","Prioritize resistance exercise, adequate protein/nutrition and reduction of central adiposity where appropriate.",Re-measure the leading domains in approximately 3 months and compare with the personal baseline.,No persistent adverse multidomain trend detected relative to the personal baseline.,
SA-046,Early Change,Month 3,3,62,Female,163.4,1.35,97.7,99.0,2.39,11.2,57.0,26.0,7.26,7641.0,34.6,4.98,5.91,8.5,1.3,1.78,3.41,5.77,0.83,0.21,21.0,36.3,73.8,27.7,92.1,34.7,25.0,2.8,0.3,9.4,0.0,1.1,3.2,Stable,Recovery / activity,Body composition,"Prioritize sleep regularity, recovery and progressive daily physical activity.","Prioritize resistance exercise, adequate protein/nutrition and reduction of central adiposity where appropriate.",Re-measure the leading domains in approximately 3 months and compare with the personal baseline.,No persistent adverse multidomain trend detected relative to the personal baseline.,
SA-046,Early Change,Month 6,6,62,Female,163.4,1.35,97.5,98.9,2.42,11.3,58.0,24.6,7.17,7437.0,34.1,5.12,6.01,9.4,1.49,1.73,3.56,5.96,0.88,0.51,22.0,36.0,74.2,27.8,93.1,35.3,24.9,3.0,3.3,18.6,11.4,14.5,13.1,Early multidomain change,Recovery / activity,Body composition,"Prioritize sleep regularity, recovery and progressive daily physical activity.","Prioritize resistance exercise, adequate protein/nutrition and reduction of central adiposity where appropriate.",Re-measure the leading domains in approximately 3 months and compare with the personal baseline.,"Early coordinated change is emerging, led by recovery / activity while other domains remain relatively preserved.",
SA-046,Early Change,Month 9,9,62,Female,163.4,1.33,97.0,98.6,2.47,11.4,58.0,24.0,7.13,7346.0,33.9,5.15,6.03,9.6,1.53,1.71,3.6,6.0,0.89,0.58,23.0,35.9,74.3,27.8,93.3,35.4,24.9,3.1,10.2,22.8,15.3,16.8,17.2,Early multidomain change,Recovery / activity,Body composition,"Prioritize sleep regularity, recovery and progressive daily physical activity.","Prioritize resistance exercise, adequate protein/nutrition and reduction of central adiposity where appropriate.",Re-measure the leading domains in approximately 3 months and compare with the personal baseline.,"Early coordinated change is emerging, led by recovery / activity while other domains remain relatively preserved.",
SA-046,Early Change,Month 12,12,62,Female,163.4,1.34,97.2,98.7,2.45,11.4,60.0,21.3,6.97,6960.0,33.0,5.19,6.06,9.8,1.58,1.7,3.63,6.05,0.91,0.66,23.0,35.5,74.6,28.0,94.0,35.8,24.7,3.3,7.9,40.2,19.9,27.6,26.1,Early multidomain change,Recovery / activity,Body composition,"Prioritize sleep regularity, recovery and progressive daily physical activity.","Prioritize resistance exercise, adequate protein/nutrition and reduction of central adiposity where appropriate.",Re-measure the leading domains in approximately 3 months and compare with the personal baseline.,"Early coordinated change is emerging, led by recovery / activity while other domains remain relatively preserved.",
SA-047,Early Change,Baseline,0,62,Male,176.6,1.23,111.3,96.9,2.27,10.9,52.0,39.9,7.58,6993.0,32.4,5.25,5.54,7.0,0.48,1.52,1.75,3.49,0.93,0.56,15.0,26.5,80.9,26.0,103.6,20.2,23.3,8.5,0.0,0.0,1.6,0.0,0.5,Stable,Metabolic trend,Recovery / activity,Review nutrition and activity habits; confirm persistent abnormal laboratory values with an appropriate clinician.,"Prioritize sleep regularity, recovery and progressive daily physical activity.",Re-measure the leading domains in approximately 3 months and compare with the personal baseline.,No persistent adverse multidomain trend detected relative to the personal baseline.,
SA-047,Early Change,Month 1,1,62,Male,176.6,1.23,111.4,97.0,2.27,10.9,53.0,38.8,7.52,6838.0,32.0,5.22,5.52,6.8,0.44,1.53,1.72,3.45,0.92,0.5,15.0,26.3,81.0,26.0,103.8,20.3,23.2,8.5,0.0,6.3,0.0,0.8,2.1,Stable,Recovery / activity,Body composition,"Prioritize sleep regularity, recovery and progressive daily physical activity.","Prioritize resistance exercise, adequate protein/nutrition and reduction of central adiposity where appropriate.",Re-measure the leading domains in approximately 3 months and compare with the personal baseline.,No persistent adverse multidomain trend detected relative to the personal baseline.,
SA-047,Early Change,Month 3,3,62,Male,176.6,1.24,111.6,97.1,2.24,10.8,52.0,39.3,7.55,6913.0,32.2,5.23,5.53,6.9,0.45,1.53,1.73,3.46,0.93,0.52,15.0,26.4,81.1,26.0,104.1,20.4,23.2,8.6,0.0,3.0,0.0,5.3,2.2,Stable,Body composition,Recovery / activity,"Prioritize resistance exercise, adequate protein/nutrition and reduction of central adiposity where appropriate.","Prioritize sleep regularity, recovery and progressive daily physical activity.",Re-measure the leading domains in approximately 3 months and compare with the personal baseline.,No persistent adverse multidomain trend detected relative to the personal baseline.,
SA-047,Early Change,Month 6,6,62,Male,176.6,1.24,111.5,97.0,2.25,10.9,53.0,37.5,7.43,6633.0,31.6,5.32,5.6,7.5,0.58,1.49,1.83,3.59,0.96,0.73,16.0,26.1,81.2,26.1,104.4,20.6,23.1,8.7,0.0,15.6,11.4,8.6,10.3,Stable,Recovery / activity,Metabolic trend,"Prioritize sleep regularity, recovery and progressive daily physical activity.",Review nutrition and activity habits; confirm persistent abnormal laboratory values with an appropriate clinician.,Re-measure the leading domains in approximately 3 months and compare with the personal baseline.,No persistent adverse multidomain trend detected relative to the personal baseline.,
SA-047,Early Change,Month 9,9,62,Male,176.6,1.22,111.0,96.7,2.31,11.0,54.0,36.6,7.38,6509.0,31.3,5.37,5.63,7.8,0.65,1.47,1.89,3.66,0.98,0.84,16.0,25.9,81.6,26.2,105.2,21.1,23.0,8.9,3.3,21.2,17.8,20.9,17.4,Early multidomain change,Recovery / activity,Body composition,"Prioritize sleep regularity, recovery and progressive daily physical activity.","Prioritize resistance exercise, adequate protein/nutrition and reduction of central adiposity where appropriate.",Re-measure the leading domains in approximately 3 months and compare with the personal baseline.,"Early coordinated change is emerging, led by recovery / activity while other domains remain relatively preserved.",
SA-047,Early Change,Month 12,12,62,Male,176.6,1.22,110.9,96.6,2.33,11.1,55.0,34.9,7.27,6253.0,30.7,5.35,5.61,7.6,0.62,1.48,1.86,3.63,0.97,0.78,16.0,25.6,81.8,26.2,105.6,21.3,22.9,9.0,5.9,32.8,14.5,26.2,21.6,Early multidomain change,Recovery / activity,Body composition,"Prioritize sleep regularity, recovery and progressive daily physical activity.","Prioritize resistance exercise, adequate protein/nutrition and reduction of central adiposity where appropriate.",Re-measure the leading domains in approximately 3 months and compare with the personal baseline.,"Early coordinated change is emerging, led by recovery / activity while other domains remain relatively preserved.",
SA-048,Early Change,Baseline,0,41,Male,187.3,1.3,122.0,94.9,2.6,8.8,64.0,42.7,6.65,6366.0,43.5,5.34,5.21,7.1,1.21,1.11,3.04,4.7,1.01,2.56,20.0,26.3,78.2,22.3,92.0,27.8,41.4,6.4,0.0,2.7,0.0,2.3,1.4,Stable,Recovery / activity,Body composition,"Prioritize sleep regularity, recovery and progressive daily physical activity.","Prioritize resistance exercise, adequate protein/nutrition and reduction of central adiposity where appropriate.",Re-measure the leading domains in approximately 3 months and compare with the personal baseline.,No persistent adverse multidomain trend detected relative to the personal baseline.,
SA-048,Early Change,Month 1,1,41,Male,187.3,1.3,121.9,94.9,2.61,8.8,64.0,42.4,6.63,6319.0,43.4,5.34,5.21,7.1,1.21,1.11,3.05,4.7,1.01,2.56,20.0,26.2,78.0,22.2,91.6,27.6,41.5,6.3,0.2,4.8,0.0,0.0,1.5,Stable,Recovery / activity,Functional mobility,"Prioritize sleep regularity, recovery and progressive daily physical activity.","Maintain or progress walking, balance and strength work; reassess mobility if decline persists.",Re-measure the leading domains in approximately 3 months and compare with the personal baseline.,No persistent adverse multidomain trend detected relative to the personal baseline.,
SA-048,Early Change,Month 3,3,41,Male,187.3,1.31,122.2,95.1,2.58,8.7,65.0,41.3,6.56,6154.0,43.0,5.31,5.19,6.9,1.17,1.12,3.01,4.66,1.0,2.49,20.0,26.0,78.2,22.3,92.0,27.8,41.4,6.4,0.0,12.2,0.0,2.8,4.4,Stable,Recovery / activity,Body composition,"Prioritize sleep regularity, recovery and progressive daily physical activity.","Prioritize resistance exercise, adequate protein/nutrition and reduction of central adiposity where appropriate.",Re-measure the leading domains in approximately 3 months and compare with the personal baseline.,No persistent adverse multidomain trend detected relative to the personal baseline.,
SA-048,Early Change,Month 6,6,41,Male,187.3,1.3,122.1,95.0,2.59,8.7,65.0,41.1,6.55,6135.0,43.0,5.4,5.26,7.5,1.29,1.09,3.11,4.78,1.03,2.69,21.0,26.0,78.3,22.3,92.3,28.0,41.3,6.5,0.0,13.1,6.6,7.5,7.8,Stable,Recovery / activity,Body composition,"Prioritize sleep regularity, recovery and progressive daily physical activity.","Prioritize resistance exercise, adequate protein/nutrition and reduction of central adiposity where appropriate.",Re-measure the leading domains in approximately 3 months and compare with the personal baseline.,No persistent adverse multidomain trend detected relative to the personal baseline.,
SA-048,Early Change,Month 9,9,41,Male,187.3,1.29,121.4,94.5,2.67,9.0,65.0,39.5,6.45,5899.0,42.5,5.45,5.29,7.8,1.36,1.07,3.17,4.85,1.05,2.8,21.0,25.7,78.6,22.4,92.9,28.3,41.2,6.7,7.7,23.8,12.8,15.7,16.0,Early multidomain change,Recovery / activity,Body composition,"Prioritize sleep regularity, recovery and progressive daily physical activity.","Prioritize resistance exercise, adequate protein/nutrition and reduction of central adiposity where appropriate.",Re-measure the leading domains in approximately 3 months and compare with the personal baseline.,"Early coordinated change is emerging, led by recovery / activity while other domains remain relatively preserved.",
SA-048,Early Change,Month 12,12,41,Male,187.3,1.28,121.4,94.5,2.68,9.0,66.0,37.5,6.33,5599.0,41.8,5.5,5.33,8.1,1.43,1.05,3.23,4.92,1.07,2.92,22.0,25.4,78.8,22.5,93.6,28.7,41.1,6.8,8.9,37.3,19.7,24.5,24.6,Early multidomain change,Recovery / activity,Body composition,"Prioritize sleep regularity, recovery and progressive daily physical activity.","Prioritize resistance exercise, adequate protein/nutrition and reduction of central adiposity where appropriate.",Re-measure the leading domains in approximately 3 months and compare with the personal baseline.,"Early coordinated change is emerging, led by recovery / activity while other domains remain relatively preserved.",
SA-049,Early Change,Baseline,0,39,Male,172.6,1.48,105.6,97.3,2.35,9.9,62.0,47.0,7.65,9924.0,41.9,5.31,5.09,8.8,0.85,1.61,3.89,5.89,0.87,0.35,19.0,39.8,82.4,27.7,74.8,23.1,36.0,7.0,1.0,1.9,2.8,0.7,1.8,Stable,Metabolic trend,Recovery / activity,Review nutrition and activity habits; confirm persistent abnormal laboratory values with an appropriate clinician.,"Prioritize sleep regularity, recovery and progressive daily physical activity.",Re-measure the leading domains in approximately 3 months and compare with the personal baseline.,No persistent adverse multidomain trend detected relative to the personal baseline.,
SA-049,Early Change,Month 1,1,39,Male,172.6,1.48,105.7,97.3,2.35,9.9,63.0,46.2,7.6,9808.0,41.6,5.32,5.1,8.9,0.87,1.61,3.9,5.9,0.87,0.37,19.0,39.7,82.4,27.7,74.9,23.2,36.0,7.0,0.8,7.2,4.3,2.6,4.2,Stable,Recovery / activity,Metabolic trend,"Prioritize sleep regularity, recovery and progressive daily physical activity.",Review nutrition and activity habits; confirm persistent abnormal laboratory values with an appropriate clinician.,Re-measure the leading domains in approximately 3 months and compare with the personal baseline.,No persistent adverse multidomain trend detected relative to the personal baseline.,
SA-049,Early Change,Month 3,3,39,Male,172.6,1.48,105.5,97.1,2.37,10.0,63.0,45.5,7.56,9703.0,41.4,5.27,5.06,8.6,0.8,1.63,3.85,5.84,0.86,0.27,19.0,39.5,82.4,27.7,75.0,23.2,36.0,7.0,3.6,11.9,0.0,3.6,5.0,Stable,Recovery / activity,Body composition,"Prioritize sleep regularity, recovery and progressive daily physical activity.","Prioritize resistance exercise, adequate protein/nutrition and reduction of central adiposity where appropriate.",Re-measure the leading domains in approximately 3 months and compare with the personal baseline.,No persistent adverse multidomain trend detected relative to the personal baseline.,
SA-049,Early Change,Month 6,6,39,Male,172.6,1.48,105.8,97.4,2.33,9.9,64.0,44.5,7.5,9562.0,41.1,5.34,5.12,9.0,0.9,1.6,3.93,5.94,0.88,0.42,20.0,39.4,82.7,27.8,75.7,23.6,35.9,7.2,0.0,18.3,7.3,13.4,11.0,Stable,Recovery / activity,Body composition,"Prioritize sleep regularity, recovery and progressive daily physical activity.","Prioritize resistance exercise, adequate protein/nutrition and reduction of central adiposity where appropriate.",Re-measure the leading domains in approximately 3 months and compare with the personal baseline.,No persistent adverse multidomain trend detected relative to the personal baseline.,
SA-049,Early Change,Month 9,9,39,Male,172.6,1.48,105.6,97.2,2.35,9.9,64.0,43.3,7.42,9385.0,40.7,5.41,5.16,9.4,0.99,1.57,4.0,6.02,0.9,0.56,20.0,39.2,83.0,27.9,76.3,23.9,35.8,7.4,1.3,26.3,15.6,21.8,18.2,Early multidomain change,Recovery / activity,Body composition,"Prioritize sleep regularity, recovery and progressive daily physical activity.","Prioritize resistance exercise, adequate protein/nutrition and reduction of central adiposity where appropriate.",Re-measure the leading domains in approximately 3 months and compare with the personal baseline.,"Early coordinated change is emerging, led by recovery / activity while other domains remain relatively preserved.",
SA-049,Early Change,Month 12,12,39,Male,172.6,1.47,105.3,97.0,2.39,10.0,65.0,42.1,7.35,9208.0,40.3,5.45,5.19,9.7,1.04,1.56,4.04,6.08,0.92,0.65,21.0,39.0,83.3,28.0,76.9,24.2,35.7,7.5,6.0,34.2,20.4,29.5,24.7,Early multidomain change,Recovery / activity,Body composition,"Prioritize sleep regularity, recovery and progressive daily physical activity.","Prioritize resistance exercise, adequate protein/nutrition and reduction of central adiposity where appropriate.",Re-measure the leading domains in approximately 3 months and compare with the personal baseline.,"Early coordinated change is emerging, led by recovery / activity while other domains remain relatively preserved.",
SA-050,Early Change,Baseline,0,66,Female,169.1,1.35,112.4,97.2,2.31,11.3,57.0,26.6,7.54,8855.0,40.9,5.1,5.14,8.4,0.97,1.45,2.43,4.31,1.19,0.27,26.0,16.6,69.3,24.2,78.9,34.4,22.8,9.8,0.8,0.0,0.0,0.0,0.1,Stable,Functional mobility,Recovery / activity,"Maintain or progress walking, balance and strength work; reassess mobility if decline persists.","Prioritize sleep regularity, recovery and progressive daily physical activity.",Re-measure the leading domains in approximately 3 months and compare with the personal baseline.,No persistent adverse multidomain trend detected relative to the personal baseline.,
SA-050,Early Change,Month 1,1,66,Female,169.1,1.35,112.3,97.1,2.33,11.3,57.0,26.3,7.52,8812.0,40.8,5.16,5.18,8.8,1.06,1.42,2.5,4.4,1.21,0.41,27.0,16.5,69.2,24.2,78.6,34.2,22.9,9.7,3.0,1.6,2.4,0.0,1.6,Stable,Functional mobility,Metabolic trend,"Maintain or progress walking, balance and strength work; reassess mobility if decline persists.",Review nutrition and activity habits; confirm persistent abnormal laboratory values with an appropriate clinician.,Re-measure the leading domains in approximately 3 months and compare with the personal baseline.,No persistent adverse multidomain trend detected relative to the personal baseline.,
SA-050,Early Change,Month 3,3,66,Female,169.1,1.35,112.3,97.1,2.33,11.3,58.0,24.4,7.41,8538.0,40.2,5.14,5.17,8.7,1.04,1.43,2.48,4.37,1.2,0.37,27.0,16.2,69.5,24.3,79.4,34.6,22.8,9.9,2.8,14.0,0.1,5.5,6.0,Stable,Recovery / activity,Body composition,"Prioritize sleep regularity, recovery and progressive daily physical activity.","Prioritize resistance exercise, adequate protein/nutrition and reduction of central adiposity where appropriate.",Re-measure the leading domains in approximately 3 months and compare with the personal baseline.,No persistent adverse multidomain trend detected relative to the personal baseline.,
SA-050,Early Change,Month 6,6,66,Female,169.1,1.35,112.4,97.2,2.31,11.3,59.0,23.0,7.32,8329.0,39.7,5.18,5.19,8.9,1.08,1.41,2.52,4.42,1.22,0.44,27.0,16.0,69.8,24.4,80.1,35.0,22.7,10.1,0.4,23.4,4.4,14.3,12.0,Stable,Recovery / activity,Body composition,"Prioritize sleep regularity, recovery and progressive daily physical activity.","Prioritize resistance exercise, adequate protein/nutrition and reduction of central adiposity where appropriate.",Re-measure the leading domains in approximately 3 months and compare with the personal baseline.,No persistent adverse multidomain trend detected relative to the personal baseline.,
SA-050,Early Change,Month 9,9,66,Female,169.1,1.34,111.8,96.8,2.38,11.5,59.0,22.4,7.28,8232.0,39.5,5.26,5.26,9.5,1.2,1.38,2.61,4.54,1.25,0.63,28.0,15.9,69.8,24.4,79.9,34.9,22.7,10.1,9.7,27.8,15.3,12.8,17.6,Early multidomain change,Recovery / activity,Metabolic trend,"Prioritize sleep regularity, recovery and progressive daily physical activity.",Review nutrition and activity habits; confirm persistent abnormal laboratory values with an appropriate clinician.,Re-measure the leading domains in approximately 3 months and compare with the personal baseline.,"Early coordinated change is emerging, led by recovery / activity while other domains remain relatively preserved.",
SA-050,Early Change,Month 12,12,66,Female,169.1,1.34,111.8,96.8,2.38,11.5,60.0,21.0,7.19,8022.0,39.0,5.31,5.29,9.8,1.27,1.36,2.66,4.6,1.26,0.74,28.0,15.6,70.3,24.6,81.1,35.6,22.5,10.4,9.6,37.2,21.5,28.6,26.2,Early multidomain change,Recovery / activity,Body composition,"Prioritize sleep regularity, recovery and progressive daily physical activity.","Prioritize resistance exercise, adequate protein/nutrition and reduction of central adiposity where appropriate.",Re-measure the leading domains in approximately 3 months and compare with the personal baseline.,"Early coordinated change is emerging, led by recovery / activity while other domains remain relatively preserved.",
SA-051,Early Change,Baseline,0,43,Male,172.2,1.34,113.9,98.5,2.35,11.6,65.0,53.4,6.74,11122.0,44.8,5.23,4.83,5.1,1.39,1.43,1.58,3.63,1.04,0.58,33.0,29.3,93.5,31.5,102.2,17.2,36.8,7.4,0.0,0.7,0.0,3.3,1.0,Stable,Body composition,Recovery / activity,"Prioritize resistance exercise, adequate protein/nutrition and reduction of central adiposity where appropriate.","Prioritize sleep regularity, recovery and progressive daily physical activity.",Re-measure the leading domains in approximately 3 months and compare with the personal baseline.,No persistent adverse multidomain trend detected relative to the personal baseline.,
SA-051,Early Change,Month 1,1,43,Male,172.2,1.34,114.0,98.6,2.34,11.6,65.0,53.2,6.72,11089.0,44.7,5.22,4.83,5.0,1.38,1.43,1.57,3.62,1.04,0.56,33.0,29.2,93.5,31.5,102.1,17.1,36.8,7.4,0.0,2.2,0.0,2.3,1.2,Stable,Body composition,Recovery / activity,"Prioritize resistance exercise, adequate protein/nutrition and reduction of central adiposity where appropriate.","Prioritize sleep regularity, recovery and progressive daily physical activity.",Re-measure the leading domains in approximately 3 months and compare with the personal baseline.,No persistent adverse multidomain trend detected relative to the personal baseline.,
SA-051,Early Change,Month 3,3,43,Male,172.2,1.34,114.0,98.6,2.34,11.6,66.0,51.7,6.63,10880.0,44.2,5.24,4.84,5.1,1.41,1.43,1.59,3.65,1.04,0.61,33.0,29.0,93.5,31.5,102.2,17.2,36.8,7.4,0.0,11.6,0.0,2.8,4.2,Stable,Recovery / activity,Body composition,"Prioritize sleep regularity, recovery and progressive daily physical activity.","Prioritize resistance exercise, adequate protein/nutrition and reduction of central adiposity where appropriate.",Re-measure the leading domains in approximately 3 months and compare with the personal baseline.,No persistent adverse multidomain trend detected relative to the personal baseline.,
SA-051,Early Change,Month 6,6,43,Male,172.2,1.34,113.9,98.5,2.36,11.7,66.0,51.2,6.6,10803.0,44.1,5.33,4.9,5.7,1.52,1.39,1.68,3.76,1.07,0.79,34.0,28.9,93.7,31.6,102.8,17.5,36.7,7.5,0.0,15.1,9.6,11.1,10.2,Stable,Recovery / activity,Body composition,"Prioritize sleep regularity, recovery and progressive daily physical activity.","Prioritize resistance exercise, adequate protein/nutrition and reduction of central adiposity where appropriate.",Re-measure the leading domains in approximately 3 months and compare with the personal baseline.,No persistent adverse multidomain trend detected relative to the personal baseline.,
SA-051,Early Change,Month 9,9,43,Male,172.2,1.32,113.2,98.0,2.43,11.9,67.0,48.7,6.44,10428.0,43.2,5.34,4.92,5.8,1.55,1.38,1.7,3.79,1.08,0.83,34.0,28.5,93.9,31.7,103.1,17.7,36.7,7.6,8.1,32.1,12.1,15.9,18.4,Early multidomain change,Recovery / activity,Body composition,"Prioritize sleep regularity, recovery and progressive daily physical activity.","Prioritize resistance exercise, adequate protein/nutrition and reduction of central adiposity where appropriate.",Re-measure the leading domains in approximately 3 months and compare with the personal baseline.,"Early coordinated change is emerging, led by recovery / activity while other domains remain relatively preserved.",
SA-051,Early Change,Month 12,12,43,Male,172.2,1.31,112.9,97.8,2.47,12.0,68.0,48.1,6.41,10347.0,43.0,5.41,4.97,6.2,1.64,1.36,1.77,3.88,1.1,0.98,34.0,28.4,94.1,31.7,103.6,18.0,36.6,7.8,12.6,35.7,20.6,23.0,24.5,Early multidomain change,Recovery / activity,Body composition,"Prioritize sleep regularity, recovery and progressive daily physical activity.","Prioritize resistance exercise, adequate protein/nutrition and reduction of central adiposity where appropriate.",Re-measure the leading domains in approximately 3 months and compare with the personal baseline.,"Early coordinated change is emerging, led by recovery / activity while other domains remain relatively preserved.",
SA-052,Early Change,Baseline,0,51,Female,160.1,1.42,118.4,96.6,2.28,10.8,59.0,53.1,7.15,6448.0,32.3,5.51,5.22,10.6,0.9,1.62,3.97,6.0,0.71,0.35,32.0,23.4,69.6,27.1,82.6,24.0,24.8,7.5,0.0,0.0,0.8,0.0,0.2,Stable,Metabolic trend,Recovery / activity,Review nutrition and activity habits; confirm persistent abnormal laboratory values with an appropriate clinician.,"Prioritize sleep regularity, recovery and progressive daily physical activity.",Re-measure the leading domains in approximately 3 months and compare with the personal baseline.,No persistent adverse multidomain trend detected relative to the personal baseline.,
SA-052,Early Change,Month 1,1,51,Female,160.1,1.42,118.3,96.6,2.28,10.8,59.0,52.7,7.13,6395.0,32.1,5.48,5.19,10.5,0.87,1.63,3.94,5.96,0.7,0.29,32.0,23.3,69.7,27.2,82.8,24.1,24.8,7.5,0.0,2.3,0.0,1.3,1.0,Stable,Recovery / activity,Body composition,"Prioritize sleep regularity, recovery and progressive daily physical activity.","Prioritize resistance exercise, adequate protein/nutrition and reduction of central adiposity where appropriate.",Re-measure the leading domains in approximately 3 months and compare with the personal baseline.,No persistent adverse multidomain trend detected relative to the personal baseline.,
SA-052,Early Change,Month 3,3,51,Female,160.1,1.41,118.2,96.5,2.3,10.8,59.0,51.9,7.08,6279.0,31.9,5.5,5.2,10.6,0.88,1.63,3.96,5.98,0.71,0.32,32.0,23.2,69.6,27.2,82.8,24.1,24.8,7.5,0.2,7.5,0.0,0.5,2.4,Stable,Recovery / activity,Body composition,"Prioritize sleep regularity, recovery and progressive daily physical activity.","Prioritize resistance exercise, adequate protein/nutrition and reduction of central adiposity where appropriate.",Re-measure the leading domains in approximately 3 months and compare with the personal baseline.,No persistent adverse multidomain trend detected relative to the personal baseline.,
SA-052,Early Change,Month 6,6,51,Female,160.1,1.42,118.3,96.6,2.29,10.8,60.0,50.6,7.0,6089.0,31.5,5.56,5.25,10.9,0.97,1.6,4.03,6.07,0.73,0.46,33.0,23.0,69.9,27.3,83.5,24.5,24.7,7.7,0.0,16.1,6.9,10.4,9.5,Stable,Recovery / activity,Body composition,"Prioritize sleep regularity, recovery and progressive daily physical activity.","Prioritize resistance exercise, adequate protein/nutrition and reduction of central adiposity where appropriate.",Re-measure the leading domains in approximately 3 months and compare with the personal baseline.,No persistent adverse multidomain trend detected relative to the personal baseline.,
SA-052,Early Change,Month 9,9,51,Female,160.1,1.4,117.9,96.3,2.34,10.9,61.0,48.8,6.89,5811.0,30.8,5.61,5.28,11.2,1.03,1.58,4.07,6.13,0.75,0.56,33.0,22.6,70.3,27.4,84.3,24.9,24.5,7.9,5.9,28.7,12.7,21.8,18.8,Early multidomain change,Recovery / activity,Body composition,"Prioritize sleep regularity, recovery and progressive daily physical activity.","Prioritize resistance exercise, adequate protein/nutrition and reduction of central adiposity where appropriate.",Re-measure the leading domains in approximately 3 months and compare with the personal baseline.,"Early coordinated change is emerging, led by recovery / activity while other domains remain relatively preserved.",
SA-052,Early Change,Month 12,12,51,Female,160.1,1.4,117.5,96.0,2.38,11.0,61.0,47.9,6.83,5689.0,30.6,5.71,5.36,11.8,1.17,1.54,4.18,6.26,0.78,0.78,34.0,22.5,70.4,27.5,84.5,25.1,24.5,8.0,10.9,34.2,25.4,25.5,25.9,Early multidomain change,Recovery / activity,Body composition,"Prioritize sleep regularity, recovery and progressive daily physical activity.","Prioritize resistance exercise, adequate protein/nutrition and reduction of central adiposity where appropriate.",Re-measure the leading domains in approximately 3 months and compare with the personal baseline.,"Early coordinated change is emerging, led by recovery / activity while other domains remain relatively preserved.",
SA-053,Early Change,Baseline,0,47,Female,172.4,1.12,109.6,98.8,1.87,8.5,56.0,45.0,6.99,9968.0,43.7,5.18,5.29,7.9,0.8,1.76,2.05,4.17,1.02,1.38,25.0,28.6,67.8,22.8,89.4,25.2,19.1,7.6,0.0,1.4,0.8,0.0,0.7,Stable,Recovery / activity,Metabolic trend,"Prioritize sleep regularity, recovery and progressive daily physical activity.",Review nutrition and activity habits; confirm persistent abnormal laboratory values with an appropriate clinician.,Re-measure the leading domains in approximately 3 months and compare with the personal baseline.,No persistent adverse multidomain trend detected relative to the personal baseline.,
SA-053,Early Change,Month 1,1,47,Female,172.4,1.13,109.7,98.9,1.85,8.4,56.0,44.8,6.97,9938.0,43.6,5.17,5.29,7.9,0.79,1.76,2.04,4.16,1.01,1.36,24.0,28.5,68.1,22.9,90.1,25.6,19.0,7.8,0.0,2.7,0.0,2.0,1.3,Stable,Recovery / activity,Body composition,"Prioritize sleep regularity, recovery and progressive daily physical activity.","Prioritize resistance exercise, adequate protein/nutrition and reduction of central adiposity where appropriate.",Re-measure the leading domains in approximately 3 months and compare with the personal baseline.,No persistent adverse multidomain trend detected relative to the personal baseline.,
SA-053,Early Change,Month 3,3,47,Female,172.4,1.12,109.5,98.8,1.88,8.5,56.0,44.0,6.92,9816.0,43.3,5.18,5.29,7.9,0.79,1.76,2.04,4.16,1.01,1.37,24.0,28.4,68.2,22.9,90.3,25.7,19.0,7.9,0.3,8.3,0.3,4.6,3.8,Stable,Recovery / activity,Body composition,"Prioritize sleep regularity, recovery and progressive daily physical activity.","Prioritize resistance exercise, adequate protein/nutrition and reduction of central adiposity where appropriate.",Re-measure the leading domains in approximately 3 months and compare with the personal baseline.,No persistent adverse multidomain trend detected relative to the personal baseline.,
SA-053,Early Change,Month 6,6,47,Female,172.4,1.12,109.4,98.7,1.89,8.5,57.0,42.1,6.8,9531.0,42.7,5.23,5.33,8.2,0.87,1.74,2.1,4.24,1.04,1.49,25.0,28.0,68.3,23.0,90.5,25.9,19.0,7.9,2.7,21.1,7.5,8.1,11.0,Stable,Recovery / activity,Body composition,"Prioritize sleep regularity, recovery and progressive daily physical activity.","Prioritize resistance exercise, adequate protein/nutrition and reduction of central adiposity where appropriate.",Re-measure the leading domains in approximately 3 months and compare with the personal baseline.,No persistent adverse multidomain trend detected relative to the personal baseline.,
SA-053,Early Change,Month 9,9,47,Female,172.4,1.12,109.3,98.6,1.9,8.6,57.0,42.2,6.81,9552.0,42.7,5.27,5.36,8.5,0.92,1.73,2.14,4.29,1.05,1.58,25.0,28.1,68.6,23.1,91.3,26.3,18.8,8.1,4.1,20.2,12.4,18.3,15.0,Early multidomain change,Recovery / activity,Body composition,"Prioritize sleep regularity, recovery and progressive daily physical activity.","Prioritize resistance exercise, adequate protein/nutrition and reduction of central adiposity where appropriate.",Re-measure the leading domains in approximately 3 months and compare with the personal baseline.,"Early coordinated change is emerging, led by recovery / activity while other domains remain relatively preserved.",
SA-053,Early Change,Month 12,12,47,Female,172.4,1.11,109.1,98.5,1.93,8.6,58.0,40.5,6.7,9294.0,42.1,5.38,5.44,9.1,1.07,1.68,2.26,4.44,1.09,1.81,26.0,27.8,68.8,23.1,91.7,26.5,18.8,8.3,7.1,31.8,26.2,24.0,24.5,Early multidomain change,Recovery / activity,Metabolic trend,"Prioritize sleep regularity, recovery and progressive daily physical activity.",Review nutrition and activity habits; confirm persistent abnormal laboratory values with an appropriate clinician.,Re-measure the leading domains in approximately 3 months and compare with the personal baseline.,"Early coordinated change is emerging, led by recovery / activity while other domains remain relatively preserved.",
SA-054,Early Change,Baseline,0,65,Male,170.2,1.28,125.8,99.0,2.13,10.7,57.0,24.5,7.75,9614.0,48.2,4.85,5.22,8.8,1.19,1.24,1.78,3.56,0.91,1.34,15.0,35.1,97.6,33.7,87.5,22.0,31.4,5.7,0.0,1.2,2.4,2.1,1.6,Stable,Metabolic trend,Body composition,Review nutrition and activity habits; confirm persistent abnormal laboratory values with an appropriate clinician.,"Prioritize resistance exercise, adequate protein/nutrition and reduction of central adiposity where appropriate.",Re-measure the leading domains in approximately 3 months and compare with the personal baseline.,No persistent adverse multidomain trend detected relative to the personal baseline.,
SA-054,Early Change,Month 1,1,65,Male,170.2,1.28,125.8,99.0,2.13,10.8,57.0,25.1,7.79,9701.0,48.4,4.86,5.22,8.8,1.19,1.24,1.78,3.56,0.91,1.34,15.0,35.2,97.5,33.7,87.2,21.8,31.4,5.6,0.0,0.0,2.5,0.0,0.7,Stable,Metabolic trend,Recovery / activity,Review nutrition and activity habits; confirm persistent abnormal laboratory values with an appropriate clinician.,"Prioritize sleep regularity, recovery and progressive daily physical activity.",Re-measure the leading domains in approximately 3 months and compare with the personal baseline.,No persistent adverse multidomain trend detected relative to the personal baseline.,
SA-054,Early Change,Month 3,3,65,Male,170.2,1.27,125.6,98.9,2.15,10.8,58.0,23.7,7.7,9500.0,48.0,4.87,5.24,8.9,1.22,1.24,1.8,3.59,0.91,1.38,15.0,34.9,97.5,33.7,87.3,21.8,31.4,5.6,1.7,6.3,4.9,0.0,3.6,Stable,Recovery / activity,Metabolic trend,"Prioritize sleep regularity, recovery and progressive daily physical activity.",Review nutrition and activity habits; confirm persistent abnormal laboratory values with an appropriate clinician.,Re-measure the leading domains in approximately 3 months and compare with the personal baseline.,No persistent adverse multidomain trend detected relative to the personal baseline.,
SA-054,Early Change,Month 6,6,65,Male,170.2,1.28,125.8,99.0,2.13,10.8,59.0,21.7,7.57,9193.0,47.3,4.9,5.26,9.1,1.26,1.22,1.83,3.63,0.92,1.45,15.0,34.6,98.0,33.8,88.3,22.4,31.2,5.9,0.0,20.2,8.6,13.8,12.1,Early multidomain change,Recovery / activity,Body composition,"Prioritize sleep regularity, recovery and progressive daily physical activity.","Prioritize resistance exercise, adequate protein/nutrition and reduction of central adiposity where appropriate.",Re-measure the leading domains in approximately 3 months and compare with the personal baseline.,"Early coordinated change is emerging, led by recovery / activity while other domains remain relatively preserved.",
SA-054,Early Change,Month 9,9,65,Male,170.2,1.27,125.4,98.7,2.18,10.9,59.0,20.8,7.52,9072.0,47.0,5.0,5.33,9.7,1.4,1.18,1.94,3.77,0.96,1.67,16.0,34.4,98.1,33.9,88.5,22.5,31.2,5.9,6.1,25.7,21.4,16.6,19.2,Early multidomain change,Recovery / activity,Metabolic trend,"Prioritize sleep regularity, recovery and progressive daily physical activity.",Review nutrition and activity habits; confirm persistent abnormal laboratory values with an appropriate clinician.,Re-measure the leading domains in approximately 3 months and compare with the personal baseline.,"Early coordinated change is emerging, led by recovery / activity while other domains remain relatively preserved.",
SA-054,Early Change,Month 12,12,65,Male,170.2,1.25,124.9,98.4,2.24,11.1,60.0,19.7,7.45,8901.0,46.6,4.98,5.31,9.5,1.36,1.19,1.92,3.73,0.95,1.61,16.0,34.3,98.4,34.0,89.1,22.9,31.1,6.1,13.0,33.4,18.2,25.8,23.9,Early multidomain change,Recovery / activity,Body composition,"Prioritize sleep regularity, recovery and progressive daily physical activity.","Prioritize resistance exercise, adequate protein/nutrition and reduction of central adiposity where appropriate.",Re-measure the leading domains in approximately 3 months and compare with the personal baseline.,"Early coordinated change is emerging, led by recovery / activity while other domains remain relatively preserved.",
SA-055,Early Change,Baseline,0,49,Female,171.4,1.26,119.9,96.9,2.15,9.4,70.0,54.8,7.55,7620.0,41.7,4.77,5.18,9.1,1.3,1.31,2.17,4.06,0.89,1.72,10.0,32.4,73.4,25.0,82.6,29.0,24.8,6.3,0.0,0.0,0.0,0.0,0.0,Stable,Recovery / activity,Metabolic trend,"Prioritize sleep regularity, recovery and progressive daily physical activity.",Review nutrition and activity habits; confirm persistent abnormal laboratory values with an appropriate clinician.,Re-measure the leading domains in approximately 3 months and compare with the personal baseline.,No persistent adverse multidomain trend detected relative to the personal baseline.,
SA-055,Early Change,Month 1,1,49,Female,171.4,1.26,120.1,97.0,2.13,9.3,71.0,54.0,7.5,7491.0,41.4,4.76,5.18,9.1,1.3,1.31,2.17,4.06,0.89,1.71,9.0,32.2,73.5,25.0,82.8,29.1,24.8,6.3,0.0,1.0,0.0,0.0,0.3,Stable,Recovery / activity,Body composition,"Prioritize sleep regularity, recovery and progressive daily physical activity.","Prioritize resistance exercise, adequate protein/nutrition and reduction of central adiposity where appropriate.",Re-measure the leading domains in approximately 3 months and compare with the personal baseline.,No persistent adverse multidomain trend detected relative to the personal baseline.,
SA-055,Early Change,Month 3,3,49,Female,171.4,1.26,120.1,97.0,2.13,9.3,72.0,52.4,7.4,7260.0,40.9,4.79,5.2,9.2,1.34,1.3,2.2,4.1,0.9,1.78,10.0,31.9,73.7,25.1,83.2,29.3,24.7,6.5,0.0,11.5,2.4,6.6,5.8,Stable,Recovery / activity,Body composition,"Prioritize sleep regularity, recovery and progressive daily physical activity.","Prioritize resistance exercise, adequate protein/nutrition and reduction of central adiposity where appropriate.",Re-measure the leading domains in approximately 3 months and compare with the personal baseline.,No persistent adverse multidomain trend detected relative to the personal baseline.,
SA-055,Early Change,Month 6,6,49,Female,171.4,1.26,119.9,96.8,2.15,9.4,72.0,51.3,7.34,7103.0,40.5,4.81,5.21,9.3,1.36,1.29,2.21,4.12,0.91,1.81,10.0,31.7,73.9,25.1,83.7,29.6,24.6,6.6,0.0,18.5,4.1,13.0,10.1,Stable,Recovery / activity,Body composition,"Prioritize sleep regularity, recovery and progressive daily physical activity.","Prioritize resistance exercise, adequate protein/nutrition and reduction of central adiposity where appropriate.",Re-measure the leading domains in approximately 3 months and compare with the personal baseline.,No persistent adverse multidomain trend detected relative to the personal baseline.,
SA-055,Early Change,Month 9,9,49,Female,171.4,1.25,119.8,96.8,2.16,9.4,73.0,50.2,7.27,6941.0,40.1,4.93,5.3,10.1,1.52,1.24,2.35,4.28,0.95,2.07,11.0,31.6,74.2,25.3,84.4,30.0,24.5,6.8,1.4,25.8,19.4,23.0,19.5,Early multidomain change,Recovery / activity,Body composition,"Prioritize sleep regularity, recovery and progressive daily physical activity.","Prioritize resistance exercise, adequate protein/nutrition and reduction of central adiposity where appropriate.",Re-measure the leading domains in approximately 3 months and compare with the personal baseline.,"Early coordinated change is emerging, led by recovery / activity while other domains remain relatively preserved.",
SA-055,Early Change,Month 12,12,49,Female,171.4,1.23,119.1,96.3,2.25,9.7,74.0,47.5,7.1,6545.0,39.3,4.96,5.32,10.3,1.57,1.23,2.38,4.33,0.97,2.15,11.0,31.1,74.2,25.2,84.3,29.9,24.5,6.8,11.8,43.7,23.7,21.9,27.5,Early multidomain change,Recovery / activity,Metabolic trend,"Prioritize sleep regularity, recovery and progressive daily physical activity.",Review nutrition and activity habits; confirm persistent abnormal laboratory values with an appropriate clinician.,Re-measure the leading domains in approximately 3 months and compare with the personal baseline.,"Early coordinated change is emerging, led by recovery / activity while other domains remain relatively preserved.",
SA-056,Early Change,Baseline,0,56,Male,181.0,1.27,117.2,97.5,2.58,9.3,55.0,40.0,6.91,9193.0,48.1,4.93,5.6,9.9,1.1,1.15,3.5,5.14,0.86,0.81,20.0,23.0,81.1,24.8,95.6,23.2,37.8,7.7,6.4,0.0,0.0,1.8,1.4,Stable,Functional mobility,Body composition,"Maintain or progress walking, balance and strength work; reassess mobility if decline persists.","Prioritize resistance exercise, adequate protein/nutrition and reduction of central adiposity where appropriate.",Re-measure the leading domains in approximately 3 months and compare with the personal baseline.,No persistent adverse multidomain trend detected relative to the personal baseline.,
SA-056,Early Change,Month 1,1,56,Male,181.0,1.28,117.4,97.7,2.56,9.3,56.0,39.3,6.87,9099.0,47.9,4.96,5.62,10.1,1.14,1.14,3.53,5.18,0.87,0.87,21.0,22.9,80.9,24.7,95.2,23.0,37.8,7.6,3.2,0.0,1.4,0.0,0.9,Stable,Functional mobility,Metabolic trend,"Maintain or progress walking, balance and strength work; reassess mobility if decline persists.",Review nutrition and activity habits; confirm persistent abnormal laboratory values with an appropriate clinician.,Re-measure the leading domains in approximately 3 months and compare with the personal baseline.,No persistent adverse multidomain trend detected relative to the personal baseline.,
SA-056,Early Change,Month 3,3,56,Male,181.0,1.29,117.7,97.9,2.52,9.2,56.0,37.8,6.78,8881.0,47.4,4.91,5.58,9.8,1.07,1.16,3.47,5.11,0.86,0.76,20.0,22.7,81.2,24.8,95.9,23.4,37.7,7.8,0.0,9.0,0.0,6.1,4.2,Stable,Recovery / activity,Body composition,"Prioritize sleep regularity, recovery and progressive daily physical activity.","Prioritize resistance exercise, adequate protein/nutrition and reduction of central adiposity where appropriate.",Re-measure the leading domains in approximately 3 months and compare with the personal baseline.,No persistent adverse multidomain trend detected relative to the personal baseline.,
SA-056,Early Change,Month 6,6,56,Male,181.0,1.29,117.9,98.0,2.5,9.1,57.0,37.1,6.73,8775.0,47.2,5.0,5.65,10.4,1.2,1.12,3.58,5.24,0.89,0.97,21.0,22.5,81.2,24.8,95.9,23.4,37.7,7.8,0.0,13.7,7.3,5.8,7.8,Stable,Recovery / activity,Metabolic trend,"Prioritize sleep regularity, recovery and progressive daily physical activity.",Review nutrition and activity habits; confirm persistent abnormal laboratory values with an appropriate clinician.,Re-measure the leading domains in approximately 3 months and compare with the personal baseline.,No persistent adverse multidomain trend detected relative to the personal baseline.,
SA-056,Early Change,Month 9,9,56,Male,181.0,1.27,117.2,97.6,2.58,9.3,57.0,35.9,6.66,8601.0,46.8,5.04,5.67,10.6,1.25,1.11,3.62,5.29,0.9,1.05,21.0,22.3,81.5,24.9,96.6,23.8,37.6,8.0,5.7,21.6,11.7,16.3,14.9,Early multidomain change,Recovery / activity,Body composition,"Prioritize sleep regularity, recovery and progressive daily physical activity.","Prioritize resistance exercise, adequate protein/nutrition and reduction of central adiposity where appropriate.",Re-measure the leading domains in approximately 3 months and compare with the personal baseline.,"Early coordinated change is emerging, led by recovery / activity while other domains remain relatively preserved.",
SA-056,Early Change,Month 12,12,56,Male,181.0,1.26,116.8,97.3,2.63,9.5,58.0,33.8,6.52,8281.0,46.1,5.13,5.74,11.1,1.37,1.07,3.71,5.41,0.94,1.24,22.0,22.0,81.9,25.0,97.4,24.2,37.5,8.2,12.2,36.1,23.1,27.0,26.3,Early multidomain change,Recovery / activity,Body composition,"Prioritize sleep regularity, recovery and progressive daily physical activity.","Prioritize resistance exercise, adequate protein/nutrition and reduction of central adiposity where appropriate.",Re-measure the leading domains in approximately 3 months and compare with the personal baseline.,"Early coordinated change is emerging, led by recovery / activity while other domains remain relatively preserved.",
SA-057,Early Change,Baseline,0,67,Male,181.1,1.28,106.8,95.9,2.08,11.3,64.0,35.6,7.64,7059.0,33.6,5.37,5.12,6.1,1.07,1.63,2.67,4.79,0.69,1.04,20.0,45.1,83.1,25.3,87.4,20.1,29.8,8.2,4.1,0.0,1.0,0.0,0.9,Stable,Functional mobility,Metabolic trend,"Maintain or progress walking, balance and strength work; reassess mobility if decline persists.",Review nutrition and activity habits; confirm persistent abnormal laboratory values with an appropriate clinician.,Re-measure the leading domains in approximately 3 months and compare with the personal baseline.,No persistent adverse multidomain trend detected relative to the personal baseline.,
SA-057,Early Change,Month 1,1,67,Male,181.1,1.29,106.9,96.0,2.06,11.2,64.0,34.4,7.57,6873.0,33.1,5.33,5.1,6.0,1.03,1.64,2.64,4.74,0.68,0.97,19.0,44.9,83.4,25.4,88.2,20.5,29.7,8.4,1.9,8.4,0.0,5.1,4.1,Stable,Recovery / activity,Body composition,"Prioritize sleep regularity, recovery and progressive daily physical activity.","Prioritize resistance exercise, adequate protein/nutrition and reduction of central adiposity where appropriate.",Re-measure the leading domains in approximately 3 months and compare with the personal baseline.,No persistent adverse multidomain trend detected relative to the personal baseline.,
SA-057,Early Change,Month 3,3,67,Male,181.1,1.29,107.1,96.1,2.04,11.1,64.0,34.7,7.59,6922.0,33.2,5.33,5.1,5.9,1.02,1.65,2.63,4.74,0.68,0.96,19.0,44.9,83.4,25.4,88.2,20.5,29.7,8.4,0.0,6.2,0.0,5.1,3.1,Stable,Recovery / activity,Body composition,"Prioritize sleep regularity, recovery and progressive daily physical activity.","Prioritize resistance exercise, adequate protein/nutrition and reduction of central adiposity where appropriate.",Re-measure the leading domains in approximately 3 months and compare with the personal baseline.,No persistent adverse multidomain trend detected relative to the personal baseline.,
SA-057,Early Change,Month 6,6,67,Male,181.1,1.29,107.0,96.0,2.05,11.2,65.0,33.4,7.5,6724.0,32.8,5.43,5.17,6.5,1.16,1.61,2.74,4.87,0.71,1.18,20.0,44.7,83.7,25.5,88.8,20.9,29.6,8.6,0.6,15.1,9.2,13.7,10.8,Stable,Recovery / activity,Body composition,"Prioritize sleep regularity, recovery and progressive daily physical activity.","Prioritize resistance exercise, adequate protein/nutrition and reduction of central adiposity where appropriate.",Re-measure the leading domains in approximately 3 months and compare with the personal baseline.,No persistent adverse multidomain trend detected relative to the personal baseline.,
SA-057,Early Change,Month 9,9,67,Male,181.1,1.28,106.6,95.8,2.1,11.3,65.0,32.4,7.44,6583.0,32.5,5.45,5.18,6.7,1.19,1.6,2.76,4.9,0.72,1.23,20.0,44.5,83.8,25.6,89.0,21.0,29.5,8.7,6.7,21.5,11.9,16.9,15.3,Early multidomain change,Recovery / activity,Body composition,"Prioritize sleep regularity, recovery and progressive daily physical activity.","Prioritize resistance exercise, adequate protein/nutrition and reduction of central adiposity where appropriate.",Re-measure the leading domains in approximately 3 months and compare with the personal baseline.,"Early coordinated change is emerging, led by recovery / activity while other domains remain relatively preserved.",
SA-057,Early Change,Month 12,12,67,Male,181.1,1.28,106.8,95.9,2.08,11.3,66.0,29.8,7.28,6193.0,31.6,5.51,5.22,7.0,1.26,1.58,2.82,4.98,0.74,1.35,21.0,44.1,84.1,25.7,89.8,21.4,29.4,8.9,4.0,39.1,18.9,27.5,24.9,Early multidomain change,Recovery / activity,Body composition,"Prioritize sleep regularity, recovery and progressive daily physical activity.","Prioritize resistance exercise, adequate protein/nutrition and reduction of central adiposity where appropriate.",Re-measure the leading domains in approximately 3 months and compare with the personal baseline.,"Early coordinated change is emerging, led by recovery / activity while other domains remain relatively preserved.",
SA-058,Early Change,Baseline,0,42,Male,186.5,1.27,110.0,97.2,2.77,10.6,68.0,60.4,6.58,9089.0,40.4,4.08,4.69,4.5,1.16,1.39,2.71,4.63,1.18,0.38,22.0,32.5,78.4,22.5,85.0,30.2,38.1,7.6,3.0,0.0,0.0,0.1,0.5,Stable,Functional mobility,Body composition,"Maintain or progress walking, balance and strength work; reassess mobility if decline persists.","Prioritize resistance exercise, adequate protein/nutrition and reduction of central adiposity where appropriate.",Re-measure the leading domains in approximately 3 months and compare with the personal baseline.,No persistent adverse multidomain trend detected relative to the personal baseline.,
SA-058,Early Change,Month 1,1,42,Male,186.5,1.27,110.1,97.2,2.77,10.6,68.0,60.0,6.55,9021.0,40.2,4.12,4.72,4.8,1.21,1.38,2.75,4.67,1.19,0.45,23.0,32.4,78.6,22.6,85.4,30.4,38.0,7.7,2.2,0.5,0.0,5.7,1.9,Stable,Body composition,Functional mobility,"Prioritize resistance exercise, adequate protein/nutrition and reduction of central adiposity where appropriate.","Maintain or progress walking, balance and strength work; reassess mobility if decline persists.",Re-measure the leading domains in approximately 3 months and compare with the personal baseline.,No persistent adverse multidomain trend detected relative to the personal baseline.,
SA-058,Early Change,Month 3,3,42,Male,186.5,1.27,110.2,97.3,2.75,10.5,69.0,58.7,6.48,8843.0,39.8,4.11,4.71,4.7,1.19,1.38,2.74,4.66,1.19,0.42,23.0,32.2,78.5,22.6,85.3,30.4,38.0,7.6,0.3,8.6,0.0,4.4,3.7,Stable,Recovery / activity,Body composition,"Prioritize sleep regularity, recovery and progressive daily physical activity.","Prioritize resistance exercise, adequate protein/nutrition and reduction of central adiposity where appropriate.",Re-measure the leading domains in approximately 3 months and compare with the personal baseline.,No persistent adverse multidomain trend detected relative to the personal baseline.,
SA-058,Early Change,Month 6,6,42,Male,186.5,1.27,110.3,97.4,2.74,10.5,69.0,57.2,6.38,8620.0,39.3,4.17,4.76,5.1,1.28,1.36,2.81,4.75,1.21,0.57,23.0,32.0,78.7,22.6,85.6,30.6,38.0,7.7,0.0,18.6,6.6,8.9,9.8,Stable,Recovery / activity,Body composition,"Prioritize sleep regularity, recovery and progressive daily physical activity.","Prioritize resistance exercise, adequate protein/nutrition and reduction of central adiposity where appropriate.",Re-measure the leading domains in approximately 3 months and compare with the personal baseline.,No persistent adverse multidomain trend detected relative to the personal baseline.,
SA-058,Early Change,Month 9,9,42,Male,186.5,1.26,109.9,97.1,2.79,10.6,71.0,54.9,6.24,8273.0,38.5,4.26,4.82,5.7,1.41,1.32,2.91,4.87,1.24,0.77,24.0,31.6,78.9,22.7,86.2,30.9,37.9,7.9,4.5,34.3,18.3,17.6,20.9,Early multidomain change,Recovery / activity,Metabolic trend,"Prioritize sleep regularity, recovery and progressive daily physical activity.",Review nutrition and activity habits; confirm persistent abnormal laboratory values with an appropriate clinician.,Re-measure the leading domains in approximately 3 months and compare with the personal baseline.,"Early coordinated change is emerging, led by recovery / activity while other domains remain relatively preserved.",
SA-058,Early Change,Month 12,12,42,Male,186.5,1.25,109.5,96.8,2.83,10.7,71.0,54.6,6.22,8237.0,38.4,4.27,4.83,5.7,1.42,1.32,2.92,4.89,1.25,0.79,24.0,31.5,79.0,22.7,86.5,31.0,37.8,8.0,10.2,35.9,19.7,20.8,23.4,Early multidomain change,Recovery / activity,Body composition,"Prioritize sleep regularity, recovery and progressive daily physical activity.","Prioritize resistance exercise, adequate protein/nutrition and reduction of central adiposity where appropriate.",Re-measure the leading domains in approximately 3 months and compare with the personal baseline.,"Early coordinated change is emerging, led by recovery / activity while other domains remain relatively preserved.",
SA-059,Early Change,Baseline,0,54,Female,173.3,1.22,103.7,100.0,2.56,9.6,72.0,54.5,8.3,5622.0,36.5,4.86,4.77,9.5,1.0,1.73,3.97,6.15,0.83,0.71,24.0,37.9,75.7,25.2,94.9,28.6,34.6,6.5,0.8,0.0,3.0,0.0,1.0,Stable,Metabolic trend,Functional mobility,Review nutrition and activity habits; confirm persistent abnormal laboratory values with an appropriate clinician.,"Maintain or progress walking, balance and strength work; reassess mobility if decline persists.",Re-measure the leading domains in approximately 3 months and compare with the personal baseline.,No persistent adverse multidomain trend detected relative to the personal baseline.,
SA-059,Early Change,Month 1,1,54,Female,173.3,1.22,103.7,100.0,2.56,9.6,71.0,54.9,8.32,5672.0,36.6,4.87,4.78,9.5,1.01,1.72,3.98,6.16,0.84,0.73,24.0,38.0,75.7,25.2,94.8,28.6,34.6,6.5,0.8,0.0,4.2,0.0,1.4,Stable,Metabolic trend,Functional mobility,Review nutrition and activity habits; confirm persistent abnormal laboratory values with an appropriate clinician.,"Maintain or progress walking, balance and strength work; reassess mobility if decline persists.",Re-measure the leading domains in approximately 3 months and compare with the personal baseline.,No persistent adverse multidomain trend detected relative to the personal baseline.,
SA-059,Early Change,Month 3,3,54,Female,173.3,1.22,103.6,100.0,2.57,9.6,72.0,53.3,8.22,5444.0,36.1,4.84,4.76,9.3,0.97,1.73,3.95,6.12,0.82,0.66,24.0,37.7,75.9,25.3,95.3,28.9,34.5,6.6,1.5,6.1,0.0,4.0,3.1,Stable,Recovery / activity,Body composition,"Prioritize sleep regularity, recovery and progressive daily physical activity.","Prioritize resistance exercise, adequate protein/nutrition and reduction of central adiposity where appropriate.",Re-measure the leading domains in approximately 3 months and compare with the personal baseline.,No persistent adverse multidomain trend detected relative to the personal baseline.,
SA-059,Early Change,Month 6,6,54,Female,173.3,1.22,103.8,100.0,2.55,9.6,73.0,52.3,8.16,5296.0,35.8,4.9,4.8,9.7,1.05,1.71,4.01,6.2,0.85,0.79,24.0,37.6,76.0,25.3,95.6,29.1,34.5,6.7,0.0,12.7,7.8,8.8,8.3,Stable,Recovery / activity,Body composition,"Prioritize sleep regularity, recovery and progressive daily physical activity.","Prioritize resistance exercise, adequate protein/nutrition and reduction of central adiposity where appropriate.",Re-measure the leading domains in approximately 3 months and compare with the personal baseline.,No persistent adverse multidomain trend detected relative to the personal baseline.,
SA-059,Early Change,Month 9,9,54,Female,173.3,1.21,103.3,99.9,2.61,9.8,74.0,50.0,8.02,4953.0,35.0,4.96,4.84,10.1,1.13,1.69,4.08,6.28,0.87,0.92,25.0,37.2,76.2,25.4,96.0,29.3,34.4,6.8,7.2,28.3,15.0,14.4,17.6,Early multidomain change,Recovery / activity,Metabolic trend,"Prioritize sleep regularity, recovery and progressive daily physical activity.",Review nutrition and activity habits; confirm persistent abnormal laboratory values with an appropriate clinician.,Re-measure the leading domains in approximately 3 months and compare with the personal baseline.,"Early coordinated change is emerging, led by recovery / activity while other domains remain relatively preserved.",
SA-059,Early Change,Month 12,12,54,Female,173.3,1.21,103.2,99.9,2.62,9.8,74.0,48.7,7.94,4766.0,34.6,5.0,4.88,10.3,1.19,1.67,4.13,6.34,0.88,1.02,25.0,37.0,76.5,25.5,96.8,29.7,34.3,7.0,8.0,36.7,20.7,24.9,24.7,Early multidomain change,Recovery / activity,Body composition,"Prioritize sleep regularity, recovery and progressive daily physical activity.","Prioritize resistance exercise, adequate protein/nutrition and reduction of central adiposity where appropriate.",Re-measure the leading domains in approximately 3 months and compare with the personal baseline.,"Early coordinated change is emerging, led by recovery / activity while other domains remain relatively preserved.",
SA-060,Early Change,Baseline,0,46,Male,185.6,1.35,114.3,98.3,2.69,11.2,57.0,35.0,7.15,7203.0,35.1,4.89,5.16,5.8,1.02,1.63,2.81,4.9,1.29,0.96,21.0,30.0,81.0,23.5,84.0,19.6,33.8,6.8,0.0,0.9,5.8,1.2,2.3,Stable,Metabolic trend,Body composition,Review nutrition and activity habits; confirm persistent abnormal laboratory values with an appropriate clinician.,"Prioritize resistance exercise, adequate protein/nutrition and reduction of central adiposity where appropriate.",Re-measure the leading domains in approximately 3 months and compare with the personal baseline.,No persistent adverse multidomain trend detected relative to the personal baseline.,
SA-060,Early Change,Month 1,1,46,Male,185.6,1.35,114.0,98.2,2.72,11.2,57.0,34.3,7.1,7092.0,34.9,4.81,5.11,5.3,0.91,1.66,2.72,4.79,1.26,0.79,21.0,29.9,80.9,23.5,83.9,19.6,33.8,6.8,1.6,5.9,0.0,0.6,2.2,Stable,Recovery / activity,Functional mobility,"Prioritize sleep regularity, recovery and progressive daily physical activity.","Maintain or progress walking, balance and strength work; reassess mobility if decline persists.",Re-measure the leading domains in approximately 3 months and compare with the personal baseline.,No persistent adverse multidomain trend detected relative to the personal baseline.,
SA-060,Early Change,Month 3,3,46,Male,185.6,1.35,114.4,98.4,2.68,11.1,57.0,33.2,7.04,6931.0,34.5,4.85,5.13,5.5,0.95,1.64,2.76,4.83,1.28,0.86,21.0,29.7,81.0,23.5,84.0,19.6,33.8,6.8,0.0,13.2,0.0,2.1,4.5,Stable,Recovery / activity,Body composition,"Prioritize sleep regularity, recovery and progressive daily physical activity.","Prioritize resistance exercise, adequate protein/nutrition and reduction of central adiposity where appropriate.",Re-measure the leading domains in approximately 3 months and compare with the personal baseline.,No persistent adverse multidomain trend detected relative to the personal baseline.,
SA-060,Early Change,Month 6,6,46,Male,185.6,1.35,114.3,98.4,2.69,11.1,57.0,33.2,7.04,6933.0,34.5,4.89,5.16,5.8,1.02,1.63,2.81,4.9,1.29,0.96,21.0,29.7,81.4,23.6,84.9,20.1,33.6,7.0,0.0,13.1,5.7,14.1,9.2,Stable,Body composition,Recovery / activity,"Prioritize resistance exercise, adequate protein/nutrition and reduction of central adiposity where appropriate.","Prioritize sleep regularity, recovery and progressive daily physical activity.",Re-measure the leading domains in approximately 3 months and compare with the personal baseline.,No persistent adverse multidomain trend detected relative to the personal baseline.,
SA-060,Early Change,Month 9,9,46,Male,185.6,1.34,113.7,97.9,2.76,11.3,58.0,31.1,6.91,6624.0,33.8,4.95,5.2,6.1,1.09,1.6,2.87,4.97,1.31,1.08,22.0,29.3,81.4,23.7,85.0,20.2,33.6,7.1,6.5,27.1,12.7,16.4,17.0,Early multidomain change,Recovery / activity,Body composition,"Prioritize sleep regularity, recovery and progressive daily physical activity.","Prioritize resistance exercise, adequate protein/nutrition and reduction of central adiposity where appropriate.",Re-measure the leading domains in approximately 3 months and compare with the personal baseline.,"Early coordinated change is emerging, led by recovery / activity while other domains remain relatively preserved.",
SA-060,Early Change,Month 12,12,46,Male,185.6,1.33,113.4,97.7,2.8,11.5,59.0,30.5,6.87,6538.0,33.6,5.01,5.25,6.6,1.18,1.58,2.94,5.06,1.34,1.23,23.0,29.2,81.6,23.7,85.5,20.4,33.6,7.2,11.8,30.9,21.4,22.0,23.0,Early multidomain change,Recovery / activity,Body composition,"Prioritize sleep regularity, recovery and progressive daily physical activity.","Prioritize resistance exercise, adequate protein/nutrition and reduction of central adiposity where appropriate.",Re-measure the leading domains in approximately 3 months and compare with the personal baseline.,"Early coordinated change is emerging, led by recovery / activity while other domains remain relatively preserved.",
SA-061,Persistent Risk,Baseline,0,40,Male,183.6,1.5,114.5,95.6,2.22,10.9,70.0,45.7,7.26,9114.0,43.0,4.56,5.05,7.6,1.43,1.75,3.09,5.48,0.93,1.14,18.0,28.9,74.8,22.2,105.3,16.2,38.4,6.1,0.5,0.0,1.2,0.0,0.4,Stable,Metabolic trend,Functional mobility,Review nutrition and activity habits; confirm persistent abnormal laboratory values with an appropriate clinician.,"Maintain or progress walking, balance and strength work; reassess mobility if decline persists.",Re-measure the leading domains in approximately 3 months and compare with the personal baseline.,No persistent adverse multidomain trend detected relative to the personal baseline.,
SA-061,Persistent Risk,Month 1,1,40,Male,183.6,1.49,114.3,95.4,2.25,11.0,71.0,44.0,7.15,8864.0,42.4,4.59,5.08,7.8,1.47,1.74,3.12,5.53,0.94,1.21,19.0,28.6,75.1,22.3,106.0,16.6,38.2,6.3,4.2,7.8,5.2,6.0,6.0,Stable,Recovery / activity,Body composition,"Prioritize sleep regularity, recovery and progressive daily physical activity.","Prioritize resistance exercise, adequate protein/nutrition and reduction of central adiposity where appropriate.",Re-measure the leading domains in approximately 3 months and compare with the personal baseline.,No persistent adverse multidomain trend detected relative to the personal baseline.,
SA-061,Persistent Risk,Month 3,3,40,Male,183.6,1.49,114.0,95.2,2.29,11.1,71.0,42.9,7.09,8712.0,42.1,4.63,5.11,8.0,1.53,1.72,3.17,5.58,0.96,1.3,19.0,28.4,75.4,22.4,106.6,16.9,38.2,6.5,8.9,14.7,10.6,13.7,12.3,Early multidomain change,Recovery / activity,Body composition,"Prioritize sleep regularity, recovery and progressive daily physical activity.","Prioritize resistance exercise, adequate protein/nutrition and reduction of central adiposity where appropriate.",Re-measure the leading domains in approximately 3 months and compare with the personal baseline.,"Early coordinated change is emerging, led by recovery / activity while other domains remain relatively preserved.",
SA-061,Persistent Risk,Month 6,6,40,Male,183.6,1.48,113.6,94.9,2.33,11.3,73.0,40.3,6.92,8317.0,41.2,4.75,5.2,8.8,1.7,1.67,3.31,5.75,1.0,1.57,20.0,27.9,75.6,22.4,107.2,17.2,38.1,6.6,14.0,32.6,26.4,22.2,25.3,Early multidomain change,Recovery / activity,Metabolic trend,"Prioritize sleep regularity, recovery and progressive daily physical activity.",Review nutrition and activity habits; confirm persistent abnormal laboratory values with an appropriate clinician.,Re-measure the leading domains in approximately 3 months and compare with the personal baseline.,"Early coordinated change is emerging, led by recovery / activity while other domains remain relatively preserved.",
SA-061,Persistent Risk,Month 9,9,40,Male,183.6,1.46,112.8,94.4,2.43,11.5,73.0,38.8,6.83,8098.0,40.7,4.89,5.3,9.6,1.88,1.62,3.45,5.94,1.05,1.87,21.0,27.7,76.0,22.5,108.0,17.6,37.9,6.8,26.6,42.4,43.8,32.8,38.1,Persistent multidomain change,Metabolic trend,Recovery / activity,Review nutrition and activity habits; confirm persistent abnormal laboratory values with an appropriate clinician.,"Prioritize sleep regularity, recovery and progressive daily physical activity.",Re-measure the leading domains in approximately 3 months and compare with the personal baseline.,"Persistent change is present across multiple domains, led by metabolic trend and recovery / activity.",
SA-061,Persistent Risk,Month 12,12,40,Male,183.6,1.43,112.0,93.7,2.53,11.9,75.0,35.9,6.65,7670.0,39.7,4.95,5.34,10.0,1.97,1.59,3.52,6.02,1.07,2.01,22.0,27.2,76.7,22.7,109.6,18.6,37.7,7.3,40.0,61.8,51.8,55.9,54.1,Persistent multidomain change,Recovery / activity,Body composition,"Prioritize sleep regularity, recovery and progressive daily physical activity.","Prioritize resistance exercise, adequate protein/nutrition and reduction of central adiposity where appropriate.",Re-measure the leading domains in approximately 3 months and compare with the personal baseline.,"Persistent change is present across multiple domains, led by recovery / activity and body composition.",
SA-062,Persistent Risk,Baseline,0,60,Female,166.5,1.32,112.4,95.6,2.48,9.9,58.0,37.4,8.72,7615.0,29.5,4.77,5.25,8.3,1.24,1.71,2.32,4.59,0.94,0.58,19.0,22.8,66.5,24.0,85.2,33.3,24.5,11.1,2.7,0.0,2.4,3.7,2.1,Stable,Body composition,Functional mobility,"Prioritize resistance exercise, adequate protein/nutrition and reduction of central adiposity where appropriate.","Maintain or progress walking, balance and strength work; reassess mobility if decline persists.",Re-measure the leading domains in approximately 3 months and compare with the personal baseline.,No persistent adverse multidomain trend detected relative to the personal baseline.,
SA-062,Persistent Risk,Month 1,1,60,Female,166.5,1.32,112.3,95.5,2.49,10.0,59.0,35.9,8.62,7391.0,29.0,4.74,5.23,8.1,1.2,1.72,2.28,4.54,0.93,0.51,19.0,22.5,66.6,24.0,85.5,33.5,24.5,11.2,5.0,5.1,0.0,6.8,4.0,Stable,Body composition,Recovery / activity,"Prioritize resistance exercise, adequate protein/nutrition and reduction of central adiposity where appropriate.","Prioritize sleep regularity, recovery and progressive daily physical activity.",Re-measure the leading domains in approximately 3 months and compare with the personal baseline.,No persistent adverse multidomain trend detected relative to the personal baseline.,
SA-062,Persistent Risk,Month 3,3,60,Female,166.5,1.32,112.3,95.5,2.49,10.0,60.0,34.3,8.52,7159.0,28.5,4.87,5.32,8.9,1.37,1.67,2.42,4.72,0.98,0.79,20.0,22.3,66.9,24.1,86.0,33.8,24.4,11.3,5.1,15.6,14.5,14.4,13.4,Early multidomain change,Recovery / activity,Metabolic trend,"Prioritize sleep regularity, recovery and progressive daily physical activity.",Review nutrition and activity habits; confirm persistent abnormal laboratory values with an appropriate clinician.,Re-measure the leading domains in approximately 3 months and compare with the personal baseline.,"Early coordinated change is emerging, led by recovery / activity while other domains remain relatively preserved.",
SA-062,Persistent Risk,Month 6,6,60,Female,166.5,1.29,111.5,94.9,2.59,10.2,60.0,33.2,8.45,6985.0,28.1,4.98,5.4,9.6,1.52,1.63,2.54,4.86,1.02,1.02,21.0,22.1,67.1,24.2,86.6,34.1,24.3,11.5,17.7,23.5,28.2,22.0,23.7,Early multidomain change,Metabolic trend,Recovery / activity,Review nutrition and activity habits; confirm persistent abnormal laboratory values with an appropriate clinician.,"Prioritize sleep regularity, recovery and progressive daily physical activity.",Re-measure the leading domains in approximately 3 months and compare with the personal baseline.,"Early coordinated change is emerging, led by metabolic trend while other domains remain relatively preserved.",
SA-062,Persistent Risk,Month 9,9,60,Female,166.5,1.29,111.2,94.7,2.63,10.4,62.0,30.9,8.31,6644.0,27.3,5.05,5.45,10.0,1.61,1.6,2.61,4.96,1.04,1.17,21.0,21.7,67.5,24.3,87.4,34.5,24.2,11.7,22.6,38.9,36.8,33.3,34.4,Persistent multidomain change,Recovery / activity,Metabolic trend,"Prioritize sleep regularity, recovery and progressive daily physical activity.",Review nutrition and activity habits; confirm persistent abnormal laboratory values with an appropriate clinician.,Re-measure the leading domains in approximately 3 months and compare with the personal baseline.,"Persistent change is present across multiple domains, led by recovery / activity and metabolic trend.",
SA-062,Persistent Risk,Month 12,12,60,Female,166.5,1.27,110.6,94.3,2.7,10.6,63.0,28.6,8.17,6314.0,26.6,5.15,5.52,10.6,1.75,1.56,2.72,5.09,1.08,1.39,22.0,21.3,67.8,24.4,88.1,34.9,24.0,11.9,31.7,53.8,49.6,44.0,46.8,Persistent multidomain change,Recovery / activity,Metabolic trend,"Prioritize sleep regularity, recovery and progressive daily physical activity.",Review nutrition and activity habits; confirm persistent abnormal laboratory values with an appropriate clinician.,Re-measure the leading domains in approximately 3 months and compare with the personal baseline.,"Persistent change is present across multiple domains, led by recovery / activity and metabolic trend.",
SA-063,Persistent Risk,Baseline,0,48,Male,184.4,1.42,109.1,98.5,2.46,9.6,66.0,49.8,7.76,7070.0,42.2,4.93,5.39,4.4,1.29,1.49,1.87,3.93,1.05,2.08,30.0,41.4,70.1,20.6,88.9,26.9,31.4,6.2,0.7,0.4,0.0,0.0,0.2,Stable,Functional mobility,Recovery / activity,"Maintain or progress walking, balance and strength work; reassess mobility if decline persists.","Prioritize sleep regularity, recovery and progressive daily physical activity.",Re-measure the leading domains in approximately 3 months and compare with the personal baseline.,No persistent adverse multidomain trend detected relative to the personal baseline.,
SA-063,Persistent Risk,Month 1,1,48,Male,184.4,1.41,108.9,98.3,2.49,9.7,67.0,49.5,7.74,7023.0,42.1,5.01,5.45,4.9,1.4,1.45,1.96,4.05,1.09,2.26,30.0,41.4,70.3,20.7,89.4,27.2,31.3,6.4,4.3,2.5,4.2,0.9,2.9,Stable,Functional mobility,Metabolic trend,"Maintain or progress walking, balance and strength work; reassess mobility if decline persists.",Review nutrition and activity habits; confirm persistent abnormal laboratory values with an appropriate clinician.,Re-measure the leading domains in approximately 3 months and compare with the personal baseline.,No persistent adverse multidomain trend detected relative to the personal baseline.,
SA-063,Persistent Risk,Month 3,3,48,Male,184.4,1.41,108.9,98.3,2.5,9.7,67.0,48.5,7.68,6883.0,41.8,5.12,5.53,5.6,1.55,1.41,2.08,4.2,1.13,2.5,31.0,41.2,70.6,20.8,90.1,27.6,31.2,6.6,4.9,8.8,18.4,10.7,11.6,Stable,Metabolic trend,Body composition,Review nutrition and activity habits; confirm persistent abnormal laboratory values with an appropriate clinician.,"Prioritize resistance exercise, adequate protein/nutrition and reduction of central adiposity where appropriate.",Re-measure the leading domains in approximately 3 months and compare with the personal baseline.,No persistent adverse multidomain trend detected relative to the personal baseline.,
SA-063,Persistent Risk,Month 6,6,48,Male,184.4,1.38,108.0,97.7,2.61,10.0,69.0,44.8,7.45,6338.0,40.6,5.2,5.59,6.1,1.66,1.38,2.17,4.3,1.15,2.67,32.0,40.6,71.0,20.9,91.0,28.0,31.1,6.8,18.8,33.4,28.2,22.8,27.0,Early multidomain change,Recovery / activity,Metabolic trend,"Prioritize sleep regularity, recovery and progressive daily physical activity.",Review nutrition and activity habits; confirm persistent abnormal laboratory values with an appropriate clinician.,Re-measure the leading domains in approximately 3 months and compare with the personal baseline.,"Early coordinated change is emerging, led by recovery / activity while other domains remain relatively preserved.",
SA-063,Persistent Risk,Month 9,9,48,Male,184.4,1.37,107.4,97.3,2.67,10.2,70.0,42.7,7.32,6020.0,39.9,5.26,5.63,6.5,1.73,1.36,2.23,4.38,1.17,2.79,33.0,40.2,71.5,21.0,92.2,28.7,30.9,7.2,26.7,47.7,35.3,39.9,38.9,Persistent multidomain change,Recovery / activity,Body composition,"Prioritize sleep regularity, recovery and progressive daily physical activity.","Prioritize resistance exercise, adequate protein/nutrition and reduction of central adiposity where appropriate.",Re-measure the leading domains in approximately 3 months and compare with the personal baseline.,"Persistent change is present across multiple domains, led by recovery / activity and body composition.",
SA-063,Persistent Risk,Month 12,12,48,Male,184.4,1.36,107.1,97.0,2.72,10.3,70.0,41.5,7.24,5839.0,39.5,5.4,5.73,7.3,1.93,1.3,2.38,4.57,1.23,3.1,34.0,40.0,71.9,21.1,92.9,29.1,30.8,7.4,32.9,55.9,53.4,49.9,50.2,Persistent multidomain change,Recovery / activity,Metabolic trend,"Prioritize sleep regularity, recovery and progressive daily physical activity.",Review nutrition and activity habits; confirm persistent abnormal laboratory values with an appropriate clinician.,Re-measure the leading domains in approximately 3 months and compare with the personal baseline.,"Persistent change is present across multiple domains, led by recovery / activity and metabolic trend.",
SA-064,Persistent Risk,Baseline,0,42,Male,172.9,1.16,117.0,96.6,2.41,9.2,74.0,35.6,7.02,8078.0,35.5,5.06,5.61,5.6,1.1,0.68,2.57,3.75,0.81,0.44,30.0,27.4,69.8,23.3,97.9,22.9,37.6,7.4,0.0,0.0,0.0,0.0,0.0,Stable,Recovery / activity,Metabolic trend,"Prioritize sleep regularity, recovery and progressive daily physical activity.",Review nutrition and activity habits; confirm persistent abnormal laboratory values with an appropriate clinician.,Re-measure the leading domains in approximately 3 months and compare with the personal baseline.,No persistent adverse multidomain trend detected relative to the personal baseline.,
SA-064,Persistent Risk,Month 1,1,42,Male,172.9,1.16,116.7,96.4,2.45,9.3,75.0,34.1,6.93,7862.0,35.0,5.13,5.66,6.0,1.19,0.66,2.64,3.84,0.83,0.58,31.0,27.2,69.7,23.3,97.7,22.8,37.6,7.3,1.5,9.0,1.7,0.0,3.4,Stable,Recovery / activity,Metabolic trend,"Prioritize sleep regularity, recovery and progressive daily physical activity.",Review nutrition and activity habits; confirm persistent abnormal laboratory values with an appropriate clinician.,Re-measure the leading domains in approximately 3 months and compare with the personal baseline.,No persistent adverse multidomain trend detected relative to the personal baseline.,
SA-064,Persistent Risk,Month 3,3,42,Male,172.9,1.14,116.1,96.0,2.53,9.5,76.0,32.2,6.81,7570.0,34.3,5.2,5.72,6.5,1.29,0.65,2.72,3.94,0.86,0.75,31.0,26.8,70.3,23.5,99.0,23.5,37.4,7.7,11.5,22.2,11.2,14.9,15.5,Early multidomain change,Recovery / activity,Body composition,"Prioritize sleep regularity, recovery and progressive daily physical activity.","Prioritize resistance exercise, adequate protein/nutrition and reduction of central adiposity where appropriate.",Re-measure the leading domains in approximately 3 months and compare with the personal baseline.,"Early coordinated change is emerging, led by recovery / activity while other domains remain relatively preserved.",
SA-064,Persistent Risk,Month 6,6,42,Male,172.9,1.13,115.6,95.6,2.58,9.7,76.0,31.5,6.77,7471.0,34.1,5.28,5.78,7.0,1.4,0.65,2.81,4.05,0.89,0.92,32.0,26.7,70.7,23.7,100.0,24.1,37.3,8.0,18.8,26.6,21.5,28.0,24.3,Early multidomain change,Body composition,Recovery / activity,"Prioritize resistance exercise, adequate protein/nutrition and reduction of central adiposity where appropriate.","Prioritize sleep regularity, recovery and progressive daily physical activity.",Re-measure the leading domains in approximately 3 months and compare with the personal baseline.,"Early coordinated change is emerging, led by body composition while other domains remain relatively preserved.",
SA-064,Persistent Risk,Month 9,9,42,Male,172.9,1.12,115.2,95.4,2.63,9.8,78.0,29.0,6.62,7111.0,33.3,5.42,5.87,7.8,1.58,0.65,2.96,4.23,0.94,1.22,33.0,26.3,70.9,23.7,100.3,24.3,37.2,8.1,24.4,42.9,38.6,33.2,36.4,Persistent multidomain change,Recovery / activity,Metabolic trend,"Prioritize sleep regularity, recovery and progressive daily physical activity.",Review nutrition and activity habits; confirm persistent abnormal laboratory values with an appropriate clinician.,Re-measure the leading domains in approximately 3 months and compare with the personal baseline.,"Persistent change is present across multiple domains, led by recovery / activity and metabolic trend.",
SA-064,Persistent Risk,Month 12,12,42,Male,172.9,1.1,114.7,95.0,2.7,10.0,79.0,26.9,6.48,6790.0,32.6,5.51,5.94,8.4,1.71,0.65,3.06,4.36,0.97,1.42,34.0,25.9,71.5,23.9,101.6,25.0,37.0,8.4,33.2,57.4,50.5,50.9,50.1,Persistent multidomain change,Recovery / activity,Body composition,"Prioritize sleep regularity, recovery and progressive daily physical activity.","Prioritize resistance exercise, adequate protein/nutrition and reduction of central adiposity where appropriate.",Re-measure the leading domains in approximately 3 months and compare with the personal baseline.,"Persistent change is present across multiple domains, led by recovery / activity and body composition.",
SA-065,Persistent Risk,Baseline,0,49,Female,162.4,1.61,114.1,97.7,2.53,8.8,60.0,39.4,7.52,7554.0,38.6,5.4,5.48,6.7,0.87,1.83,3.09,5.31,0.63,0.73,24.0,36.1,71.4,27.1,86.5,39.3,28.7,9.5,0.2,3.8,2.0,1.0,2.0,Stable,Recovery / activity,Metabolic trend,"Prioritize sleep regularity, recovery and progressive daily physical activity.",Review nutrition and activity habits; confirm persistent abnormal laboratory values with an appropriate clinician.,Re-measure the leading domains in approximately 3 months and compare with the personal baseline.,No persistent adverse multidomain trend detected relative to the personal baseline.,
SA-065,Persistent Risk,Month 1,1,49,Female,162.4,1.6,113.9,97.6,2.55,8.8,60.0,39.6,7.54,7592.0,38.7,5.42,5.49,6.9,0.9,1.82,3.11,5.34,0.64,0.77,24.0,36.2,71.5,27.1,86.6,39.4,28.7,9.5,2.5,2.1,4.4,3.2,3.1,Stable,Metabolic trend,Body composition,Review nutrition and activity habits; confirm persistent abnormal laboratory values with an appropriate clinician.,"Prioritize resistance exercise, adequate protein/nutrition and reduction of central adiposity where appropriate.",Re-measure the leading domains in approximately 3 months and compare with the personal baseline.,No persistent adverse multidomain trend detected relative to the personal baseline.,
SA-065,Persistent Risk,Month 3,3,49,Female,162.4,1.6,113.6,97.4,2.58,9.0,60.0,38.9,7.49,7485.0,38.5,5.49,5.54,7.3,0.99,1.79,3.19,5.43,0.66,0.92,25.0,36.1,71.7,27.2,87.2,39.7,28.6,9.7,7.1,7.0,13.3,10.9,9.9,Stable,Metabolic trend,Body composition,Review nutrition and activity habits; confirm persistent abnormal laboratory values with an appropriate clinician.,"Prioritize resistance exercise, adequate protein/nutrition and reduction of central adiposity where appropriate.",Re-measure the leading domains in approximately 3 months and compare with the personal baseline.,No persistent adverse multidomain trend detected relative to the personal baseline.,
SA-065,Persistent Risk,Month 6,6,49,Female,162.4,1.59,113.4,97.2,2.61,9.0,62.0,35.6,7.29,7003.0,37.4,5.56,5.59,7.7,1.09,1.76,3.27,5.53,0.69,1.08,26.0,35.5,72.2,27.4,88.3,40.4,28.5,10.0,11.2,28.7,22.5,26.2,23.6,Early multidomain change,Recovery / activity,Body composition,"Prioritize sleep regularity, recovery and progressive daily physical activity.","Prioritize resistance exercise, adequate protein/nutrition and reduction of central adiposity where appropriate.",Re-measure the leading domains in approximately 3 months and compare with the personal baseline.,"Early coordinated change is emerging, led by recovery / activity while other domains remain relatively preserved.",
SA-065,Persistent Risk,Month 9,9,49,Female,162.4,1.56,112.4,96.5,2.73,9.4,63.0,33.5,7.16,6683.0,36.7,5.74,5.72,8.8,1.33,1.69,3.46,5.78,0.75,1.47,27.0,35.1,72.6,27.5,89.2,40.9,28.3,10.2,25.8,43.2,45.3,39.4,40.3,Persistent multidomain change,Metabolic trend,Recovery / activity,Review nutrition and activity habits; confirm persistent abnormal laboratory values with an appropriate clinician.,"Prioritize sleep regularity, recovery and progressive daily physical activity.",Re-measure the leading domains in approximately 3 months and compare with the personal baseline.,"Persistent change is present across multiple domains, led by metabolic trend and recovery / activity.",
SA-065,Persistent Risk,Month 12,12,49,Female,162.4,1.55,112.0,96.2,2.78,9.5,64.0,31.9,7.06,6458.0,36.2,5.8,5.77,9.2,1.42,1.67,3.53,5.86,0.78,1.61,28.0,34.9,72.9,27.6,89.8,41.2,28.2,10.4,32.0,53.3,53.4,48.2,48.9,Persistent multidomain change,Metabolic trend,Recovery / activity,Review nutrition and activity habits; confirm persistent abnormal laboratory values with an appropriate clinician.,"Prioritize sleep regularity, recovery and progressive daily physical activity.",Re-measure the leading domains in approximately 3 months and compare with the personal baseline.,"Persistent change is present across multiple domains, led by metabolic trend and recovery / activity.",
SA-066,Persistent Risk,Baseline,0,54,Male,172.5,1.03,107.4,96.4,2.07,10.1,62.0,19.3,7.34,6564.0,45.0,4.54,5.25,6.3,1.13,1.38,2.5,4.39,0.63,0.39,19.0,30.0,82.7,27.8,94.5,26.2,29.8,6.9,0.0,0.0,0.0,2.2,0.5,Stable,Body composition,Recovery / activity,"Prioritize resistance exercise, adequate protein/nutrition and reduction of central adiposity where appropriate.","Prioritize sleep regularity, recovery and progressive daily physical activity.",Re-measure the leading domains in approximately 3 months and compare with the personal baseline.,No persistent adverse multidomain trend detected relative to the personal baseline.,
SA-066,Persistent Risk,Month 1,1,54,Male,172.5,1.02,106.8,95.9,2.16,10.4,63.0,18.3,7.28,6424.0,44.7,4.59,5.29,6.6,1.2,1.36,2.56,4.46,0.65,0.51,19.0,29.8,82.7,27.8,94.7,26.3,29.7,6.9,7.9,3.8,5.5,4.9,5.2,Stable,Functional mobility,Metabolic trend,"Maintain or progress walking, balance and strength work; reassess mobility if decline persists.",Review nutrition and activity habits; confirm persistent abnormal laboratory values with an appropriate clinician.,Re-measure the leading domains in approximately 3 months and compare with the personal baseline.,No persistent adverse multidomain trend detected relative to the personal baseline.,
SA-066,Persistent Risk,Month 3,3,54,Male,172.5,1.02,106.8,95.9,2.16,10.4,63.0,17.1,7.21,6240.0,44.3,4.67,5.34,7.1,1.3,1.34,2.63,4.56,0.68,0.66,20.0,29.6,83.0,27.9,95.2,26.6,29.6,7.0,7.8,12.1,14.6,12.0,12.2,Early multidomain change,Metabolic trend,Recovery / activity,Review nutrition and activity habits; confirm persistent abnormal laboratory values with an appropriate clinician.,"Prioritize sleep regularity, recovery and progressive daily physical activity.",Re-measure the leading domains in approximately 3 months and compare with the personal baseline.,"Early coordinated change is emerging, led by metabolic trend while other domains remain relatively preserved.",
SA-066,Persistent Risk,Month 6,6,54,Male,172.5,1.01,106.5,95.7,2.2,10.5,65.0,14.7,7.06,5895.0,43.5,4.74,5.4,7.6,1.4,1.3,2.72,4.67,0.7,0.83,21.0,29.2,83.2,28.0,95.7,26.9,29.6,7.2,12.7,27.6,24.5,19.1,22.3,Early multidomain change,Recovery / activity,Metabolic trend,"Prioritize sleep regularity, recovery and progressive daily physical activity.",Review nutrition and activity habits; confirm persistent abnormal laboratory values with an appropriate clinician.,Re-measure the leading domains in approximately 3 months and compare with the personal baseline.,"Early coordinated change is emerging, led by recovery / activity while other domains remain relatively preserved.",
SA-066,Persistent Risk,Month 9,9,54,Male,172.5,0.99,105.6,95.1,2.29,10.8,65.0,13.3,6.97,5680.0,43.0,4.83,5.46,8.1,1.52,1.27,2.82,4.79,0.74,1.02,21.0,29.0,83.7,28.1,96.8,27.5,29.4,7.5,25.3,37.4,35.7,34.0,34.2,Persistent multidomain change,Recovery / activity,Metabolic trend,"Prioritize sleep regularity, recovery and progressive daily physical activity.",Review nutrition and activity habits; confirm persistent abnormal laboratory values with an appropriate clinician.,Re-measure the leading domains in approximately 3 months and compare with the personal baseline.,"Persistent change is present across multiple domains, led by recovery / activity and metabolic trend.",
SA-066,Persistent Risk,Month 12,12,54,Male,172.5,0.98,105.6,95.1,2.3,10.8,67.0,12.0,6.74,5134.0,41.8,4.96,5.55,8.9,1.69,1.22,2.95,4.96,0.78,1.3,23.0,28.3,84.0,28.2,97.6,28.0,29.3,7.7,26.3,62.0,51.6,45.8,49.5,Persistent multidomain change,Recovery / activity,Metabolic trend,"Prioritize sleep regularity, recovery and progressive daily physical activity.",Review nutrition and activity habits; confirm persistent abnormal laboratory values with an appropriate clinician.,Re-measure the leading domains in approximately 3 months and compare with the personal baseline.,"Persistent change is present across multiple domains, led by recovery / activity and metabolic trend.",
SA-067,Persistent Risk,Baseline,0,43,Male,182.9,1.47,114.2,97.1,1.77,7.5,64.0,41.4,6.57,7949.0,42.6,5.35,5.3,9.8,1.08,1.31,3.26,5.06,0.73,2.89,26.0,33.0,75.8,22.6,99.9,14.7,27.9,9.1,0.0,2.2,2.8,6.6,3.1,Stable,Body composition,Metabolic trend,"Prioritize resistance exercise, adequate protein/nutrition and reduction of central adiposity where appropriate.",Review nutrition and activity habits; confirm persistent abnormal laboratory values with an appropriate clinician.,Re-measure the leading domains in approximately 3 months and compare with the personal baseline.,No persistent adverse multidomain trend detected relative to the personal baseline.,
SA-067,Persistent Risk,Month 1,1,43,Male,182.9,1.47,114.0,97.0,1.79,7.6,65.0,40.1,6.49,7758.0,42.1,5.37,5.31,9.9,1.1,1.31,3.28,5.08,0.74,2.92,26.0,32.8,75.7,22.6,99.6,14.5,28.0,9.0,0.0,10.9,4.8,2.9,5.4,Stable,Recovery / activity,Metabolic trend,"Prioritize sleep regularity, recovery and progressive daily physical activity.",Review nutrition and activity habits; confirm persistent abnormal laboratory values with an appropriate clinician.,Re-measure the leading domains in approximately 3 months and compare with the personal baseline.,No persistent adverse multidomain trend detected relative to the personal baseline.,
SA-067,Persistent Risk,Month 3,3,43,Male,182.9,1.45,113.5,96.6,1.86,7.7,65.0,39.1,6.43,7620.0,41.8,5.44,5.36,10.4,1.2,1.28,3.35,5.17,0.76,3.07,27.0,32.6,75.9,22.7,100.1,14.8,27.9,9.1,7.1,17.1,13.5,10.0,12.7,Early multidomain change,Recovery / activity,Metabolic trend,"Prioritize sleep regularity, recovery and progressive daily physical activity.",Review nutrition and activity habits; confirm persistent abnormal laboratory values with an appropriate clinician.,Re-measure the leading domains in approximately 3 months and compare with the personal baseline.,"Early coordinated change is emerging, led by recovery / activity while other domains remain relatively preserved.",
SA-067,Persistent Risk,Month 6,6,43,Male,182.9,1.44,112.9,96.2,1.93,7.9,67.0,36.0,6.24,7161.0,40.8,5.54,5.44,11.0,1.34,1.24,3.46,5.31,0.8,3.29,28.0,32.1,76.6,22.9,101.7,15.7,27.7,9.5,15.9,37.8,26.4,31.4,29.5,Early multidomain change,Recovery / activity,Body composition,"Prioritize sleep regularity, recovery and progressive daily physical activity.","Prioritize resistance exercise, adequate protein/nutrition and reduction of central adiposity where appropriate.",Re-measure the leading domains in approximately 3 months and compare with the personal baseline.,"Early coordinated change is emerging, led by recovery / activity while other domains remain relatively preserved.",
SA-067,Persistent Risk,Month 9,9,43,Male,182.9,1.43,112.5,95.9,1.98,8.1,67.0,35.2,6.19,7045.0,40.5,5.63,5.5,11.6,1.46,1.2,3.56,5.44,0.83,3.49,28.0,31.9,76.9,23.0,102.3,16.0,27.5,9.7,22.4,43.1,38.2,40.6,37.9,Persistent multidomain change,Recovery / activity,Body composition,"Prioritize sleep regularity, recovery and progressive daily physical activity.","Prioritize resistance exercise, adequate protein/nutrition and reduction of central adiposity where appropriate.",Re-measure the leading domains in approximately 3 months and compare with the personal baseline.,"Persistent change is present across multiple domains, led by recovery / activity and body composition.",
SA-067,Persistent Risk,Month 12,12,43,Male,182.9,1.42,112.2,95.7,2.01,8.2,68.0,32.2,6.0,6590.0,39.5,5.74,5.58,12.2,1.61,1.16,3.68,5.59,0.87,3.74,29.0,31.4,77.1,23.0,102.8,16.3,27.5,9.9,27.1,63.6,52.4,47.1,50.6,Persistent multidomain change,Recovery / activity,Metabolic trend,"Prioritize sleep regularity, recovery and progressive daily physical activity.",Review nutrition and activity habits; confirm persistent abnormal laboratory values with an appropriate clinician.,Re-measure the leading domains in approximately 3 months and compare with the personal baseline.,"Persistent change is present across multiple domains, led by recovery / activity and metabolic trend.",
SA-068,Persistent Risk,Baseline,0,67,Female,176.6,1.27,115.5,97.0,2.02,8.5,54.0,51.2,8.29,9838.0,26.4,5.48,5.47,3.5,0.94,1.83,2.94,5.19,0.67,1.02,8.0,28.1,76.5,24.5,93.7,24.8,25.9,5.6,2.5,4.8,0.0,0.1,1.8,Stable,Recovery / activity,Functional mobility,"Prioritize sleep regularity, recovery and progressive daily physical activity.","Maintain or progress walking, balance and strength work; reassess mobility if decline persists.",Re-measure the leading domains in approximately 3 months and compare with the personal baseline.,No persistent adverse multidomain trend detected relative to the personal baseline.,
SA-068,Persistent Risk,Month 1,1,67,Female,176.6,1.27,115.3,96.9,2.04,8.6,54.0,50.5,8.25,9743.0,26.2,5.56,5.53,4.0,1.04,1.8,3.02,5.29,0.69,1.18,9.0,28.0,76.8,24.6,94.3,25.1,25.8,5.8,5.7,9.1,7.4,8.7,8.0,Stable,Recovery / activity,Body composition,"Prioritize sleep regularity, recovery and progressive daily physical activity.","Prioritize resistance exercise, adequate protein/nutrition and reduction of central adiposity where appropriate.",Re-measure the leading domains in approximately 3 months and compare with the personal baseline.,No persistent adverse multidomain trend detected relative to the personal baseline.,
SA-068,Persistent Risk,Month 3,3,67,Female,176.6,1.26,115.2,96.8,2.05,8.6,55.0,49.2,8.17,9546.0,25.7,5.6,5.56,4.3,1.1,1.78,3.07,5.35,0.71,1.28,9.0,27.8,76.9,24.6,94.6,25.3,25.8,5.9,7.2,18.0,13.4,13.2,13.8,Early multidomain change,Recovery / activity,Metabolic trend,"Prioritize sleep regularity, recovery and progressive daily physical activity.",Review nutrition and activity habits; confirm persistent abnormal laboratory values with an appropriate clinician.,Re-measure the leading domains in approximately 3 months and compare with the personal baseline.,"Early coordinated change is emerging, led by recovery / activity while other domains remain relatively preserved.",
SA-068,Persistent Risk,Month 6,6,67,Female,176.6,1.25,114.6,96.4,2.13,8.8,55.0,48.2,8.11,9398.0,25.4,5.7,5.63,4.8,1.23,1.74,3.17,5.48,0.74,1.49,10.0,27.6,77.2,24.7,95.2,25.6,25.7,6.0,16.4,24.7,25.3,21.2,22.7,Early multidomain change,Metabolic trend,Recovery / activity,Review nutrition and activity habits; confirm persistent abnormal laboratory values with an appropriate clinician.,"Prioritize sleep regularity, recovery and progressive daily physical activity.",Re-measure the leading domains in approximately 3 months and compare with the personal baseline.,"Early coordinated change is emerging, led by metabolic trend while other domains remain relatively preserved.",
SA-068,Persistent Risk,Month 9,9,67,Female,176.6,1.23,113.9,95.9,2.21,9.0,57.0,44.3,7.86,8822.0,24.1,5.83,5.73,5.7,1.42,1.69,3.32,5.67,0.79,1.79,11.0,26.9,77.6,24.9,96.3,26.2,25.5,6.3,26.6,50.7,42.9,36.6,41.2,Persistent multidomain change,Recovery / activity,Metabolic trend,"Prioritize sleep regularity, recovery and progressive daily physical activity.",Review nutrition and activity habits; confirm persistent abnormal laboratory values with an appropriate clinician.,Re-measure the leading domains in approximately 3 months and compare with the personal baseline.,"Persistent change is present across multiple domains, led by recovery / activity and metabolic trend.",
SA-068,Persistent Risk,Month 12,12,67,Female,176.6,1.22,113.4,95.5,2.27,9.2,58.0,43.1,7.79,8648.0,23.7,5.9,5.78,6.1,1.51,1.66,3.4,5.76,0.82,1.94,12.0,26.7,78.1,25.0,97.3,26.8,25.4,6.6,35.2,58.5,51.6,51.1,51.1,Persistent multidomain change,Recovery / activity,Metabolic trend,"Prioritize sleep regularity, recovery and progressive daily physical activity.",Review nutrition and activity habits; confirm persistent abnormal laboratory values with an appropriate clinician.,Re-measure the leading domains in approximately 3 months and compare with the personal baseline.,"Persistent change is present across multiple domains, led by recovery / activity and metabolic trend.",
SA-069,Persistent Risk,Baseline,0,66,Male,179.0,1.35,102.6,96.1,2.63,10.5,61.0,50.4,7.11,7774.0,45.6,4.78,5.29,6.5,0.62,1.11,3.55,4.94,0.95,0.52,13.0,28.9,96.8,30.2,89.5,24.2,35.2,5.4,1.0,6.6,4.6,0.0,3.5,Stable,Recovery / activity,Metabolic trend,"Prioritize sleep regularity, recovery and progressive daily physical activity.",Review nutrition and activity habits; confirm persistent abnormal laboratory values with an appropriate clinician.,Re-measure the leading domains in approximately 3 months and compare with the personal baseline.,No persistent adverse multidomain trend detected relative to the personal baseline.,
SA-069,Persistent Risk,Month 1,1,66,Male,179.0,1.35,102.5,96.0,2.63,10.5,61.0,50.3,7.1,7765.0,45.6,4.81,5.3,6.7,0.66,1.1,3.58,4.97,0.96,0.57,13.0,28.9,96.8,30.2,89.5,24.2,35.2,5.4,1.7,6.9,7.7,0.0,4.6,Stable,Metabolic trend,Recovery / activity,Review nutrition and activity habits; confirm persistent abnormal laboratory values with an appropriate clinician.,"Prioritize sleep regularity, recovery and progressive daily physical activity.",Re-measure the leading domains in approximately 3 months and compare with the personal baseline.,No persistent adverse multidomain trend detected relative to the personal baseline.,
SA-069,Persistent Risk,Month 3,3,66,Male,179.0,1.34,102.1,95.7,2.69,10.6,62.0,48.6,7.0,7509.0,45.0,4.85,5.34,7.0,0.72,1.08,3.63,5.04,0.98,0.68,13.0,28.6,97.1,30.3,90.2,24.6,35.1,5.6,8.9,18.5,13.7,9.4,13.4,Early multidomain change,Recovery / activity,Metabolic trend,"Prioritize sleep regularity, recovery and progressive daily physical activity.",Review nutrition and activity habits; confirm persistent abnormal laboratory values with an appropriate clinician.,Re-measure the leading domains in approximately 3 months and compare with the personal baseline.,"Early coordinated change is emerging, led by recovery / activity while other domains remain relatively preserved.",
SA-069,Persistent Risk,Month 6,6,66,Male,179.0,1.33,101.7,95.5,2.73,10.7,63.0,47.0,6.9,7274.0,44.5,4.94,5.4,7.5,0.85,1.04,3.73,5.16,1.01,0.87,14.0,28.4,97.6,30.5,91.4,25.3,34.9,5.9,13.9,29.1,25.3,25.9,24.9,Early multidomain change,Recovery / activity,Body composition,"Prioritize sleep regularity, recovery and progressive daily physical activity.","Prioritize resistance exercise, adequate protein/nutrition and reduction of central adiposity where appropriate.",Re-measure the leading domains in approximately 3 months and compare with the personal baseline.,"Early coordinated change is emerging, led by recovery / activity while other domains remain relatively preserved.",
SA-069,Persistent Risk,Month 9,9,66,Male,179.0,1.31,101.0,95.0,2.82,11.0,65.0,43.7,6.69,6781.0,43.4,5.03,5.47,8.1,0.97,1.0,3.83,5.28,1.05,1.07,15.0,27.8,98.1,30.6,92.4,25.9,34.7,6.2,25.2,51.4,36.7,40.4,40.3,Persistent multidomain change,Recovery / activity,Body composition,"Prioritize sleep regularity, recovery and progressive daily physical activity.","Prioritize resistance exercise, adequate protein/nutrition and reduction of central adiposity where appropriate.",Re-measure the leading domains in approximately 3 months and compare with the personal baseline.,"Persistent change is present across multiple domains, led by recovery / activity and body composition.",
SA-069,Persistent Risk,Month 12,12,66,Male,179.0,1.31,100.9,94.9,2.83,11.0,65.0,42.9,6.64,6670.0,43.1,5.19,5.58,9.0,1.18,0.94,3.99,5.49,1.1,1.4,16.0,27.7,98.2,30.7,92.8,26.0,34.7,6.3,26.7,56.4,56.1,44.9,49.0,Persistent multidomain change,Recovery / activity,Metabolic trend,"Prioritize sleep regularity, recovery and progressive daily physical activity.",Review nutrition and activity habits; confirm persistent abnormal laboratory values with an appropriate clinician.,Re-measure the leading domains in approximately 3 months and compare with the personal baseline.,"Persistent change is present across multiple domains, led by recovery / activity and metabolic trend.",
SA-070,Persistent Risk,Baseline,0,63,Male,176.5,1.31,103.4,96.7,2.7,12.0,69.0,30.4,7.39,8985.0,45.9,5.27,5.34,6.8,0.87,0.88,2.83,4.1,0.91,1.02,14.0,34.9,80.1,25.7,94.3,24.9,29.7,8.9,0.9,8.6,0.0,0.3,2.8,Stable,Recovery / activity,Functional mobility,"Prioritize sleep regularity, recovery and progressive daily physical activity.","Maintain or progress walking, balance and strength work; reassess mobility if decline persists.",Re-measure the leading domains in approximately 3 months and compare with the personal baseline.,No persistent adverse multidomain trend detected relative to the personal baseline.,
SA-070,Persistent Risk,Month 1,1,63,Male,176.5,1.31,103.4,96.7,2.7,12.0,69.0,29.7,7.34,8877.0,45.7,5.31,5.37,7.1,0.92,0.86,2.88,4.16,0.92,1.12,14.0,34.8,80.1,25.7,94.3,24.9,29.7,8.9,0.4,13.5,5.1,0.5,5.8,Stable,Recovery / activity,Metabolic trend,"Prioritize sleep regularity, recovery and progressive daily physical activity.",Review nutrition and activity habits; confirm persistent abnormal laboratory values with an appropriate clinician.,Re-measure the leading domains in approximately 3 months and compare with the personal baseline.,No persistent adverse multidomain trend detected relative to the personal baseline.,
SA-070,Persistent Risk,Month 3,3,63,Male,176.5,1.29,102.6,96.2,2.8,12.3,69.0,29.8,7.35,8898.0,45.7,5.41,5.44,7.7,1.06,0.82,2.99,4.29,0.96,1.33,15.0,34.8,80.5,25.8,95.1,25.4,29.6,9.2,12.9,12.6,17.8,12.1,14.1,Early multidomain change,Metabolic trend,Functional mobility,Review nutrition and activity habits; confirm persistent abnormal laboratory values with an appropriate clinician.,"Maintain or progress walking, balance and strength work; reassess mobility if decline persists.",Re-measure the leading domains in approximately 3 months and compare with the personal baseline.,"Early coordinated change is emerging, led by metabolic trend while other domains remain relatively preserved.",
SA-070,Persistent Risk,Month 6,6,63,Male,176.5,1.29,102.5,96.1,2.81,12.3,70.0,27.0,7.18,8476.0,44.8,5.55,5.54,8.5,1.24,0.77,3.14,4.48,1.01,1.63,16.0,34.3,80.8,25.9,95.9,25.8,29.4,9.4,14.6,31.6,35.0,23.2,28.0,Early multidomain change,Metabolic trend,Recovery / activity,Review nutrition and activity habits; confirm persistent abnormal laboratory values with an appropriate clinician.,"Prioritize sleep regularity, recovery and progressive daily physical activity.",Re-measure the leading domains in approximately 3 months and compare with the personal baseline.,"Early coordinated change is emerging, led by metabolic trend while other domains remain relatively preserved.",
SA-070,Persistent Risk,Month 9,9,63,Male,176.5,1.27,101.8,95.6,2.9,12.6,71.0,25.4,7.08,8241.0,44.2,5.62,5.59,9.0,1.34,0.74,3.22,4.58,1.04,1.79,17.0,34.1,81.1,26.0,96.5,26.1,29.3,9.5,26.3,42.2,44.3,30.5,37.5,Persistent multidomain change,Metabolic trend,Recovery / activity,Review nutrition and activity habits; confirm persistent abnormal laboratory values with an appropriate clinician.,"Prioritize sleep regularity, recovery and progressive daily physical activity.",Re-measure the leading domains in approximately 3 months and compare with the personal baseline.,"Persistent change is present across multiple domains, led by metabolic trend and recovery / activity.",
SA-070,Persistent Risk,Month 12,12,63,Male,176.5,1.26,101.4,95.3,2.94,12.7,73.0,21.3,6.82,7634.0,42.9,5.73,5.67,9.6,1.48,0.69,3.33,4.72,1.07,2.02,18.0,33.4,81.5,26.2,97.4,26.7,29.2,9.8,31.7,69.7,57.6,44.1,54.0,Persistent multidomain change,Recovery / activity,Metabolic trend,"Prioritize sleep regularity, recovery and progressive daily physical activity.",Review nutrition and activity habits; confirm persistent abnormal laboratory values with an appropriate clinician.,Re-measure the leading domains in approximately 3 months and compare with the personal baseline.,"Persistent change is present across multiple domains, led by recovery / activity and metabolic trend.",
SA-071,Persistent Risk,Baseline,0,45,Female,173.8,1.25,99.9,98.2,2.64,9.1,65.0,42.9,7.39,6970.0,32.7,5.33,5.21,11.2,1.02,1.33,3.29,5.07,0.97,1.03,31.0,24.8,77.1,25.5,81.6,32.2,21.9,6.3,0.0,0.0,0.0,0.0,0.0,Stable,Recovery / activity,Metabolic trend,"Prioritize sleep regularity, recovery and progressive daily physical activity.",Review nutrition and activity habits; confirm persistent abnormal laboratory values with an appropriate clinician.,Re-measure the leading domains in approximately 3 months and compare with the personal baseline.,No persistent adverse multidomain trend detected relative to the personal baseline.,
SA-071,Persistent Risk,Month 1,1,45,Female,173.8,1.26,100.0,98.3,2.63,9.1,66.0,41.2,7.28,6725.0,32.2,5.37,5.23,11.4,1.06,1.32,3.32,5.12,0.98,1.1,31.0,24.5,77.2,25.6,82.0,32.4,21.9,6.4,0.0,10.6,0.0,4.9,4.4,Stable,Recovery / activity,Body composition,"Prioritize sleep regularity, recovery and progressive daily physical activity.","Prioritize resistance exercise, adequate protein/nutrition and reduction of central adiposity where appropriate.",Re-measure the leading domains in approximately 3 months and compare with the personal baseline.,No persistent adverse multidomain trend detected relative to the personal baseline.,
SA-071,Persistent Risk,Month 3,3,45,Female,173.8,1.24,99.4,97.9,2.7,9.3,67.0,39.5,7.18,6474.0,31.6,5.45,5.3,12.0,1.18,1.28,3.42,5.24,1.01,1.3,32.0,24.2,77.5,25.6,82.5,32.7,21.8,6.6,7.1,21.9,10.9,11.9,13.9,Early multidomain change,Recovery / activity,Body composition,"Prioritize sleep regularity, recovery and progressive daily physical activity.","Prioritize resistance exercise, adequate protein/nutrition and reduction of central adiposity where appropriate.",Re-measure the leading domains in approximately 3 months and compare with the personal baseline.,"Early coordinated change is emerging, led by recovery / activity while other domains remain relatively preserved.",
SA-071,Persistent Risk,Month 6,6,45,Female,173.8,1.22,98.6,97.3,2.8,9.6,67.0,39.3,7.16,6437.0,31.5,5.56,5.38,12.7,1.33,1.24,3.54,5.39,1.05,1.54,33.0,24.2,78.0,25.8,83.8,33.4,21.6,6.9,19.6,23.5,24.9,29.5,24.8,Early multidomain change,Body composition,Metabolic trend,"Prioritize resistance exercise, adequate protein/nutrition and reduction of central adiposity where appropriate.",Review nutrition and activity habits; confirm persistent abnormal laboratory values with an appropriate clinician.,Re-measure the leading domains in approximately 3 months and compare with the personal baseline.,"Early coordinated change is emerging, led by body composition while other domains remain relatively preserved.",
SA-071,Persistent Risk,Month 9,9,45,Female,173.8,1.21,98.2,97.0,2.85,9.8,69.0,36.1,6.96,5966.0,30.5,5.68,5.46,13.4,1.5,1.19,3.67,5.55,1.1,1.8,34.0,23.6,78.4,25.9,84.7,33.9,21.5,7.2,26.0,44.8,40.3,41.8,39.9,Persistent multidomain change,Recovery / activity,Body composition,"Prioritize sleep regularity, recovery and progressive daily physical activity.","Prioritize resistance exercise, adequate protein/nutrition and reduction of central adiposity where appropriate.",Re-measure the leading domains in approximately 3 months and compare with the personal baseline.,"Persistent change is present across multiple domains, led by recovery / activity and body composition.",
SA-071,Persistent Risk,Month 12,12,45,Female,173.8,1.2,97.9,96.8,2.89,9.9,70.0,33.4,6.8,5574.0,29.6,5.79,5.54,14.1,1.64,1.15,3.79,5.7,1.13,2.03,35.0,23.2,78.7,26.0,85.3,34.3,21.4,7.4,30.8,62.5,53.7,51.2,52.3,Persistent multidomain change,Recovery / activity,Metabolic trend,"Prioritize sleep regularity, recovery and progressive daily physical activity.",Review nutrition and activity habits; confirm persistent abnormal laboratory values with an appropriate clinician.,Re-measure the leading domains in approximately 3 months and compare with the personal baseline.,"Persistent change is present across multiple domains, led by recovery / activity and metabolic trend.",
SA-072,Persistent Risk,Baseline,0,57,Female,159.6,1.28,101.4,97.0,2.08,7.9,64.0,52.5,7.53,8848.0,26.6,4.49,5.72,4.5,1.19,1.39,2.66,4.58,0.77,0.96,24.0,26.5,70.1,27.5,82.2,31.0,23.3,8.1,1.2,0.0,0.0,0.9,0.4,Stable,Functional mobility,Body composition,"Maintain or progress walking, balance and strength work; reassess mobility if decline persists.","Prioritize resistance exercise, adequate protein/nutrition and reduction of central adiposity where appropriate.",Re-measure the leading domains in approximately 3 months and compare with the personal baseline.,No persistent adverse multidomain trend detected relative to the personal baseline.,
SA-072,Persistent Risk,Month 1,1,57,Female,159.6,1.28,101.4,96.9,2.09,8.0,65.0,49.5,7.34,8397.0,25.6,4.58,5.78,5.0,1.31,1.36,2.75,4.7,0.8,1.15,24.0,26.0,70.3,27.6,82.7,31.4,23.2,8.3,2.4,16.0,6.9,8.8,9.4,Stable,Recovery / activity,Body composition,"Prioritize sleep regularity, recovery and progressive daily physical activity.","Prioritize resistance exercise, adequate protein/nutrition and reduction of central adiposity where appropriate.",Re-measure the leading domains in approximately 3 months and compare with the personal baseline.,No persistent adverse multidomain trend detected relative to the personal baseline.,
SA-072,Persistent Risk,Month 3,3,57,Female,159.6,1.27,101.1,96.8,2.12,8.0,64.0,50.8,7.43,8602.0,26.1,4.66,5.84,5.6,1.42,1.32,2.84,4.82,0.83,1.33,25.0,26.2,70.3,27.6,82.7,31.3,23.2,8.3,5.7,6.7,17.6,7.6,10.1,Stable,Metabolic trend,Body composition,Review nutrition and activity habits; confirm persistent abnormal laboratory values with an appropriate clinician.,"Prioritize resistance exercise, adequate protein/nutrition and reduction of central adiposity where appropriate.",Re-measure the leading domains in approximately 3 months and compare with the personal baseline.,No persistent adverse multidomain trend detected relative to the personal baseline.,
SA-072,Persistent Risk,Month 6,6,57,Female,159.6,1.26,100.7,96.5,2.17,8.2,66.0,47.8,7.24,8157.0,25.1,4.7,5.87,5.8,1.47,1.31,2.89,4.87,0.84,1.42,26.0,25.7,70.8,27.8,83.8,32.0,23.0,8.6,12.3,26.8,22.5,23.9,22.6,Early multidomain change,Recovery / activity,Body composition,"Prioritize sleep regularity, recovery and progressive daily physical activity.","Prioritize resistance exercise, adequate protein/nutrition and reduction of central adiposity where appropriate.",Re-measure the leading domains in approximately 3 months and compare with the personal baseline.,"Early coordinated change is emerging, led by recovery / activity while other domains remain relatively preserved.",
SA-072,Persistent Risk,Month 9,9,57,Female,159.6,1.25,100.1,96.0,2.24,8.4,67.0,45.2,7.08,7767.0,24.2,4.81,5.95,6.5,1.63,1.26,3.01,5.02,0.88,1.66,27.0,25.3,71.1,27.9,84.5,32.4,22.9,8.8,21.4,44.4,36.8,33.6,36.0,Persistent multidomain change,Recovery / activity,Metabolic trend,"Prioritize sleep regularity, recovery and progressive daily physical activity.",Review nutrition and activity habits; confirm persistent abnormal laboratory values with an appropriate clinician.,Re-measure the leading domains in approximately 3 months and compare with the personal baseline.,"Persistent change is present across multiple domains, led by recovery / activity and metabolic trend.",
SA-072,Persistent Risk,Month 12,12,57,Female,159.6,1.23,99.4,95.5,2.34,8.7,68.0,42.6,6.92,7385.0,23.3,4.93,6.04,7.2,1.79,1.22,3.14,5.18,0.93,1.92,28.0,24.8,71.6,28.1,85.6,32.9,22.7,9.1,33.2,61.7,51.9,48.2,51.1,Persistent multidomain change,Recovery / activity,Metabolic trend,"Prioritize sleep regularity, recovery and progressive daily physical activity.",Review nutrition and activity habits; confirm persistent abnormal laboratory values with an appropriate clinician.,Re-measure the leading domains in approximately 3 months and compare with the personal baseline.,"Persistent change is present across multiple domains, led by recovery / activity and metabolic trend.",
SA-073,Persistent Risk,Baseline,0,55,Male,180.8,1.38,113.8,97.7,2.41,10.0,68.0,57.5,7.72,7794.0,50.4,5.06,5.39,7.5,1.1,1.17,3.02,4.68,1.33,0.64,23.0,26.5,88.2,27.0,90.2,22.6,29.8,5.9,0.0,0.0,0.0,5.4,1.4,Stable,Body composition,Recovery / activity,"Prioritize resistance exercise, adequate protein/nutrition and reduction of central adiposity where appropriate.","Prioritize sleep regularity, recovery and progressive daily physical activity.",Re-measure the leading domains in approximately 3 months and compare with the personal baseline.,No persistent adverse multidomain trend detected relative to the personal baseline.,
SA-073,Persistent Risk,Month 1,1,55,Male,180.8,1.37,113.4,97.4,2.45,10.2,68.0,57.5,7.72,7787.0,50.4,5.07,5.4,7.5,1.11,1.17,3.02,4.69,1.33,0.65,23.0,26.5,88.1,26.9,89.9,22.5,29.9,5.8,4.4,0.0,0.0,1.4,1.0,Stable,Functional mobility,Body composition,"Maintain or progress walking, balance and strength work; reassess mobility if decline persists.","Prioritize resistance exercise, adequate protein/nutrition and reduction of central adiposity where appropriate.",Re-measure the leading domains in approximately 3 months and compare with the personal baseline.,No persistent adverse multidomain trend detected relative to the personal baseline.,
SA-073,Persistent Risk,Month 3,3,55,Male,180.8,1.36,113.0,97.2,2.5,10.3,70.0,53.2,7.45,7159.0,49.0,5.14,5.45,8.0,1.2,1.14,3.1,4.79,1.36,0.8,24.0,25.7,88.4,27.0,90.6,22.8,29.7,6.0,10.4,26.6,7.3,11.0,14.5,Early multidomain change,Recovery / activity,Body composition,"Prioritize sleep regularity, recovery and progressive daily physical activity.","Prioritize resistance exercise, adequate protein/nutrition and reduction of central adiposity where appropriate.",Re-measure the leading domains in approximately 3 months and compare with the personal baseline.,"Early coordinated change is emerging, led by recovery / activity while other domains remain relatively preserved.",
SA-073,Persistent Risk,Month 6,6,55,Male,180.8,1.35,112.8,97.0,2.53,10.4,70.0,53.2,7.45,7158.0,49.0,5.28,5.55,8.8,1.39,1.09,3.25,4.98,1.41,1.11,25.0,25.7,88.9,27.2,91.9,23.6,29.5,6.4,14.0,26.7,25.3,29.0,24.9,Early multidomain change,Body composition,Recovery / activity,"Prioritize resistance exercise, adequate protein/nutrition and reduction of central adiposity where appropriate.","Prioritize sleep regularity, recovery and progressive daily physical activity.",Re-measure the leading domains in approximately 3 months and compare with the personal baseline.,"Early coordinated change is emerging, led by body composition while other domains remain relatively preserved.",
SA-073,Persistent Risk,Month 9,9,55,Male,180.8,1.34,112.2,96.6,2.59,10.6,71.0,50.6,7.29,6777.0,48.1,5.38,5.63,9.5,1.54,1.04,3.37,5.12,1.45,1.34,26.0,25.3,89.3,27.3,92.6,24.0,29.4,6.6,22.2,43.9,38.6,39.4,37.9,Persistent multidomain change,Recovery / activity,Body composition,"Prioritize sleep regularity, recovery and progressive daily physical activity.","Prioritize resistance exercise, adequate protein/nutrition and reduction of central adiposity where appropriate.",Re-measure the leading domains in approximately 3 months and compare with the personal baseline.,"Persistent change is present across multiple domains, led by recovery / activity and body composition.",
SA-073,Persistent Risk,Month 12,12,55,Male,180.8,1.33,112.0,96.4,2.63,10.7,72.0,48.4,7.16,6450.0,47.4,5.5,5.72,10.2,1.7,1.0,3.5,5.29,1.49,1.6,27.0,24.9,89.4,27.3,93.0,24.2,29.4,6.7,26.5,58.7,53.9,44.5,48.9,Persistent multidomain change,Recovery / activity,Metabolic trend,"Prioritize sleep regularity, recovery and progressive daily physical activity.",Review nutrition and activity habits; confirm persistent abnormal laboratory values with an appropriate clinician.,Re-measure the leading domains in approximately 3 months and compare with the personal baseline.,"Persistent change is present across multiple domains, led by recovery / activity and metabolic trend.",
SA-074,Persistent Risk,Baseline,0,58,Female,169.6,1.35,116.7,98.1,2.23,8.4,66.0,52.5,7.8,6492.0,32.6,5.15,5.22,2.8,1.14,1.09,2.12,3.72,1.09,1.79,14.0,27.4,72.9,25.4,87.2,28.9,29.6,9.5,0.0,0.2,0.0,6.2,1.6,Stable,Body composition,Recovery / activity,"Prioritize resistance exercise, adequate protein/nutrition and reduction of central adiposity where appropriate.","Prioritize sleep regularity, recovery and progressive daily physical activity.",Re-measure the leading domains in approximately 3 months and compare with the personal baseline.,No persistent adverse multidomain trend detected relative to the personal baseline.,
SA-074,Persistent Risk,Month 1,1,58,Female,169.6,1.35,116.7,98.1,2.23,8.4,67.0,50.8,7.69,6242.0,32.0,5.22,5.27,3.2,1.24,1.07,2.19,3.81,1.12,1.94,15.0,27.1,72.8,25.3,86.9,28.8,29.6,9.4,0.0,11.5,6.9,2.8,6.2,Stable,Recovery / activity,Metabolic trend,"Prioritize sleep regularity, recovery and progressive daily physical activity.",Review nutrition and activity habits; confirm persistent abnormal laboratory values with an appropriate clinician.,Re-measure the leading domains in approximately 3 months and compare with the personal baseline.,No persistent adverse multidomain trend detected relative to the personal baseline.,
SA-074,Persistent Risk,Month 3,3,58,Female,169.6,1.33,115.9,97.6,2.32,8.6,67.0,50.4,7.67,6182.0,31.9,5.24,5.29,3.3,1.26,1.06,2.21,3.84,1.12,1.98,15.0,27.0,72.9,25.4,87.2,28.9,29.6,9.5,10.2,14.2,9.4,6.4,10.2,Stable,Recovery / activity,Functional mobility,"Prioritize sleep regularity, recovery and progressive daily physical activity.","Maintain or progress walking, balance and strength work; reassess mobility if decline persists.",Re-measure the leading domains in approximately 3 months and compare with the personal baseline.,No persistent adverse multidomain trend detected relative to the personal baseline.,
SA-074,Persistent Risk,Month 6,6,58,Female,169.6,1.32,115.6,97.4,2.36,8.7,68.0,48.1,7.53,5841.0,31.1,5.35,5.37,4.0,1.42,1.01,2.33,3.99,1.16,2.22,16.0,26.6,73.5,25.6,88.4,29.6,29.4,9.8,15.1,29.5,23.6,23.4,24.1,Early multidomain change,Recovery / activity,Metabolic trend,"Prioritize sleep regularity, recovery and progressive daily physical activity.",Review nutrition and activity habits; confirm persistent abnormal laboratory values with an appropriate clinician.,Re-measure the leading domains in approximately 3 months and compare with the personal baseline.,"Early coordinated change is emerging, led by recovery / activity while other domains remain relatively preserved.",
SA-074,Persistent Risk,Month 9,9,58,Female,169.6,1.31,115.2,97.1,2.41,8.9,69.0,45.7,7.37,5479.0,30.3,5.4,5.4,4.3,1.49,0.99,2.39,4.06,1.18,2.34,17.0,26.2,74.0,25.7,89.6,30.3,29.2,10.2,21.3,45.9,30.2,40.2,36.1,Persistent multidomain change,Recovery / activity,Body composition,"Prioritize sleep regularity, recovery and progressive daily physical activity.","Prioritize resistance exercise, adequate protein/nutrition and reduction of central adiposity where appropriate.",Re-measure the leading domains in approximately 3 months and compare with the personal baseline.,"Persistent change is present across multiple domains, led by recovery / activity and body composition.",
SA-074,Persistent Risk,Month 12,12,58,Female,169.6,1.29,114.5,96.6,2.49,9.1,70.0,43.5,7.24,5163.0,29.6,5.58,5.54,5.5,1.74,0.92,2.59,4.32,1.25,2.74,18.0,25.8,74.3,25.8,90.2,30.6,29.1,10.3,32.2,60.2,53.9,48.7,51.2,Persistent multidomain change,Recovery / activity,Metabolic trend,"Prioritize sleep regularity, recovery and progressive daily physical activity.",Review nutrition and activity habits; confirm persistent abnormal laboratory values with an appropriate clinician.,Re-measure the leading domains in approximately 3 months and compare with the personal baseline.,"Persistent change is present across multiple domains, led by recovery / activity and metabolic trend.",
SA-075,Persistent Risk,Baseline,0,62,Male,176.5,1.27,116.7,98.7,2.34,9.8,61.0,43.0,7.68,8262.0,43.4,4.6,5.01,11.7,0.99,1.16,3.43,5.04,0.92,1.03,22.0,27.5,92.2,29.6,84.8,21.5,33.8,10.5,0.8,0.0,0.0,0.0,0.1,Stable,Functional mobility,Recovery / activity,"Maintain or progress walking, balance and strength work; reassess mobility if decline persists.","Prioritize sleep regularity, recovery and progressive daily physical activity.",Re-measure the leading domains in approximately 3 months and compare with the personal baseline.,No persistent adverse multidomain trend detected relative to the personal baseline.,
SA-075,Persistent Risk,Month 1,1,62,Male,176.5,1.27,116.6,98.6,2.35,9.8,62.0,41.0,7.55,7965.0,42.8,4.58,4.99,11.5,0.96,1.17,3.4,5.0,0.91,0.97,22.0,27.1,92.5,29.7,85.5,21.9,33.7,10.7,2.4,12.7,0.0,4.4,5.3,Stable,Recovery / activity,Body composition,"Prioritize sleep regularity, recovery and progressive daily physical activity.","Prioritize resistance exercise, adequate protein/nutrition and reduction of central adiposity where appropriate.",Re-measure the leading domains in approximately 3 months and compare with the personal baseline.,No persistent adverse multidomain trend detected relative to the personal baseline.,
SA-075,Persistent Risk,Month 3,3,62,Male,176.5,1.25,116.1,98.3,2.41,10.0,63.0,39.0,7.42,7662.0,42.1,4.69,5.07,12.2,1.11,1.12,3.53,5.15,0.95,1.21,23.0,26.8,92.8,29.8,86.2,22.3,33.6,10.9,9.5,26.4,10.3,15.3,16.3,Early multidomain change,Recovery / activity,Body composition,"Prioritize sleep regularity, recovery and progressive daily physical activity.","Prioritize resistance exercise, adequate protein/nutrition and reduction of central adiposity where appropriate.",Re-measure the leading domains in approximately 3 months and compare with the personal baseline.,"Early coordinated change is emerging, led by recovery / activity while other domains remain relatively preserved.",
SA-075,Persistent Risk,Month 6,6,62,Male,176.5,1.24,115.7,98.0,2.46,10.1,63.0,38.9,7.42,7657.0,42.1,4.8,5.15,12.9,1.26,1.08,3.65,5.31,1.0,1.47,24.0,26.8,93.0,29.8,86.6,22.5,33.5,11.0,16.0,26.6,25.0,19.8,22.8,Early multidomain change,Recovery / activity,Metabolic trend,"Prioritize sleep regularity, recovery and progressive daily physical activity.",Review nutrition and activity habits; confirm persistent abnormal laboratory values with an appropriate clinician.,Re-measure the leading domains in approximately 3 months and compare with the personal baseline.,"Early coordinated change is emerging, led by recovery / activity while other domains remain relatively preserved.",
SA-075,Persistent Risk,Month 9,9,62,Male,176.5,1.23,115.3,97.7,2.51,10.3,63.0,37.4,7.33,7433.0,41.6,4.92,5.23,13.6,1.42,1.03,3.77,5.46,1.04,1.71,25.0,26.5,93.4,30.0,87.5,23.0,33.4,11.3,22.5,36.8,39.4,32.7,34.4,Persistent multidomain change,Metabolic trend,Recovery / activity,Review nutrition and activity habits; confirm persistent abnormal laboratory values with an appropriate clinician.,"Prioritize sleep regularity, recovery and progressive daily physical activity.",Re-measure the leading domains in approximately 3 months and compare with the personal baseline.,"Persistent change is present across multiple domains, led by metabolic trend and recovery / activity.",
SA-075,Persistent Risk,Month 12,12,62,Male,176.5,1.22,114.9,97.4,2.56,10.4,65.0,33.8,7.1,6892.0,40.4,5.04,5.32,14.4,1.59,0.98,3.91,5.63,1.08,1.98,26.0,25.9,93.7,30.1,88.3,23.5,33.2,11.5,28.2,61.2,55.0,44.7,50.3,Persistent multidomain change,Recovery / activity,Metabolic trend,"Prioritize sleep regularity, recovery and progressive daily physical activity.",Review nutrition and activity habits; confirm persistent abnormal laboratory values with an appropriate clinician.,Re-measure the leading domains in approximately 3 months and compare with the personal baseline.,"Persistent change is present across multiple domains, led by recovery / activity and metabolic trend.",
SA-076,Persistent Risk,Baseline,0,60,Female,154.7,1.31,105.0,96.4,2.02,8.4,65.0,33.3,7.42,6060.0,40.0,4.76,5.55,7.3,1.33,1.39,2.61,4.59,0.7,0.52,21.0,24.3,60.0,25.1,85.0,37.1,26.3,8.5,0.0,0.0,0.0,0.0,0.0,Stable,Recovery / activity,Metabolic trend,"Prioritize sleep regularity, recovery and progressive daily physical activity.",Review nutrition and activity habits; confirm persistent abnormal laboratory values with an appropriate clinician.,Re-measure the leading domains in approximately 3 months and compare with the personal baseline.,No persistent adverse multidomain trend detected relative to the personal baseline.,
SA-076,Persistent Risk,Month 1,1,60,Female,154.7,1.29,104.4,96.0,2.11,8.6,66.0,31.4,7.31,5779.0,39.4,4.83,5.6,7.7,1.42,1.36,2.68,4.68,0.72,0.66,21.0,24.0,60.1,25.1,85.2,37.3,26.3,8.6,7.6,7.6,0.0,0.0,3.4,Stable,Functional mobility,Recovery / activity,"Maintain or progress walking, balance and strength work; reassess mobility if decline persists.","Prioritize sleep regularity, recovery and progressive daily physical activity.",Re-measure the leading domains in approximately 3 months and compare with the personal baseline.,No persistent adverse multidomain trend detected relative to the personal baseline.,
SA-076,Persistent Risk,Month 3,3,60,Female,154.7,1.29,104.2,95.9,2.12,8.7,67.0,30.7,7.26,5677.0,39.2,4.95,5.69,8.5,1.59,1.31,2.81,4.85,0.77,0.93,22.0,23.9,60.6,25.3,86.3,37.9,26.1,8.9,9.7,12.2,15.4,13.4,13.1,Early multidomain change,Metabolic trend,Body composition,Review nutrition and activity habits; confirm persistent abnormal laboratory values with an appropriate clinician.,"Prioritize resistance exercise, adequate protein/nutrition and reduction of central adiposity where appropriate.",Re-measure the leading domains in approximately 3 months and compare with the personal baseline.,"Early coordinated change is emerging, led by metabolic trend while other domains remain relatively preserved.",
SA-076,Persistent Risk,Month 6,6,60,Female,154.7,1.26,103.4,95.3,2.22,9.0,67.0,29.0,7.16,5430.0,38.6,4.99,5.72,8.7,1.64,1.3,2.86,4.9,0.78,1.02,23.0,23.6,60.9,25.5,87.0,38.3,26.0,9.1,22.6,23.4,20.6,23.7,22.5,Early multidomain change,Body composition,Recovery / activity,"Prioritize resistance exercise, adequate protein/nutrition and reduction of central adiposity where appropriate.","Prioritize sleep regularity, recovery and progressive daily physical activity.",Re-measure the leading domains in approximately 3 months and compare with the personal baseline.,"Early coordinated change is emerging, led by body composition while other domains remain relatively preserved.",
SA-076,Persistent Risk,Month 9,9,60,Female,154.7,1.27,103.6,95.4,2.2,8.9,69.0,26.8,7.02,5107.0,37.9,5.11,5.81,9.4,1.8,1.25,2.99,5.06,0.83,1.28,24.0,23.2,61.2,25.6,87.7,38.6,25.9,9.3,19.4,37.9,35.7,33.1,33.3,Persistent multidomain change,Recovery / activity,Metabolic trend,"Prioritize sleep regularity, recovery and progressive daily physical activity.",Review nutrition and activity habits; confirm persistent abnormal laboratory values with an appropriate clinician.,Re-measure the leading domains in approximately 3 months and compare with the personal baseline.,"Persistent change is present across multiple domains, led by recovery / activity and metabolic trend.",
SA-076,Persistent Risk,Month 12,12,60,Female,154.7,1.25,103.1,95.0,2.27,9.1,70.0,22.7,6.77,4504.0,36.5,5.23,5.89,10.2,1.97,1.2,3.12,5.23,0.87,1.54,25.0,22.5,62.0,25.9,89.4,39.6,25.6,9.8,27.8,65.2,50.8,57.5,53.3,Persistent multidomain change,Recovery / activity,Body composition,"Prioritize sleep regularity, recovery and progressive daily physical activity.","Prioritize resistance exercise, adequate protein/nutrition and reduction of central adiposity where appropriate.",Re-measure the leading domains in approximately 3 months and compare with the personal baseline.,"Persistent change is present across multiple domains, led by recovery / activity and body composition.",
SA-077,Persistent Risk,Baseline,0,63,Female,163.1,1.19,115.0,97.0,2.57,10.9,53.0,29.3,6.82,6394.0,42.7,5.16,5.55,8.1,1.16,1.84,2.95,5.31,0.9,1.63,24.0,27.7,64.2,24.1,83.9,31.1,26.3,6.9,0.0,0.0,4.3,2.5,1.9,Stable,Metabolic trend,Body composition,Review nutrition and activity habits; confirm persistent abnormal laboratory values with an appropriate clinician.,"Prioritize resistance exercise, adequate protein/nutrition and reduction of central adiposity where appropriate.",Re-measure the leading domains in approximately 3 months and compare with the personal baseline.,No persistent adverse multidomain trend detected relative to the personal baseline.,
SA-077,Persistent Risk,Month 1,1,63,Female,163.1,1.19,114.8,96.9,2.59,11.0,54.0,27.2,6.69,6084.0,42.0,5.16,5.55,8.1,1.16,1.84,2.94,5.3,0.9,1.63,24.0,27.3,64.0,24.1,83.6,30.9,26.3,6.8,2.5,10.5,4.2,0.0,4.8,Stable,Recovery / activity,Metabolic trend,"Prioritize sleep regularity, recovery and progressive daily physical activity.",Review nutrition and activity habits; confirm persistent abnormal laboratory values with an appropriate clinician.,Re-measure the leading domains in approximately 3 months and compare with the personal baseline.,No persistent adverse multidomain trend detected relative to the personal baseline.,
SA-077,Persistent Risk,Month 3,3,63,Female,163.1,1.18,114.6,96.7,2.62,11.1,54.0,27.0,6.67,6054.0,41.9,5.22,5.6,8.5,1.25,1.81,3.02,5.4,0.93,1.78,25.0,27.3,64.8,24.4,85.2,31.8,26.1,7.3,6.7,11.8,12.9,20.6,13.6,Early multidomain change,Body composition,Metabolic trend,"Prioritize resistance exercise, adequate protein/nutrition and reduction of central adiposity where appropriate.",Review nutrition and activity habits; confirm persistent abnormal laboratory values with an appropriate clinician.,Re-measure the leading domains in approximately 3 months and compare with the personal baseline.,"Early coordinated change is emerging, led by body composition while other domains remain relatively preserved.",
SA-077,Persistent Risk,Month 6,6,63,Female,163.1,1.16,113.8,96.2,2.72,11.4,55.0,24.3,6.51,5654.0,41.0,5.31,5.66,9.0,1.37,1.78,3.11,5.51,0.96,1.96,25.0,26.8,64.7,24.3,85.0,31.7,26.1,7.2,18.5,29.9,23.6,17.5,23.2,Early multidomain change,Recovery / activity,Metabolic trend,"Prioritize sleep regularity, recovery and progressive daily physical activity.",Review nutrition and activity habits; confirm persistent abnormal laboratory values with an appropriate clinician.,Re-measure the leading domains in approximately 3 months and compare with the personal baseline.,"Early coordinated change is emerging, led by recovery / activity while other domains remain relatively preserved.",
SA-077,Persistent Risk,Month 9,9,63,Female,163.1,1.14,113.2,95.8,2.79,11.6,56.0,22.5,6.39,5386.0,40.4,5.47,5.78,10.0,1.58,1.71,3.29,5.73,1.02,2.31,27.0,26.5,65.2,24.5,86.2,32.3,25.9,7.5,27.4,42.0,44.0,33.8,38.4,Persistent multidomain change,Metabolic trend,Recovery / activity,Review nutrition and activity habits; confirm persistent abnormal laboratory values with an appropriate clinician.,"Prioritize sleep regularity, recovery and progressive daily physical activity.",Re-measure the leading domains in approximately 3 months and compare with the personal baseline.,"Persistent change is present across multiple domains, led by metabolic trend and recovery / activity.",
SA-077,Persistent Risk,Month 12,12,63,Female,163.1,1.14,113.1,95.7,2.8,11.6,57.0,19.5,6.21,4950.0,39.4,5.53,5.82,10.4,1.67,1.69,3.35,5.81,1.04,2.44,27.0,26.0,65.6,24.7,87.2,32.9,25.8,7.8,29.2,61.7,51.7,47.4,50.2,Persistent multidomain change,Recovery / activity,Metabolic trend,"Prioritize sleep regularity, recovery and progressive daily physical activity.",Review nutrition and activity habits; confirm persistent abnormal laboratory values with an appropriate clinician.,Re-measure the leading domains in approximately 3 months and compare with the personal baseline.,"Persistent change is present across multiple domains, led by recovery / activity and metabolic trend.",
SA-078,Persistent Risk,Baseline,0,42,Male,171.7,1.47,106.8,97.3,2.45,9.8,68.0,55.7,7.41,7581.0,40.0,4.5,5.03,5.5,0.69,1.47,3.29,5.06,0.73,0.87,16.0,27.6,76.5,25.9,82.9,14.3,33.9,8.0,2.8,0.0,0.0,2.1,1.0,Stable,Functional mobility,Body composition,"Maintain or progress walking, balance and strength work; reassess mobility if decline persists.","Prioritize resistance exercise, adequate protein/nutrition and reduction of central adiposity where appropriate.",Re-measure the leading domains in approximately 3 months and compare with the personal baseline.,No persistent adverse multidomain trend detected relative to the personal baseline.,
SA-078,Persistent Risk,Month 1,1,42,Male,171.7,1.46,106.8,97.3,2.45,9.8,68.0,54.7,7.34,7430.0,39.7,4.52,5.05,5.6,0.71,1.46,3.31,5.09,0.73,0.91,16.0,27.5,76.5,25.9,82.9,14.3,33.9,8.0,3.3,3.9,0.0,1.8,2.1,Stable,Recovery / activity,Functional mobility,"Prioritize sleep regularity, recovery and progressive daily physical activity.","Maintain or progress walking, balance and strength work; reassess mobility if decline persists.",Re-measure the leading domains in approximately 3 months and compare with the personal baseline.,No persistent adverse multidomain trend detected relative to the personal baseline.,
SA-078,Persistent Risk,Month 3,3,42,Male,171.7,1.45,106.2,96.9,2.52,10.0,70.0,52.5,7.21,7104.0,38.9,4.69,5.17,6.6,0.94,1.39,3.49,5.31,0.79,1.27,17.0,27.1,76.9,26.1,83.7,14.7,33.7,8.2,11.9,18.6,21.0,13.2,17.0,Early multidomain change,Metabolic trend,Recovery / activity,Review nutrition and activity habits; confirm persistent abnormal laboratory values with an appropriate clinician.,"Prioritize sleep regularity, recovery and progressive daily physical activity.",Re-measure the leading domains in approximately 3 months and compare with the personal baseline.,"Early coordinated change is emerging, led by metabolic trend while other domains remain relatively preserved.",
SA-078,Persistent Risk,Month 6,6,42,Male,171.7,1.45,106.1,96.8,2.53,10.0,70.0,51.0,7.12,6886.0,38.4,4.74,5.21,7.0,1.01,1.37,3.55,5.39,0.81,1.39,18.0,26.8,77.2,26.2,84.4,15.1,33.6,8.4,13.4,28.5,27.9,23.4,24.8,Early multidomain change,Recovery / activity,Metabolic trend,"Prioritize sleep regularity, recovery and progressive daily physical activity.",Review nutrition and activity habits; confirm persistent abnormal laboratory values with an appropriate clinician.,Re-measure the leading domains in approximately 3 months and compare with the personal baseline.,"Early coordinated change is emerging, led by recovery / activity while other domains remain relatively preserved.",
SA-078,Persistent Risk,Month 9,9,42,Male,171.7,1.43,105.3,96.2,2.63,10.3,72.0,47.9,6.92,6420.0,37.4,4.84,5.28,7.6,1.14,1.33,3.65,5.52,0.85,1.6,19.0,26.3,77.6,26.3,85.4,15.7,33.4,8.7,25.5,49.5,40.3,38.0,40.3,Persistent multidomain change,Recovery / activity,Metabolic trend,"Prioritize sleep regularity, recovery and progressive daily physical activity.",Review nutrition and activity habits; confirm persistent abnormal laboratory values with an appropriate clinician.,Re-measure the leading domains in approximately 3 months and compare with the personal baseline.,"Persistent change is present across multiple domains, led by recovery / activity and metabolic trend.",
SA-078,Persistent Risk,Month 12,12,42,Male,171.7,1.41,104.7,95.8,2.71,10.5,73.0,45.3,6.76,6039.0,36.5,4.93,5.35,8.2,1.27,1.3,3.75,5.65,0.88,1.8,19.0,25.8,78.0,26.4,86.3,16.2,33.3,9.0,35.7,66.7,52.1,49.6,53.4,Persistent multidomain change,Recovery / activity,Metabolic trend,"Prioritize sleep regularity, recovery and progressive daily physical activity.",Review nutrition and activity habits; confirm persistent abnormal laboratory values with an appropriate clinician.,Re-measure the leading domains in approximately 3 months and compare with the personal baseline.,"Persistent change is present across multiple domains, led by recovery / activity and metabolic trend.",
SA-079,Persistent Risk,Baseline,0,66,Male,178.0,1.2,107.2,97.9,2.3,10.2,54.0,40.6,7.53,8806.0,37.7,5.04,5.79,6.9,0.82,1.31,2.68,4.36,0.85,0.75,13.0,22.3,83.7,26.4,93.9,15.2,26.8,5.7,0.0,0.0,0.0,0.0,0.0,Stable,Recovery / activity,Metabolic trend,"Prioritize sleep regularity, recovery and progressive daily physical activity.",Review nutrition and activity habits; confirm persistent abnormal laboratory values with an appropriate clinician.,Re-measure the leading domains in approximately 3 months and compare with the personal baseline.,No persistent adverse multidomain trend detected relative to the personal baseline.,
SA-079,Persistent Risk,Month 1,1,66,Male,178.0,1.2,106.9,97.7,2.34,10.3,55.0,39.7,7.47,8677.0,37.4,5.09,5.82,7.2,0.89,1.29,2.74,4.43,0.87,0.86,13.0,22.2,84.0,26.5,94.4,15.5,26.7,5.9,3.7,5.2,4.0,7.2,5.1,Stable,Body composition,Recovery / activity,"Prioritize resistance exercise, adequate protein/nutrition and reduction of central adiposity where appropriate.","Prioritize sleep regularity, recovery and progressive daily physical activity.",Re-measure the leading domains in approximately 3 months and compare with the personal baseline.,No persistent adverse multidomain trend detected relative to the personal baseline.,
SA-079,Persistent Risk,Month 3,3,66,Male,178.0,1.19,106.5,97.4,2.39,10.5,55.0,38.6,7.41,8513.0,37.0,5.17,5.88,7.7,1.0,1.26,2.82,4.54,0.9,1.04,14.0,22.0,84.2,26.6,94.9,15.8,26.7,6.0,10.3,12.6,14.4,14.3,13.2,Early multidomain change,Metabolic trend,Body composition,Review nutrition and activity habits; confirm persistent abnormal laboratory values with an appropriate clinician.,"Prioritize resistance exercise, adequate protein/nutrition and reduction of central adiposity where appropriate.",Re-measure the leading domains in approximately 3 months and compare with the personal baseline.,"Early coordinated change is emerging, led by metabolic trend while other domains remain relatively preserved.",
SA-079,Persistent Risk,Month 6,6,66,Male,178.0,1.18,106.1,97.1,2.44,10.6,57.0,35.5,7.22,8067.0,36.0,5.26,5.95,8.2,1.12,1.23,2.92,4.66,0.93,1.23,15.0,21.5,84.6,26.7,95.8,16.3,26.5,6.3,16.4,32.7,25.9,26.6,26.7,Early multidomain change,Recovery / activity,Body composition,"Prioritize sleep regularity, recovery and progressive daily physical activity.","Prioritize resistance exercise, adequate protein/nutrition and reduction of central adiposity where appropriate.",Re-measure the leading domains in approximately 3 months and compare with the personal baseline.,"Early coordinated change is emerging, led by recovery / activity while other domains remain relatively preserved.",
SA-079,Persistent Risk,Month 9,9,66,Male,178.0,1.16,105.6,96.8,2.5,10.8,58.0,33.1,7.07,7705.0,35.2,5.35,6.01,8.8,1.24,1.19,3.02,4.78,0.96,1.43,16.0,21.0,84.8,26.8,96.4,16.6,26.4,6.4,24.1,49.1,37.2,34.5,38.1,Persistent multidomain change,Recovery / activity,Metabolic trend,"Prioritize sleep regularity, recovery and progressive daily physical activity.",Review nutrition and activity habits; confirm persistent abnormal laboratory values with an appropriate clinician.,Re-measure the leading domains in approximately 3 months and compare with the personal baseline.,"Persistent change is present across multiple domains, led by recovery / activity and metabolic trend.",
SA-079,Persistent Risk,Month 12,12,66,Male,178.0,1.15,105.1,96.5,2.55,10.9,59.0,31.3,6.95,7436.0,34.6,5.47,6.1,9.5,1.4,1.14,3.15,4.95,1.01,1.68,17.0,20.7,85.2,26.9,97.2,17.1,26.3,6.6,31.2,61.2,52.2,46.1,50.3,Persistent multidomain change,Recovery / activity,Metabolic trend,"Prioritize sleep regularity, recovery and progressive daily physical activity.",Review nutrition and activity habits; confirm persistent abnormal laboratory values with an appropriate clinician.,Re-measure the leading domains in approximately 3 months and compare with the personal baseline.,"Persistent change is present across multiple domains, led by recovery / activity and metabolic trend.",
SA-080,Persistent Risk,Baseline,0,62,Female,163.7,1.04,108.2,96.5,2.22,11.3,69.0,46.6,6.97,9388.0,37.8,4.73,4.83,6.1,1.29,2.11,2.7,5.39,0.76,0.5,27.0,15.8,68.7,25.6,80.9,36.2,20.1,5.9,0.0,2.3,1.5,2.9,1.9,Stable,Body composition,Recovery / activity,"Prioritize resistance exercise, adequate protein/nutrition and reduction of central adiposity where appropriate.","Prioritize sleep regularity, recovery and progressive daily physical activity.",Re-measure the leading domains in approximately 3 months and compare with the personal baseline.,No persistent adverse multidomain trend detected relative to the personal baseline.,
SA-080,Persistent Risk,Month 1,1,62,Female,163.7,1.03,107.6,96.1,2.28,11.5,70.0,45.8,6.93,9277.0,37.5,4.73,4.83,6.1,1.29,2.11,2.7,5.4,0.76,0.5,27.0,15.7,68.7,25.7,81.1,36.3,20.1,5.9,7.8,7.3,1.7,4.7,5.0,Stable,Functional mobility,Recovery / activity,"Maintain or progress walking, balance and strength work; reassess mobility if decline persists.","Prioritize sleep regularity, recovery and progressive daily physical activity.",Re-measure the leading domains in approximately 3 months and compare with the personal baseline.,No persistent adverse multidomain trend detected relative to the personal baseline.,
SA-080,Persistent Risk,Month 3,3,62,Female,163.7,1.02,107.4,95.9,2.31,11.6,70.0,44.9,6.87,9143.0,37.2,4.75,4.85,6.3,1.33,2.1,2.72,5.43,0.77,0.55,27.0,15.5,69.1,25.8,81.8,36.7,20.0,6.2,11.4,13.4,4.7,15.0,10.9,Stable,Body composition,Recovery / activity,"Prioritize resistance exercise, adequate protein/nutrition and reduction of central adiposity where appropriate.","Prioritize sleep regularity, recovery and progressive daily physical activity.",Re-measure the leading domains in approximately 3 months and compare with the personal baseline.,No persistent adverse multidomain trend detected relative to the personal baseline.,
SA-080,Persistent Risk,Month 6,6,62,Female,163.7,1.01,107.0,95.7,2.36,11.7,72.0,41.5,6.66,8644.0,36.1,4.94,4.98,7.4,1.58,2.03,2.93,5.68,0.84,0.95,29.0,15.0,69.4,25.9,82.5,37.1,19.9,6.3,17.3,35.9,28.2,24.6,28.0,Early multidomain change,Recovery / activity,Metabolic trend,"Prioritize sleep regularity, recovery and progressive daily physical activity.",Review nutrition and activity habits; confirm persistent abnormal laboratory values with an appropriate clinician.,Re-measure the leading domains in approximately 3 months and compare with the personal baseline.,"Early coordinated change is emerging, led by recovery / activity while other domains remain relatively preserved.",
SA-080,Persistent Risk,Month 9,9,62,Female,163.7,1.0,106.7,95.4,2.39,11.8,72.0,40.6,6.61,8511.0,35.8,5.0,5.03,7.8,1.67,2.0,3.0,5.77,0.86,1.1,29.0,14.8,69.8,26.1,83.5,37.6,19.7,6.6,21.9,41.9,36.5,38.7,36.5,Persistent multidomain change,Recovery / activity,Body composition,"Prioritize sleep regularity, recovery and progressive daily physical activity.","Prioritize resistance exercise, adequate protein/nutrition and reduction of central adiposity where appropriate.",Re-measure the leading domains in approximately 3 months and compare with the personal baseline.,"Persistent change is present across multiple domains, led by recovery / activity and body composition.",
SA-080,Persistent Risk,Month 12,12,62,Female,163.7,0.99,106.2,95.1,2.45,12.0,74.0,37.3,6.4,8017.0,34.7,5.11,5.11,8.5,1.81,1.96,3.11,5.91,0.9,1.33,30.0,14.2,70.2,26.2,84.5,38.2,19.5,6.9,29.4,64.2,50.0,52.4,51.8,Persistent multidomain change,Recovery / activity,Body composition,"Prioritize sleep regularity, recovery and progressive daily physical activity.","Prioritize resistance exercise, adequate protein/nutrition and reduction of central adiposity where appropriate.",Re-measure the leading domains in approximately 3 months and compare with the personal baseline.,"Persistent change is present across multiple domains, led by recovery / activity and body composition.",
SA-081,Persistent Risk,Baseline,0,48,Male,172.0,1.27,104.9,98.2,2.19,10.5,62.0,33.4,6.87,9985.0,43.2,4.64,5.32,6.6,2.07,1.43,2.43,4.79,1.1,0.33,24.0,46.0,85.0,28.7,96.5,21.3,37.1,6.8,4.1,0.0,0.0,0.0,0.6,Stable,Functional mobility,Recovery / activity,"Maintain or progress walking, balance and strength work; reassess mobility if decline persists.","Prioritize sleep regularity, recovery and progressive daily physical activity.",Re-measure the leading domains in approximately 3 months and compare with the personal baseline.,No persistent adverse multidomain trend detected relative to the personal baseline.,
SA-081,Persistent Risk,Month 1,1,48,Male,172.0,1.28,105.1,98.4,2.17,10.4,63.0,32.4,6.8,9830.0,42.9,4.66,5.34,6.8,2.11,1.42,2.46,4.82,1.11,0.38,24.0,45.8,85.2,28.8,97.1,21.6,37.0,6.9,1.1,6.5,2.0,1.1,3.0,Stable,Recovery / activity,Metabolic trend,"Prioritize sleep regularity, recovery and progressive daily physical activity.",Review nutrition and activity habits; confirm persistent abnormal laboratory values with an appropriate clinician.,Re-measure the leading domains in approximately 3 months and compare with the personal baseline.,No persistent adverse multidomain trend detected relative to the personal baseline.,
SA-081,Persistent Risk,Month 3,3,48,Male,172.0,1.26,104.5,98.0,2.23,10.6,64.0,30.9,6.71,9611.0,42.4,4.78,5.42,7.5,2.27,1.37,2.58,4.98,1.16,0.64,25.0,45.5,85.7,29.0,98.2,22.2,36.8,7.2,9.2,16.4,16.8,16.9,15.6,Early multidomain change,Body composition,Metabolic trend,"Prioritize resistance exercise, adequate protein/nutrition and reduction of central adiposity where appropriate.",Review nutrition and activity habits; confirm persistent abnormal laboratory values with an appropriate clinician.,Re-measure the leading domains in approximately 3 months and compare with the personal baseline.,"Early coordinated change is emerging, led by body composition while other domains remain relatively preserved.",
SA-081,Persistent Risk,Month 6,6,48,Male,172.0,1.26,104.4,97.9,2.25,10.7,64.0,29.7,6.64,9439.0,42.0,4.87,5.49,8.0,2.39,1.33,2.68,5.1,1.19,0.83,26.0,45.3,85.8,29.0,98.4,22.4,36.8,7.3,12.0,24.2,28.1,19.9,22.4,Early multidomain change,Metabolic trend,Recovery / activity,Review nutrition and activity habits; confirm persistent abnormal laboratory values with an appropriate clinician.,"Prioritize sleep regularity, recovery and progressive daily physical activity.",Re-measure the leading domains in approximately 3 months and compare with the personal baseline.,"Early coordinated change is emerging, led by metabolic trend while other domains remain relatively preserved.",
SA-081,Persistent Risk,Month 9,9,48,Male,172.0,1.24,103.8,97.5,2.32,10.9,66.0,26.8,6.46,9007.0,41.0,4.92,5.53,8.4,2.47,1.31,2.74,5.18,1.21,0.96,26.0,44.8,86.4,29.2,99.7,23.1,36.6,7.6,20.8,43.7,35.4,37.8,36.3,Persistent multidomain change,Recovery / activity,Body composition,"Prioritize sleep regularity, recovery and progressive daily physical activity.","Prioritize resistance exercise, adequate protein/nutrition and reduction of central adiposity where appropriate.",Re-measure the leading domains in approximately 3 months and compare with the personal baseline.,"Persistent change is present across multiple domains, led by recovery / activity and body composition.",
SA-081,Persistent Risk,Month 12,12,48,Male,172.0,1.22,103.0,96.9,2.42,11.2,67.0,24.5,6.32,8666.0,40.3,5.09,5.65,9.4,2.69,1.24,2.92,5.4,1.27,1.31,28.0,44.4,86.8,29.3,100.6,23.6,36.5,7.9,33.2,59.1,56.2,50.8,52.3,Persistent multidomain change,Recovery / activity,Metabolic trend,"Prioritize sleep regularity, recovery and progressive daily physical activity.",Review nutrition and activity habits; confirm persistent abnormal laboratory values with an appropriate clinician.,Re-measure the leading domains in approximately 3 months and compare with the personal baseline.,"Persistent change is present across multiple domains, led by recovery / activity and metabolic trend.",
SA-082,Persistent Risk,Baseline,0,40,Male,173.5,1.22,118.1,97.0,2.01,12.9,63.0,50.4,7.41,7319.0,37.6,5.69,5.46,8.5,1.15,1.12,3.29,4.93,0.73,0.79,11.0,13.6,72.3,24.0,86.7,23.9,34.4,3.2,1.5,1.3,0.0,0.0,0.6,Stable,Functional mobility,Recovery / activity,"Maintain or progress walking, balance and strength work; reassess mobility if decline persists.","Prioritize sleep regularity, recovery and progressive daily physical activity.",Re-measure the leading domains in approximately 3 months and compare with the personal baseline.,No persistent adverse multidomain trend detected relative to the personal baseline.,
SA-082,Persistent Risk,Month 1,1,40,Male,173.5,1.22,118.1,97.0,2.02,12.9,64.0,48.5,7.29,7042.0,36.9,5.77,5.52,9.0,1.26,1.09,3.38,5.04,0.76,0.97,12.0,13.3,72.6,24.1,87.6,24.4,34.2,3.5,2.6,13.9,3.5,8.9,7.8,Stable,Recovery / activity,Body composition,"Prioritize sleep regularity, recovery and progressive daily physical activity.","Prioritize resistance exercise, adequate protein/nutrition and reduction of central adiposity where appropriate.",Re-measure the leading domains in approximately 3 months and compare with the personal baseline.,No persistent adverse multidomain trend detected relative to the personal baseline.,
SA-082,Persistent Risk,Month 3,3,40,Male,173.5,1.21,117.7,96.7,2.06,13.0,64.0,47.8,7.25,6937.0,36.7,5.84,5.57,9.4,1.35,1.06,3.45,5.13,0.78,1.11,12.0,13.2,72.9,24.2,88.1,24.7,34.2,3.6,8.0,18.6,11.9,16.2,14.4,Early multidomain change,Recovery / activity,Body composition,"Prioritize sleep regularity, recovery and progressive daily physical activity.","Prioritize resistance exercise, adequate protein/nutrition and reduction of central adiposity where appropriate.",Re-measure the leading domains in approximately 3 months and compare with the personal baseline.,"Early coordinated change is emerging, led by recovery / activity while other domains remain relatively preserved.",
SA-082,Persistent Risk,Month 6,6,40,Male,173.5,1.2,117.2,96.4,2.12,13.2,65.0,46.0,7.13,6662.0,36.1,5.95,5.65,10.1,1.5,1.02,3.57,5.28,0.82,1.35,13.0,12.9,73.2,24.3,88.8,25.1,34.0,3.8,15.4,31.0,25.8,26.4,26.0,Early multidomain change,Recovery / activity,Body composition,"Prioritize sleep regularity, recovery and progressive daily physical activity.","Prioritize resistance exercise, adequate protein/nutrition and reduction of central adiposity where appropriate.",Re-measure the leading domains in approximately 3 months and compare with the personal baseline.,"Early coordinated change is emerging, led by recovery / activity while other domains remain relatively preserved.",
SA-082,Persistent Risk,Month 9,9,40,Male,173.5,1.17,116.4,95.8,2.22,13.5,66.0,43.0,6.95,6232.0,35.1,6.07,5.74,10.8,1.66,0.97,3.7,5.44,0.86,1.61,14.0,12.4,73.6,24.5,89.8,25.7,33.9,4.1,28.4,50.4,41.0,41.0,42.0,Persistent multidomain change,Recovery / activity,Metabolic trend,"Prioritize sleep regularity, recovery and progressive daily physical activity.",Review nutrition and activity habits; confirm persistent abnormal laboratory values with an appropriate clinician.,Re-measure the leading domains in approximately 3 months and compare with the personal baseline.,"Persistent change is present across multiple domains, led by recovery / activity and metabolic trend.",
SA-082,Persistent Risk,Month 12,12,40,Male,173.5,1.15,115.6,95.3,2.32,13.8,67.0,41.9,6.88,6067.0,34.7,6.17,5.81,11.5,1.81,0.93,3.82,5.58,0.9,1.84,15.0,12.2,74.1,24.6,90.8,26.2,33.7,4.4,40.7,57.9,54.4,54.7,53.5,Persistent multidomain change,Recovery / activity,Body composition,"Prioritize sleep regularity, recovery and progressive daily physical activity.","Prioritize resistance exercise, adequate protein/nutrition and reduction of central adiposity where appropriate.",Re-measure the leading domains in approximately 3 months and compare with the personal baseline.,"Persistent change is present across multiple domains, led by recovery / activity and body composition.",
SA-083,Persistent Risk,Baseline,0,64,Female,167.5,1.37,105.4,99.1,2.64,10.7,64.0,49.0,7.17,8901.0,38.3,4.65,4.95,5.0,1.05,1.56,2.71,4.75,0.94,0.49,33.0,27.9,73.6,26.2,97.7,25.7,28.6,9.9,0.0,0.0,0.0,1.7,0.4,Stable,Body composition,Recovery / activity,"Prioritize resistance exercise, adequate protein/nutrition and reduction of central adiposity where appropriate.","Prioritize sleep regularity, recovery and progressive daily physical activity.",Re-measure the leading domains in approximately 3 months and compare with the personal baseline.,No persistent adverse multidomain trend detected relative to the personal baseline.,
SA-083,Persistent Risk,Month 1,1,64,Female,167.5,1.36,104.8,98.7,2.71,10.9,65.0,47.4,7.07,8660.0,37.7,4.77,5.04,5.7,1.21,1.52,2.84,4.9,0.98,0.75,34.0,27.6,73.5,26.2,97.5,25.6,28.6,9.8,6.9,9.1,8.3,0.0,6.2,Stable,Recovery / activity,Metabolic trend,"Prioritize sleep regularity, recovery and progressive daily physical activity.",Review nutrition and activity habits; confirm persistent abnormal laboratory values with an appropriate clinician.,Re-measure the leading domains in approximately 3 months and compare with the personal baseline.,No persistent adverse multidomain trend detected relative to the personal baseline.,
SA-083,Persistent Risk,Month 3,3,64,Female,167.5,1.36,104.8,98.7,2.71,10.9,65.0,46.7,7.03,8566.0,37.5,4.84,5.09,6.2,1.3,1.49,2.91,5.0,1.01,0.9,34.0,27.5,74.0,26.4,98.5,26.2,28.5,10.1,6.6,13.3,17.0,13.3,13.4,Early multidomain change,Metabolic trend,Recovery / activity,Review nutrition and activity habits; confirm persistent abnormal laboratory values with an appropriate clinician.,"Prioritize sleep regularity, recovery and progressive daily physical activity.",Re-measure the leading domains in approximately 3 months and compare with the personal baseline.,"Early coordinated change is emerging, led by metabolic trend while other domains remain relatively preserved.",
SA-083,Persistent Risk,Month 6,6,64,Female,167.5,1.35,104.4,98.4,2.76,11.0,67.0,43.7,6.85,8122.0,36.5,4.9,5.13,6.5,1.38,1.47,2.98,5.08,1.03,1.02,35.0,27.0,74.3,26.5,99.2,26.5,28.4,10.3,13.5,33.4,24.6,22.2,25.0,Early multidomain change,Recovery / activity,Metabolic trend,"Prioritize sleep regularity, recovery and progressive daily physical activity.",Review nutrition and activity habits; confirm persistent abnormal laboratory values with an appropriate clinician.,Re-measure the leading domains in approximately 3 months and compare with the personal baseline.,"Early coordinated change is emerging, led by recovery / activity while other domains remain relatively preserved.",
SA-083,Persistent Risk,Month 9,9,64,Female,167.5,1.34,103.9,98.1,2.81,11.2,68.0,41.8,6.73,7841.0,35.9,5.01,5.21,7.2,1.53,1.42,3.1,5.23,1.07,1.27,36.0,26.7,74.9,26.7,100.5,27.3,28.2,10.6,20.1,46.1,38.7,40.8,38.6,Persistent multidomain change,Recovery / activity,Body composition,"Prioritize sleep regularity, recovery and progressive daily physical activity.","Prioritize resistance exercise, adequate protein/nutrition and reduction of central adiposity where appropriate.",Re-measure the leading domains in approximately 3 months and compare with the personal baseline.,"Persistent change is present across multiple domains, led by recovery / activity and body composition.",
SA-083,Persistent Risk,Month 12,12,64,Female,167.5,1.31,103.1,97.5,2.91,11.5,68.0,40.5,6.65,7644.0,35.4,5.17,5.32,8.2,1.75,1.36,3.27,5.45,1.13,1.61,37.0,26.4,75.2,26.8,101.2,27.7,28.0,10.8,32.6,55.0,59.0,50.4,51.7,Persistent multidomain change,Metabolic trend,Recovery / activity,Review nutrition and activity habits; confirm persistent abnormal laboratory values with an appropriate clinician.,"Prioritize sleep regularity, recovery and progressive daily physical activity.",Re-measure the leading domains in approximately 3 months and compare with the personal baseline.,"Persistent change is present across multiple domains, led by metabolic trend and recovery / activity.",
SA-084,Persistent Risk,Baseline,0,44,Male,182.6,1.38,108.2,96.4,2.77,9.1,58.0,44.9,7.46,7304.0,32.7,4.7,5.57,7.2,1.19,1.28,2.29,4.11,1.15,0.74,20.0,38.8,79.8,23.9,87.8,17.1,38.7,2.4,0.0,0.0,0.0,0.0,0.0,Stable,Metabolic trend,Functional mobility,Review nutrition and activity habits; confirm persistent abnormal laboratory values with an appropriate clinician.,"Maintain or progress walking, balance and strength work; reassess mobility if decline persists.",Re-measure the leading domains in approximately 3 months and compare with the personal baseline.,No persistent adverse multidomain trend detected relative to the personal baseline.,
SA-084,Persistent Risk,Month 1,1,44,Male,182.6,1.39,108.5,96.6,2.74,9.1,59.0,43.5,7.37,7103.0,32.3,4.74,5.6,7.4,1.24,1.27,2.33,4.16,1.16,0.83,20.0,38.6,80.2,24.1,88.8,17.7,38.5,2.6,0.0,6.0,5.6,11.4,6.3,Stable,Body composition,Recovery / activity,"Prioritize resistance exercise, adequate protein/nutrition and reduction of central adiposity where appropriate.","Prioritize sleep regularity, recovery and progressive daily physical activity.",Re-measure the leading domains in approximately 3 months and compare with the personal baseline.,No persistent adverse multidomain trend detected relative to the personal baseline.,
SA-084,Persistent Risk,Month 3,3,44,Male,182.6,1.37,107.7,96.0,2.84,9.3,59.0,42.0,7.28,6877.0,31.7,4.8,5.65,7.8,1.33,1.24,2.4,4.25,1.19,0.96,21.0,38.4,80.2,24.1,88.9,17.7,38.5,2.7,8.6,16.2,13.3,12.4,13.2,Early multidomain change,Recovery / activity,Metabolic trend,"Prioritize sleep regularity, recovery and progressive daily physical activity.",Review nutrition and activity habits; confirm persistent abnormal laboratory values with an appropriate clinician.,Re-measure the leading domains in approximately 3 months and compare with the personal baseline.,"Early coordinated change is emerging, led by recovery / activity while other domains remain relatively preserved.",
SA-084,Persistent Risk,Month 6,6,44,Male,182.6,1.36,107.3,95.8,2.88,9.5,60.0,40.0,7.15,6581.0,31.1,4.92,5.73,8.5,1.49,1.2,2.53,4.41,1.23,1.22,22.0,38.0,80.6,24.2,89.7,18.2,38.4,2.9,14.2,29.6,28.4,24.3,25.6,Early multidomain change,Recovery / activity,Metabolic trend,"Prioritize sleep regularity, recovery and progressive daily physical activity.",Review nutrition and activity habits; confirm persistent abnormal laboratory values with an appropriate clinician.,Re-measure the leading domains in approximately 3 months and compare with the personal baseline.,"Early coordinated change is emerging, led by recovery / activity while other domains remain relatively preserved.",
SA-084,Persistent Risk,Month 9,9,44,Male,182.6,1.34,106.7,95.3,2.96,9.7,61.0,38.3,7.05,6337.0,30.5,4.99,5.78,9.0,1.58,1.17,2.6,4.5,1.25,1.37,23.0,37.7,81.3,24.4,91.4,19.1,38.1,3.4,23.9,40.6,36.9,47.3,38.7,Persistent multidomain change,Body composition,Recovery / activity,"Prioritize resistance exercise, adequate protein/nutrition and reduction of central adiposity where appropriate.","Prioritize sleep regularity, recovery and progressive daily physical activity.",Re-measure the leading domains in approximately 3 months and compare with the personal baseline.,"Persistent change is present across multiple domains, led by body composition and recovery / activity.",
SA-084,Persistent Risk,Month 12,12,44,Male,182.6,1.33,106.3,95.0,3.01,9.8,62.0,36.5,6.93,6059.0,29.9,5.08,5.85,9.6,1.71,1.13,2.71,4.63,1.29,1.58,23.0,37.4,81.4,24.4,91.5,19.2,38.1,3.4,30.3,53.2,49.2,49.4,47.6,Persistent multidomain change,Recovery / activity,Body composition,"Prioritize sleep regularity, recovery and progressive daily physical activity.","Prioritize resistance exercise, adequate protein/nutrition and reduction of central adiposity where appropriate.",Re-measure the leading domains in approximately 3 months and compare with the personal baseline.,"Persistent change is present across multiple domains, led by recovery / activity and body composition.",
SA-085,Persistent Risk,Baseline,0,63,Female,168.4,1.36,105.9,97.3,2.22,10.0,61.0,22.2,7.86,7874.0,35.3,4.83,5.36,5.2,0.41,1.64,2.96,4.79,0.86,0.53,24.0,18.4,54.0,19.0,96.5,22.9,31.1,9.5,0.0,0.0,3.0,0.0,0.9,Stable,Metabolic trend,Recovery / activity,Review nutrition and activity habits; confirm persistent abnormal laboratory values with an appropriate clinician.,"Prioritize sleep regularity, recovery and progressive daily physical activity.",Re-measure the leading domains in approximately 3 months and compare with the personal baseline.,No persistent adverse multidomain trend detected relative to the personal baseline.,
SA-085,Persistent Risk,Month 1,1,63,Female,168.4,1.35,105.6,97.0,2.26,10.1,61.0,21.1,7.79,7710.0,34.9,4.85,5.37,5.3,0.43,1.63,2.98,4.82,0.86,0.57,24.0,18.2,54.4,19.2,97.5,23.5,31.0,9.8,3.6,3.1,5.6,10.9,5.9,Stable,Body composition,Metabolic trend,"Prioritize resistance exercise, adequate protein/nutrition and reduction of central adiposity where appropriate.",Review nutrition and activity habits; confirm persistent abnormal laboratory values with an appropriate clinician.,Re-measure the leading domains in approximately 3 months and compare with the personal baseline.,No persistent adverse multidomain trend detected relative to the personal baseline.,
SA-085,Persistent Risk,Month 3,3,63,Female,168.4,1.34,105.2,96.7,2.32,10.3,62.0,19.5,7.69,7483.0,34.4,4.85,5.37,5.3,0.43,1.63,2.98,4.81,0.86,0.57,24.0,17.9,54.4,19.2,97.4,23.4,31.0,9.7,10.6,13.3,5.5,10.2,9.8,Stable,Recovery / activity,Functional mobility,"Prioritize sleep regularity, recovery and progressive daily physical activity.","Maintain or progress walking, balance and strength work; reassess mobility if decline persists.",Re-measure the leading domains in approximately 3 months and compare with the personal baseline.,No persistent adverse multidomain trend detected relative to the personal baseline.,
SA-085,Persistent Risk,Month 6,6,63,Female,168.4,1.33,104.7,96.4,2.37,10.4,64.0,16.8,7.52,7078.0,33.5,5.01,5.49,6.3,0.65,1.57,3.16,5.03,0.92,0.92,25.0,17.5,54.8,19.3,98.4,24.0,30.8,10.0,17.8,31.6,25.8,23.9,25.9,Early multidomain change,Recovery / activity,Metabolic trend,"Prioritize sleep regularity, recovery and progressive daily physical activity.",Review nutrition and activity habits; confirm persistent abnormal laboratory values with an appropriate clinician.,Re-measure the leading domains in approximately 3 months and compare with the personal baseline.,"Early coordinated change is emerging, led by recovery / activity while other domains remain relatively preserved.",
SA-085,Persistent Risk,Month 9,9,63,Female,168.4,1.31,104.0,95.9,2.46,10.7,64.0,15.8,7.46,6935.0,33.2,5.08,5.54,6.8,0.75,1.54,3.24,5.13,0.95,1.08,26.0,17.3,55.1,19.4,99.2,24.4,30.7,10.2,28.6,38.1,35.4,34.7,35.0,Persistent multidomain change,Recovery / activity,Metabolic trend,"Prioritize sleep regularity, recovery and progressive daily physical activity.",Review nutrition and activity habits; confirm persistent abnormal laboratory values with an appropriate clinician.,Re-measure the leading domains in approximately 3 months and compare with the personal baseline.,"Persistent change is present across multiple domains, led by recovery / activity and metabolic trend.",
SA-085,Persistent Risk,Month 12,12,63,Female,168.4,1.3,103.9,95.8,2.48,10.7,66.0,12.1,7.23,6379.0,31.9,5.17,5.61,7.3,0.88,1.5,3.34,5.26,0.98,1.29,27.0,16.7,55.4,19.5,99.6,24.7,30.6,10.4,31.1,63.2,47.2,41.3,48.1,Persistent multidomain change,Recovery / activity,Metabolic trend,"Prioritize sleep regularity, recovery and progressive daily physical activity.",Review nutrition and activity habits; confirm persistent abnormal laboratory values with an appropriate clinician.,Re-measure the leading domains in approximately 3 months and compare with the personal baseline.,"Persistent change is present across multiple domains, led by recovery / activity and metabolic trend.",
SA-086,Intervention Response,Baseline,0,66,Male,170.1,1.26,109.3,97.9,1.94,11.9,65.0,60.7,6.57,6417.0,34.8,5.09,5.27,6.0,0.75,1.03,2.63,4.0,0.81,0.6,34.0,29.2,99.4,34.4,93.4,24.3,30.3,8.9,0.0,4.4,0.9,0.0,1.6,Stable,Recovery / activity,Metabolic trend,"Prioritize sleep regularity, recovery and progressive daily physical activity.",Review nutrition and activity habits; confirm persistent abnormal laboratory values with an appropriate clinician.,Re-measure the leading domains in approximately 3 months and compare with the personal baseline.,No persistent adverse multidomain trend detected relative to the personal baseline.,
SA-086,Intervention Response,Month 1,1,66,Male,170.1,1.25,108.9,97.6,1.99,12.1,65.0,60.9,6.58,6440.0,34.9,5.15,5.31,6.4,0.83,1.01,2.69,4.07,0.83,0.72,34.0,29.3,99.9,34.5,94.4,24.9,30.1,9.2,6.2,3.4,7.7,12.0,7.3,Stable,Body composition,Metabolic trend,"Prioritize resistance exercise, adequate protein/nutrition and reduction of central adiposity where appropriate.",Review nutrition and activity habits; confirm persistent abnormal laboratory values with an appropriate clinician.,Re-measure the leading domains in approximately 3 months and compare with the personal baseline.,No persistent adverse multidomain trend detected relative to the personal baseline.,
SA-086,Intervention Response,Month 3,3,66,Male,170.1,1.24,108.3,97.1,2.07,12.3,66.0,57.6,6.37,5954.0,33.8,5.26,5.39,7.0,0.98,0.97,2.81,4.22,0.87,0.96,35.0,28.7,100.1,34.6,95.0,25.2,30.0,9.4,15.7,25.4,21.5,20.4,21.5,Early multidomain change,Recovery / activity,Metabolic trend,"Prioritize sleep regularity, recovery and progressive daily physical activity.",Review nutrition and activity habits; confirm persistent abnormal laboratory values with an appropriate clinician.,Re-measure the leading domains in approximately 3 months and compare with the personal baseline.,"Early coordinated change is emerging, led by recovery / activity while other domains remain relatively preserved.",
SA-086,Intervention Response,Month 6,6,66,Male,170.1,1.21,107.5,96.6,2.16,12.6,68.0,52.8,6.08,5251.0,32.2,5.51,5.57,8.6,1.32,0.86,3.08,4.57,0.96,1.51,38.0,27.9,100.9,34.9,96.6,26.1,29.7,9.8,27.7,57.1,53.8,43.3,48.2,Persistent multidomain change,Recovery / activity,Metabolic trend,"Prioritize sleep regularity, recovery and progressive daily physical activity.",Review nutrition and activity habits; confirm persistent abnormal laboratory values with an appropriate clinician.,Re-measure the leading domains in approximately 3 months and compare with the personal baseline.,"Persistent change is present across multiple domains, led by recovery / activity and metabolic trend.",AI-guided preventive action plan
SA-086,Intervention Response,Month 9,9,66,Male,170.1,1.25,108.7,97.4,2.02,12.1,66.0,56.8,6.33,5842.0,33.5,5.26,5.39,7.1,0.98,0.96,2.81,4.23,0.87,0.97,35.0,28.6,100.0,34.6,94.7,25.0,30.0,9.3,9.8,30.4,22.3,16.5,21.4,Early multidomain change,Recovery / activity,Metabolic trend,"Prioritize sleep regularity, recovery and progressive daily physical activity.",Review nutrition and activity habits; confirm persistent abnormal laboratory values with an appropriate clinician.,Re-measure the leading domains in approximately 3 months and compare with the personal baseline.,"Early coordinated change is emerging, led by recovery / activity while other domains remain relatively preserved.",
SA-086,Intervention Response,Month 12,12,66,Male,170.1,1.26,109.3,97.9,1.94,11.9,64.0,61.0,6.59,6465.0,34.9,5.05,5.24,5.8,0.7,1.05,2.59,3.95,0.79,0.51,34.0,29.3,99.5,34.4,93.5,24.4,30.2,9.0,0.0,2.3,0.0,0.5,0.8,Stable,Recovery / activity,Body composition,"Prioritize sleep regularity, recovery and progressive daily physical activity.","Prioritize resistance exercise, adequate protein/nutrition and reduction of central adiposity where appropriate.",Re-measure the leading domains in approximately 3 months and compare with the personal baseline.,No persistent adverse multidomain trend detected relative to the personal baseline.,
SA-087,Intervention Response,Baseline,0,54,Female,155.1,1.38,102.5,95.6,2.44,7.4,63.0,33.9,7.26,6304.0,40.6,5.01,5.6,7.1,0.83,1.49,1.92,3.78,0.95,1.06,40.0,25.0,74.7,31.1,84.9,38.5,28.4,6.6,1.1,0.0,0.7,0.0,0.4,Stable,Functional mobility,Metabolic trend,"Maintain or progress walking, balance and strength work; reassess mobility if decline persists.",Review nutrition and activity habits; confirm persistent abnormal laboratory values with an appropriate clinician.,Re-measure the leading domains in approximately 3 months and compare with the personal baseline.,No persistent adverse multidomain trend detected relative to the personal baseline.,
SA-087,Intervention Response,Month 1,1,54,Female,155.1,1.37,102.2,95.3,2.49,7.6,63.0,32.4,7.17,6081.0,40.1,5.05,5.63,7.3,0.88,1.47,1.96,3.83,0.96,1.15,41.0,24.8,75.1,31.2,85.8,39.0,28.3,6.9,6.8,9.1,6.0,10.8,8.3,Stable,Body composition,Recovery / activity,"Prioritize resistance exercise, adequate protein/nutrition and reduction of central adiposity where appropriate.","Prioritize sleep regularity, recovery and progressive daily physical activity.",Re-measure the leading domains in approximately 3 months and compare with the personal baseline.,No persistent adverse multidomain trend detected relative to the personal baseline.,
SA-087,Intervention Response,Month 3,3,54,Female,155.1,1.35,101.4,94.8,2.58,7.8,65.0,29.3,6.98,5622.0,39.1,5.19,5.73,8.2,1.07,1.41,2.11,4.02,1.01,1.44,42.0,24.3,75.4,31.4,86.5,39.4,28.2,7.1,19.0,29.9,23.4,21.0,24.1,Early multidomain change,Recovery / activity,Metabolic trend,"Prioritize sleep regularity, recovery and progressive daily physical activity.",Review nutrition and activity habits; confirm persistent abnormal laboratory values with an appropriate clinician.,Re-measure the leading domains in approximately 3 months and compare with the personal baseline.,"Early coordinated change is emerging, led by recovery / activity while other domains remain relatively preserved.",
SA-087,Intervention Response,Month 6,6,54,Female,155.1,1.33,100.7,94.3,2.67,8.1,67.0,25.8,6.76,5107.0,37.9,5.37,5.87,9.3,1.32,1.34,2.31,4.26,1.08,1.84,44.0,23.7,76.1,31.7,88.1,40.3,27.9,7.5,29.5,53.1,46.4,43.0,45.0,Persistent multidomain change,Recovery / activity,Metabolic trend,"Prioritize sleep regularity, recovery and progressive daily physical activity.",Review nutrition and activity habits; confirm persistent abnormal laboratory values with an appropriate clinician.,Re-measure the leading domains in approximately 3 months and compare with the personal baseline.,"Persistent change is present across multiple domains, led by recovery / activity and metabolic trend.",AI-guided preventive action plan
SA-087,Intervention Response,Month 9,9,54,Female,155.1,1.36,101.8,95.1,2.53,7.7,65.0,29.1,6.97,5602.0,39.0,5.21,5.75,8.3,1.1,1.41,2.13,4.05,1.02,1.49,42.0,24.2,75.4,31.3,86.4,39.3,28.2,7.0,12.9,30.8,26.1,18.9,23.7,Early multidomain change,Recovery / activity,Metabolic trend,"Prioritize sleep regularity, recovery and progressive daily physical activity.",Review nutrition and activity habits; confirm persistent abnormal laboratory values with an appropriate clinician.,Re-measure the leading domains in approximately 3 months and compare with the personal baseline.,"Early coordinated change is emerging, led by recovery / activity while other domains remain relatively preserved.",
SA-087,Intervention Response,Month 12,12,54,Female,155.1,1.38,102.6,95.6,2.44,7.4,63.0,34.0,7.27,6319.0,40.6,5.02,5.61,7.1,0.83,1.48,1.92,3.78,0.95,1.06,40.0,25.1,74.8,31.1,85.2,38.6,28.4,6.7,0.5,0.0,1.2,2.4,1.0,Stable,Body composition,Metabolic trend,"Prioritize resistance exercise, adequate protein/nutrition and reduction of central adiposity where appropriate.",Review nutrition and activity habits; confirm persistent abnormal laboratory values with an appropriate clinician.,Re-measure the leading domains in approximately 3 months and compare with the personal baseline.,No persistent adverse multidomain trend detected relative to the personal baseline.,
SA-088,Intervention Response,Baseline,0,54,Male,180.6,1.34,109.1,99.5,2.12,9.1,56.0,50.4,6.47,7253.0,29.2,5.08,5.12,3.7,1.37,1.03,3.08,4.72,0.77,1.63,28.0,22.0,84.1,25.8,91.6,18.9,39.8,5.4,0.0,0.0,0.0,2.1,0.5,Stable,Body composition,Recovery / activity,"Prioritize resistance exercise, adequate protein/nutrition and reduction of central adiposity where appropriate.","Prioritize sleep regularity, recovery and progressive daily physical activity.",Re-measure the leading domains in approximately 3 months and compare with the personal baseline.,No persistent adverse multidomain trend detected relative to the personal baseline.,
SA-088,Intervention Response,Month 1,1,54,Male,180.6,1.33,108.6,99.2,2.18,9.3,57.0,47.8,6.32,6877.0,28.4,5.15,5.17,4.1,1.47,1.0,3.16,4.82,0.79,1.79,29.0,21.6,84.2,25.8,91.8,19.0,39.7,5.5,6.8,13.8,8.5,4.4,8.8,Stable,Recovery / activity,Metabolic trend,"Prioritize sleep regularity, recovery and progressive daily physical activity.",Review nutrition and activity habits; confirm persistent abnormal laboratory values with an appropriate clinician.,Re-measure the leading domains in approximately 3 months and compare with the personal baseline.,No persistent adverse multidomain trend detected relative to the personal baseline.,
SA-088,Intervention Response,Month 3,3,54,Male,180.6,1.33,108.6,99.1,2.18,9.3,58.0,45.3,6.16,6500.0,27.5,5.27,5.26,4.9,1.63,0.95,3.29,4.98,0.83,2.05,30.0,21.1,84.7,26.0,92.9,19.6,39.5,5.8,7.4,30.8,23.5,20.4,22.5,Early multidomain change,Recovery / activity,Metabolic trend,"Prioritize sleep regularity, recovery and progressive daily physical activity.",Review nutrition and activity habits; confirm persistent abnormal laboratory values with an appropriate clinician.,Re-measure the leading domains in approximately 3 months and compare with the personal baseline.,"Early coordinated change is emerging, led by recovery / activity while other domains remain relatively preserved.",
SA-088,Intervention Response,Month 6,6,54,Male,180.6,1.3,107.5,98.3,2.32,9.7,60.0,42.0,5.96,6024.0,26.5,5.47,5.4,6.1,1.9,0.87,3.5,5.25,0.91,2.48,32.0,20.6,85.4,26.2,94.6,20.5,39.3,6.3,24.7,52.3,48.5,43.1,44.7,Persistent multidomain change,Recovery / activity,Metabolic trend,"Prioritize sleep regularity, recovery and progressive daily physical activity.",Review nutrition and activity habits; confirm persistent abnormal laboratory values with an appropriate clinician.,Re-measure the leading domains in approximately 3 months and compare with the personal baseline.,"Persistent change is present across multiple domains, led by recovery / activity and metabolic trend.",AI-guided preventive action plan
SA-088,Intervention Response,Month 9,9,54,Male,180.6,1.32,108.3,98.9,2.22,9.4,58.0,45.2,6.15,6490.0,27.5,5.27,5.26,4.9,1.63,0.95,3.29,4.98,0.84,2.05,30.0,21.1,84.6,25.9,92.7,19.5,39.6,5.7,12.7,31.3,23.8,17.3,22.7,Early multidomain change,Recovery / activity,Metabolic trend,"Prioritize sleep regularity, recovery and progressive daily physical activity.",Review nutrition and activity habits; confirm persistent abnormal laboratory values with an appropriate clinician.,Re-measure the leading domains in approximately 3 months and compare with the personal baseline.,"Early coordinated change is emerging, led by recovery / activity while other domains remain relatively preserved.",
SA-088,Intervention Response,Month 12,12,54,Male,180.6,1.34,109.0,99.4,2.13,9.1,56.0,50.2,6.47,7231.0,29.2,5.11,5.14,3.9,1.41,1.01,3.11,4.76,0.78,1.69,28.0,22.0,84.2,25.8,91.8,19.0,39.7,5.5,0.7,0.0,2.9,4.5,2.1,Stable,Body composition,Metabolic trend,"Prioritize resistance exercise, adequate protein/nutrition and reduction of central adiposity where appropriate.",Review nutrition and activity habits; confirm persistent abnormal laboratory values with an appropriate clinician.,Re-measure the leading domains in approximately 3 months and compare with the personal baseline.,No persistent adverse multidomain trend detected relative to the personal baseline.,
SA-089,Intervention Response,Baseline,0,55,Female,165.0,1.41,112.7,94.4,2.1,10.7,63.0,13.3,7.86,8055.0,33.0,5.36,5.09,5.5,1.17,1.99,3.55,6.07,0.94,1.0,29.0,19.9,73.2,26.9,74.5,30.4,20.6,8.8,0.0,2.3,1.1,0.0,1.0,Stable,Recovery / activity,Metabolic trend,"Prioritize sleep regularity, recovery and progressive daily physical activity.",Review nutrition and activity habits; confirm persistent abnormal laboratory values with an appropriate clinician.,Re-measure the leading domains in approximately 3 months and compare with the personal baseline.,No persistent adverse multidomain trend detected relative to the personal baseline.,
SA-089,Intervention Response,Month 1,1,55,Female,165.0,1.4,112.3,94.2,2.14,10.8,64.0,12.0,7.78,7859.0,32.5,5.33,5.07,5.4,1.13,2.0,3.52,6.03,0.93,0.94,28.0,19.7,73.5,27.0,75.2,30.8,20.5,9.0,4.6,11.1,0.0,7.4,5.9,Stable,Recovery / activity,Body composition,"Prioritize sleep regularity, recovery and progressive daily physical activity.","Prioritize resistance exercise, adequate protein/nutrition and reduction of central adiposity where appropriate.",Re-measure the leading domains in approximately 3 months and compare with the personal baseline.,No persistent adverse multidomain trend detected relative to the personal baseline.,
SA-089,Intervention Response,Month 3,3,55,Female,165.0,1.38,111.6,93.6,2.24,11.1,65.0,12.0,7.6,7435.0,31.6,5.54,5.22,6.7,1.42,1.92,3.75,6.32,1.01,1.4,30.0,19.2,74.0,27.2,76.3,31.4,20.3,9.3,16.8,30.2,24.1,22.6,24.5,Early multidomain change,Recovery / activity,Metabolic trend,"Prioritize sleep regularity, recovery and progressive daily physical activity.",Review nutrition and activity habits; confirm persistent abnormal laboratory values with an appropriate clinician.,Re-measure the leading domains in approximately 3 months and compare with the personal baseline.,"Early coordinated change is emerging, led by recovery / activity while other domains remain relatively preserved.",
SA-089,Intervention Response,Month 6,6,55,Female,165.0,1.36,111.0,93.2,2.31,11.3,67.0,12.0,7.35,6841.0,30.2,5.76,5.38,8.0,1.72,1.83,3.99,6.62,1.09,1.89,32.0,18.5,74.7,27.4,77.8,32.2,20.1,9.8,25.5,57.1,52.7,43.5,47.6,Persistent multidomain change,Recovery / activity,Metabolic trend,"Prioritize sleep regularity, recovery and progressive daily physical activity.",Review nutrition and activity habits; confirm persistent abnormal laboratory values with an appropriate clinician.,Re-measure the leading domains in approximately 3 months and compare with the personal baseline.,"Persistent change is present across multiple domains, led by recovery / activity and metabolic trend.",AI-guided preventive action plan
SA-089,Intervention Response,Month 9,9,55,Female,165.0,1.38,111.7,93.8,2.22,11.0,65.0,12.0,7.65,7548.0,31.8,5.53,5.21,6.6,1.4,1.92,3.74,6.31,1.0,1.38,30.0,19.3,73.7,27.1,75.6,31.0,20.4,9.1,14.1,25.2,23.0,13.3,19.9,Early multidomain change,Recovery / activity,Metabolic trend,"Prioritize sleep regularity, recovery and progressive daily physical activity.",Review nutrition and activity habits; confirm persistent abnormal laboratory values with an appropriate clinician.,Re-measure the leading domains in approximately 3 months and compare with the personal baseline.,"Early coordinated change is emerging, led by recovery / activity while other domains remain relatively preserved.",
SA-089,Intervention Response,Month 12,12,55,Female,165.0,1.4,112.4,94.3,2.13,10.7,63.0,13.8,7.89,8130.0,33.1,5.35,5.08,5.5,1.16,1.99,3.55,6.06,0.94,0.99,29.0,20.0,73.4,27.0,74.9,30.6,20.5,8.9,3.2,0.0,0.5,2.5,1.2,Stable,Functional mobility,Body composition,"Maintain or progress walking, balance and strength work; reassess mobility if decline persists.","Prioritize resistance exercise, adequate protein/nutrition and reduction of central adiposity where appropriate.",Re-measure the leading domains in approximately 3 months and compare with the personal baseline.,No persistent adverse multidomain trend detected relative to the personal baseline.,
SA-090,Intervention Response,Baseline,0,44,Male,180.8,1.46,112.5,96.7,2.53,11.0,61.0,48.9,7.78,10581.0,46.1,5.0,5.22,8.1,0.99,1.4,2.05,3.9,1.08,0.44,20.0,30.6,86.5,26.5,102.9,13.4,31.2,9.2,0.0,7.0,0.0,0.0,2.1,Stable,Recovery / activity,Metabolic trend,"Prioritize sleep regularity, recovery and progressive daily physical activity.",Review nutrition and activity habits; confirm persistent abnormal laboratory values with an appropriate clinician.,Re-measure the leading domains in approximately 3 months and compare with the personal baseline.,No persistent adverse multidomain trend detected relative to the personal baseline.,
SA-090,Intervention Response,Month 1,1,44,Male,180.8,1.43,111.7,96.1,2.63,11.3,62.0,47.7,7.71,10400.0,45.7,5.05,5.26,8.5,1.07,1.38,2.11,3.97,1.1,0.56,20.0,30.4,86.5,26.4,102.8,13.4,31.2,9.1,11.7,15.1,4.7,0.0,7.7,Stable,Recovery / activity,Functional mobility,"Prioritize sleep regularity, recovery and progressive daily physical activity.","Maintain or progress walking, balance and strength work; reassess mobility if decline persists.",Re-measure the leading domains in approximately 3 months and compare with the personal baseline.,No persistent adverse multidomain trend detected relative to the personal baseline.,
SA-090,Intervention Response,Month 3,3,44,Male,180.8,1.43,111.6,96.0,2.64,11.3,63.0,45.5,7.57,10070.0,45.0,5.21,5.38,9.4,1.28,1.32,2.28,4.18,1.16,0.9,22.0,30.0,87.1,26.6,104.2,14.2,31.0,9.5,12.4,30.1,24.4,17.1,22.5,Early multidomain change,Recovery / activity,Metabolic trend,"Prioritize sleep regularity, recovery and progressive daily physical activity.",Review nutrition and activity habits; confirm persistent abnormal laboratory values with an appropriate clinician.,Re-measure the leading domains in approximately 3 months and compare with the personal baseline.,"Early coordinated change is emerging, led by recovery / activity while other domains remain relatively preserved.",
SA-090,Intervention Response,Month 6,6,44,Male,180.8,1.42,111.0,95.5,2.72,11.6,65.0,41.1,7.3,9430.0,43.5,5.41,5.52,10.7,1.55,1.24,2.5,4.46,1.23,1.34,24.0,29.3,88.1,26.9,106.5,15.4,30.6,10.2,23.0,59.0,50.4,48.4,48.4,Persistent multidomain change,Recovery / activity,Metabolic trend,"Prioritize sleep regularity, recovery and progressive daily physical activity.",Review nutrition and activity habits; confirm persistent abnormal laboratory values with an appropriate clinician.,Re-measure the leading domains in approximately 3 months and compare with the personal baseline.,"Persistent change is present across multiple domains, led by recovery / activity and metabolic trend.",AI-guided preventive action plan
SA-090,Intervention Response,Month 9,9,44,Male,180.8,1.44,111.9,96.2,2.6,11.2,63.0,45.4,7.57,10061.0,44.9,5.18,5.36,9.3,1.24,1.33,2.25,4.15,1.15,0.84,21.0,30.0,87.1,26.7,104.4,14.2,31.0,9.6,7.9,30.5,21.2,18.8,21.4,Early multidomain change,Recovery / activity,Metabolic trend,"Prioritize sleep regularity, recovery and progressive daily physical activity.",Review nutrition and activity habits; confirm persistent abnormal laboratory values with an appropriate clinician.,Re-measure the leading domains in approximately 3 months and compare with the personal baseline.,"Early coordinated change is emerging, led by recovery / activity while other domains remain relatively preserved.",
SA-090,Intervention Response,Month 12,12,44,Male,180.8,1.45,112.4,96.6,2.55,11.1,60.0,50.7,7.9,10845.0,46.7,4.99,5.22,8.0,0.98,1.41,2.04,3.88,1.08,0.42,20.0,30.9,86.5,26.4,102.8,13.4,31.2,9.1,0.8,0.0,0.0,0.0,0.1,Stable,Functional mobility,Recovery / activity,"Maintain or progress walking, balance and strength work; reassess mobility if decline persists.","Prioritize sleep regularity, recovery and progressive daily physical activity.",Re-measure the leading domains in approximately 3 months and compare with the personal baseline.,No persistent adverse multidomain trend detected relative to the personal baseline.,
SA-091,Intervention Response,Baseline,0,44,Female,158.7,1.29,110.5,95.7,2.36,9.2,64.0,43.5,6.7,9442.0,40.7,4.87,5.3,7.0,0.82,1.56,2.34,4.26,0.74,0.44,21.0,34.6,66.0,26.2,77.8,37.0,22.4,9.4,3.7,0.0,3.1,8.8,3.7,Stable,Body composition,Functional mobility,"Prioritize resistance exercise, adequate protein/nutrition and reduction of central adiposity where appropriate.","Maintain or progress walking, balance and strength work; reassess mobility if decline persists.",Re-measure the leading domains in approximately 3 months and compare with the personal baseline.,No persistent adverse multidomain trend detected relative to the personal baseline.,
SA-091,Intervention Response,Month 1,1,44,Female,158.7,1.3,110.9,96.0,2.31,9.0,65.0,41.3,6.57,9120.0,40.0,4.89,5.32,7.1,0.85,1.55,2.35,4.29,0.74,0.48,21.0,34.2,66.2,26.3,78.1,37.1,22.4,9.5,0.0,12.1,5.4,13.5,8.6,Stable,Body composition,Recovery / activity,"Prioritize resistance exercise, adequate protein/nutrition and reduction of central adiposity where appropriate.","Prioritize sleep regularity, recovery and progressive daily physical activity.",Re-measure the leading domains in approximately 3 months and compare with the personal baseline.,No persistent adverse multidomain trend detected relative to the personal baseline.,
SA-091,Intervention Response,Month 3,3,44,Female,158.7,1.28,109.9,95.2,2.44,9.4,66.0,39.2,6.43,8802.0,39.2,5.04,5.43,8.0,1.06,1.49,2.52,4.5,0.8,0.81,22.0,33.9,66.5,26.4,78.8,37.5,22.3,9.7,13.0,26.4,25.0,23.0,23.1,Early multidomain change,Recovery / activity,Metabolic trend,"Prioritize sleep regularity, recovery and progressive daily physical activity.",Review nutrition and activity habits; confirm persistent abnormal laboratory values with an appropriate clinician.,Re-measure the leading domains in approximately 3 months and compare with the personal baseline.,"Early coordinated change is emerging, led by recovery / activity while other domains remain relatively preserved.",
SA-091,Intervention Response,Month 6,6,44,Female,158.7,1.26,109.3,94.8,2.51,9.6,69.0,34.1,6.12,8045.0,37.5,5.25,5.58,9.3,1.34,1.4,2.75,4.79,0.88,1.27,24.0,33.0,67.1,26.6,80.3,38.3,22.1,10.1,21.9,60.6,51.8,43.3,47.8,Persistent multidomain change,Recovery / activity,Metabolic trend,"Prioritize sleep regularity, recovery and progressive daily physical activity.",Review nutrition and activity habits; confirm persistent abnormal laboratory values with an appropriate clinician.,Re-measure the leading domains in approximately 3 months and compare with the personal baseline.,"Persistent change is present across multiple domains, led by recovery / activity and metabolic trend.",AI-guided preventive action plan
SA-091,Intervention Response,Month 9,9,44,Female,158.7,1.28,110.1,95.3,2.42,9.3,66.0,39.5,6.45,8844.0,39.3,5.04,5.43,8.0,1.06,1.49,2.52,4.5,0.8,0.81,22.0,33.9,66.6,26.4,79.0,37.6,22.2,9.8,10.7,24.5,24.8,26.1,22.9,Early multidomain change,Body composition,Metabolic trend,"Prioritize resistance exercise, adequate protein/nutrition and reduction of central adiposity where appropriate.",Review nutrition and activity habits; confirm persistent abnormal laboratory values with an appropriate clinician.,Re-measure the leading domains in approximately 3 months and compare with the personal baseline.,"Early coordinated change is emerging, led by body composition while other domains remain relatively preserved.",
SA-091,Intervention Response,Month 12,12,44,Female,158.7,1.3,110.9,96.0,2.31,9.0,64.0,43.5,6.7,9431.0,40.7,4.83,5.27,6.7,0.77,1.57,2.29,4.21,0.72,0.35,20.0,34.6,65.7,26.1,77.0,36.5,22.6,9.2,0.0,0.0,0.0,0.0,0.0,Stable,Recovery / activity,Metabolic trend,"Prioritize sleep regularity, recovery and progressive daily physical activity.",Review nutrition and activity habits; confirm persistent abnormal laboratory values with an appropriate clinician.,Re-measure the leading domains in approximately 3 months and compare with the personal baseline.,No persistent adverse multidomain trend detected relative to the personal baseline.,
SA-092,Intervention Response,Baseline,0,53,Male,176.8,1.29,113.2,98.0,2.32,11.3,63.0,55.8,6.95,5226.0,43.7,5.28,5.41,8.1,0.98,1.14,2.98,4.56,0.96,0.67,31.0,23.0,76.8,24.6,100.3,23.7,34.0,6.1,0.0,0.0,3.0,5.7,2.3,Stable,Body composition,Metabolic trend,"Prioritize resistance exercise, adequate protein/nutrition and reduction of central adiposity where appropriate.",Review nutrition and activity habits; confirm persistent abnormal laboratory values with an appropriate clinician.,Re-measure the leading domains in approximately 3 months and compare with the personal baseline.,No persistent adverse multidomain trend detected relative to the personal baseline.,
SA-092,Intervention Response,Month 1,1,53,Male,176.8,1.29,113.1,97.9,2.34,11.3,64.0,54.0,6.83,4952.0,43.1,5.24,5.39,7.9,0.93,1.15,2.94,4.51,0.94,0.6,31.0,22.7,76.9,24.6,100.4,23.8,34.0,6.2,1.5,10.3,0.0,7.5,5.2,Stable,Recovery / activity,Body composition,"Prioritize sleep regularity, recovery and progressive daily physical activity.","Prioritize resistance exercise, adequate protein/nutrition and reduction of central adiposity where appropriate.",Re-measure the leading domains in approximately 3 months and compare with the personal baseline.,No persistent adverse multidomain trend detected relative to the personal baseline.,
SA-092,Intervention Response,Month 3,3,53,Male,176.8,1.26,112.2,97.3,2.45,11.6,65.0,51.3,6.67,4565.0,42.2,5.45,5.54,9.2,1.22,1.07,3.17,4.8,1.02,1.06,33.0,22.2,77.3,24.7,101.3,24.3,33.8,6.4,15.4,27.8,25.4,19.8,23.2,Early multidomain change,Recovery / activity,Metabolic trend,"Prioritize sleep regularity, recovery and progressive daily physical activity.",Review nutrition and activity habits; confirm persistent abnormal laboratory values with an appropriate clinician.,Re-measure the leading domains in approximately 3 months and compare with the personal baseline.,"Early coordinated change is emerging, led by recovery / activity while other domains remain relatively preserved.",
SA-092,Intervention Response,Month 6,6,53,Male,176.8,1.25,111.6,96.9,2.51,11.8,67.0,47.3,6.42,3966.0,40.9,5.65,5.68,10.4,1.48,0.99,3.38,5.06,1.09,1.48,34.0,21.5,77.9,24.9,102.6,25.0,33.6,6.8,23.6,54.9,50.1,38.3,44.6,Persistent multidomain change,Recovery / activity,Metabolic trend,"Prioritize sleep regularity, recovery and progressive daily physical activity.",Review nutrition and activity habits; confirm persistent abnormal laboratory values with an appropriate clinician.,Re-measure the leading domains in approximately 3 months and compare with the personal baseline.,"Persistent change is present across multiple domains, led by recovery / activity and metabolic trend.",AI-guided preventive action plan
SA-092,Intervention Response,Month 9,9,53,Male,176.8,1.28,112.7,97.7,2.38,11.4,65.0,51.4,6.68,4572.0,42.2,5.5,5.57,9.5,1.28,1.05,3.22,4.87,1.04,1.16,33.0,22.2,77.3,24.7,101.3,24.3,33.8,6.4,6.8,27.5,31.6,20.1,23.8,Early multidomain change,Metabolic trend,Recovery / activity,Review nutrition and activity habits; confirm persistent abnormal laboratory values with an appropriate clinician.,"Prioritize sleep regularity, recovery and progressive daily physical activity.",Re-measure the leading domains in approximately 3 months and compare with the personal baseline.,"Early coordinated change is emerging, led by metabolic trend while other domains remain relatively preserved.",
SA-092,Intervention Response,Month 12,12,53,Male,176.8,1.28,113.0,97.9,2.34,11.3,63.0,55.7,6.94,5208.0,43.7,5.23,5.38,7.8,0.92,1.16,2.93,4.5,0.94,0.58,31.0,23.0,76.7,24.5,99.9,23.5,34.1,6.0,2.2,0.0,0.0,0.0,0.3,Stable,Functional mobility,Recovery / activity,"Maintain or progress walking, balance and strength work; reassess mobility if decline persists.","Prioritize sleep regularity, recovery and progressive daily physical activity.",Re-measure the leading domains in approximately 3 months and compare with the personal baseline.,No persistent adverse multidomain trend detected relative to the personal baseline.,
SA-093,Intervention Response,Baseline,0,59,Female,163.4,1.37,103.3,95.3,1.95,11.1,65.0,52.6,6.45,10654.0,34.5,5.02,5.43,4.6,0.83,1.61,4.18,6.16,0.91,1.56,31.0,33.0,69.1,25.9,81.4,28.8,24.2,8.1,4.5,0.0,0.0,3.7,1.6,Stable,Functional mobility,Body composition,"Maintain or progress walking, balance and strength work; reassess mobility if decline persists.","Prioritize resistance exercise, adequate protein/nutrition and reduction of central adiposity where appropriate.",Re-measure the leading domains in approximately 3 months and compare with the personal baseline.,No persistent adverse multidomain trend detected relative to the personal baseline.,
SA-093,Intervention Response,Month 1,1,59,Female,163.4,1.37,103.2,95.3,1.96,11.2,65.0,50.6,6.32,10355.0,33.8,5.11,5.5,5.2,0.96,1.57,4.28,6.29,0.95,1.77,32.0,32.7,68.9,25.8,81.0,28.5,24.3,8.0,5.9,10.0,7.0,0.0,6.0,Stable,Recovery / activity,Metabolic trend,"Prioritize sleep regularity, recovery and progressive daily physical activity.",Review nutrition and activity habits; confirm persistent abnormal laboratory values with an appropriate clinician.,Re-measure the leading domains in approximately 3 months and compare with the personal baseline.,No persistent adverse multidomain trend detected relative to the personal baseline.,
SA-093,Intervention Response,Month 3,3,59,Female,163.4,1.36,103.1,95.1,1.98,11.2,67.0,48.0,6.16,9976.0,33.0,5.23,5.59,5.9,1.12,1.53,4.41,6.45,0.99,2.02,33.0,32.2,69.7,26.1,82.8,29.5,24.0,8.5,8.6,27.2,21.5,23.5,21.8,Early multidomain change,Recovery / activity,Body composition,"Prioritize sleep regularity, recovery and progressive daily physical activity.","Prioritize resistance exercise, adequate protein/nutrition and reduction of central adiposity where appropriate.",Re-measure the leading domains in approximately 3 months and compare with the personal baseline.,"Early coordinated change is emerging, led by recovery / activity while other domains remain relatively preserved.",
SA-093,Intervention Response,Month 6,6,59,Female,163.4,1.33,101.8,94.3,2.13,11.7,69.0,43.7,5.9,9343.0,31.6,5.43,5.74,7.1,1.4,1.44,4.63,6.73,1.06,2.47,35.0,31.5,70.3,26.3,84.2,30.3,23.8,8.8,27.9,55.7,47.8,42.1,45.8,Persistent multidomain change,Recovery / activity,Metabolic trend,"Prioritize sleep regularity, recovery and progressive daily physical activity.",Review nutrition and activity habits; confirm persistent abnormal laboratory values with an appropriate clinician.,Re-measure the leading domains in approximately 3 months and compare with the personal baseline.,"Persistent change is present across multiple domains, led by recovery / activity and metabolic trend.",AI-guided preventive action plan
SA-093,Intervention Response,Month 9,9,59,Female,163.4,1.36,103.1,95.1,1.98,11.2,67.0,48.3,6.18,10017.0,33.1,5.25,5.6,6.0,1.15,1.52,4.43,6.48,1.0,2.07,33.0,32.3,69.7,26.1,82.7,29.5,24.0,8.4,8.4,25.3,24.7,22.0,21.8,Early multidomain change,Recovery / activity,Metabolic trend,"Prioritize sleep regularity, recovery and progressive daily physical activity.",Review nutrition and activity habits; confirm persistent abnormal laboratory values with an appropriate clinician.,Re-measure the leading domains in approximately 3 months and compare with the personal baseline.,"Early coordinated change is emerging, led by recovery / activity while other domains remain relatively preserved.",
SA-093,Intervention Response,Month 12,12,59,Female,163.4,1.37,103.5,95.5,1.92,11.1,64.0,52.7,6.45,10669.0,34.6,5.11,5.5,5.1,0.95,1.58,4.28,6.28,0.95,1.76,32.0,33.1,69.0,25.8,81.2,28.6,24.2,8.0,1.4,0.0,6.2,0.0,2.1,Stable,Metabolic trend,Functional mobility,Review nutrition and activity habits; confirm persistent abnormal laboratory values with an appropriate clinician.,"Maintain or progress walking, balance and strength work; reassess mobility if decline persists.",Re-measure the leading domains in approximately 3 months and compare with the personal baseline.,No persistent adverse multidomain trend detected relative to the personal baseline.,
SA-094,Intervention Response,Baseline,0,58,Female,146.3,1.39,108.4,96.5,2.35,10.6,63.0,57.8,6.95,5919.0,49.9,4.75,5.08,6.6,1.02,1.47,2.6,4.52,0.86,0.78,8.0,45.1,76.7,35.8,81.4,34.8,21.5,8.2,0.0,0.0,0.0,2.0,0.5,Stable,Body composition,Recovery / activity,"Prioritize resistance exercise, adequate protein/nutrition and reduction of central adiposity where appropriate.","Prioritize sleep regularity, recovery and progressive daily physical activity.",Re-measure the leading domains in approximately 3 months and compare with the personal baseline.,No persistent adverse multidomain trend detected relative to the personal baseline.,
SA-094,Intervention Response,Month 1,1,58,Female,146.3,1.37,107.9,96.1,2.41,10.8,63.0,56.6,6.88,5753.0,49.5,4.84,5.14,7.2,1.14,1.43,2.69,4.64,0.89,0.97,8.0,44.9,77.0,35.9,82.1,35.2,21.3,8.4,6.2,7.0,6.1,12.1,7.9,Stable,Body composition,Recovery / activity,"Prioritize resistance exercise, adequate protein/nutrition and reduction of central adiposity where appropriate.","Prioritize sleep regularity, recovery and progressive daily physical activity.",Re-measure the leading domains in approximately 3 months and compare with the personal baseline.,No persistent adverse multidomain trend detected relative to the personal baseline.,
SA-094,Intervention Response,Month 3,3,58,Female,146.3,1.36,107.3,95.7,2.48,11.0,65.0,53.8,6.71,5338.0,48.6,4.97,5.24,8.0,1.32,1.38,2.84,4.83,0.94,1.27,8.0,44.4,77.2,36.1,82.6,35.5,21.3,8.6,15.8,25.7,23.6,19.4,22.0,Early multidomain change,Recovery / activity,Metabolic trend,"Prioritize sleep regularity, recovery and progressive daily physical activity.",Review nutrition and activity habits; confirm persistent abnormal laboratory values with an appropriate clinician.,Re-measure the leading domains in approximately 3 months and compare with the personal baseline.,"Early coordinated change is emerging, led by recovery / activity while other domains remain relatively preserved.",
SA-094,Intervention Response,Month 6,6,58,Female,146.3,1.35,106.9,95.4,2.52,11.1,66.0,50.3,6.49,4814.0,47.4,5.12,5.35,8.9,1.52,1.32,3.0,5.03,0.99,1.59,10.0,43.8,77.8,36.3,83.9,36.2,21.0,8.9,21.5,49.4,42.2,37.4,40.0,Persistent multidomain change,Recovery / activity,Metabolic trend,"Prioritize sleep regularity, recovery and progressive daily physical activity.",Review nutrition and activity habits; confirm persistent abnormal laboratory values with an appropriate clinician.,Re-measure the leading domains in approximately 3 months and compare with the personal baseline.,"Persistent change is present across multiple domains, led by recovery / activity and metabolic trend.",AI-guided preventive action plan
SA-094,Intervention Response,Month 9,9,58,Female,146.3,1.37,107.8,96.1,2.41,10.8,65.0,53.9,6.71,5344.0,48.6,4.96,5.23,7.9,1.31,1.38,2.83,4.81,0.94,1.25,8.0,44.4,77.1,36.0,82.4,35.3,21.3,8.5,7.3,25.4,22.2,15.9,19.4,Early multidomain change,Recovery / activity,Metabolic trend,"Prioritize sleep regularity, recovery and progressive daily physical activity.",Review nutrition and activity habits; confirm persistent abnormal laboratory values with an appropriate clinician.,Re-measure the leading domains in approximately 3 months and compare with the personal baseline.,"Early coordinated change is emerging, led by recovery / activity while other domains remain relatively preserved.",
SA-094,Intervention Response,Month 12,12,58,Female,146.3,1.38,108.3,96.4,2.36,10.7,63.0,58.2,6.98,5978.0,50.0,4.8,5.12,6.9,1.08,1.45,2.65,4.59,0.88,0.89,8.0,45.1,76.7,35.8,81.5,34.9,21.4,8.3,0.5,0.0,1.3,3.8,1.4,Stable,Body composition,Metabolic trend,"Prioritize resistance exercise, adequate protein/nutrition and reduction of central adiposity where appropriate.",Review nutrition and activity habits; confirm persistent abnormal laboratory values with an appropriate clinician.,Re-measure the leading domains in approximately 3 months and compare with the personal baseline.,No persistent adverse multidomain trend detected relative to the personal baseline.,
SA-095,Intervention Response,Baseline,0,56,Female,158.2,1.31,109.3,96.9,2.83,7.8,61.0,60.5,6.39,6927.0,34.8,4.93,4.85,8.3,1.26,1.68,2.18,4.42,0.9,0.54,21.0,47.2,69.5,27.8,88.6,33.3,27.6,5.9,0.0,0.3,0.6,0.0,0.3,Stable,Metabolic trend,Recovery / activity,Review nutrition and activity habits; confirm persistent abnormal laboratory values with an appropriate clinician.,"Prioritize sleep regularity, recovery and progressive daily physical activity.",Re-measure the leading domains in approximately 3 months and compare with the personal baseline.,No persistent adverse multidomain trend detected relative to the personal baseline.,
SA-095,Intervention Response,Month 1,1,56,Female,158.2,1.29,108.6,96.4,2.91,8.0,62.0,59.8,6.35,6821.0,34.6,4.97,4.89,8.6,1.32,1.66,2.23,4.48,0.91,0.65,21.0,47.1,69.7,27.9,89.2,33.6,27.5,6.1,6.7,5.1,6.6,3.4,5.4,Stable,Functional mobility,Metabolic trend,"Maintain or progress walking, balance and strength work; reassess mobility if decline persists.",Review nutrition and activity habits; confirm persistent abnormal laboratory values with an appropriate clinician.,Re-measure the leading domains in approximately 3 months and compare with the personal baseline.,No persistent adverse multidomain trend detected relative to the personal baseline.,
SA-095,Intervention Response,Month 3,3,56,Female,158.2,1.28,108.4,96.2,2.94,8.1,64.0,56.0,6.11,6270.0,33.3,5.08,4.97,9.3,1.47,1.61,2.35,4.63,0.95,0.89,22.0,46.5,70.3,28.1,90.6,34.4,27.3,6.5,10.7,30.0,20.7,22.8,22.5,Early multidomain change,Recovery / activity,Body composition,"Prioritize sleep regularity, recovery and progressive daily physical activity.","Prioritize resistance exercise, adequate protein/nutrition and reduction of central adiposity where appropriate.",Re-measure the leading domains in approximately 3 months and compare with the personal baseline.,"Early coordinated change is emerging, led by recovery / activity while other domains remain relatively preserved.",
SA-095,Intervention Response,Month 6,6,56,Female,158.2,1.26,107.4,95.5,3.06,8.5,65.0,52.0,5.86,5673.0,32.0,5.3,5.13,10.6,1.76,1.53,2.58,4.93,1.03,1.36,24.0,45.8,70.9,28.3,91.8,35.1,27.1,6.8,25.7,57.0,48.0,39.8,45.3,Persistent multidomain change,Recovery / activity,Metabolic trend,"Prioritize sleep regularity, recovery and progressive daily physical activity.",Review nutrition and activity habits; confirm persistent abnormal laboratory values with an appropriate clinician.,Re-measure the leading domains in approximately 3 months and compare with the personal baseline.,"Persistent change is present across multiple domains, led by recovery / activity and metabolic trend.",AI-guided preventive action plan
SA-095,Intervention Response,Month 9,9,56,Female,158.2,1.28,108.3,96.2,2.95,8.2,63.0,56.5,6.14,6339.0,33.5,5.15,5.02,9.7,1.57,1.58,2.42,4.73,0.98,1.04,23.0,46.5,70.3,28.1,90.5,34.4,27.3,6.5,11.8,26.9,29.5,21.7,24.1,Early multidomain change,Metabolic trend,Recovery / activity,Review nutrition and activity habits; confirm persistent abnormal laboratory values with an appropriate clinician.,"Prioritize sleep regularity, recovery and progressive daily physical activity.",Re-measure the leading domains in approximately 3 months and compare with the personal baseline.,"Early coordinated change is emerging, led by metabolic trend while other domains remain relatively preserved.",
SA-095,Intervention Response,Month 12,12,56,Female,158.2,1.31,109.2,96.8,2.84,7.8,62.0,60.0,6.36,6852.0,34.6,4.89,4.82,8.1,1.2,1.69,2.13,4.36,0.88,0.45,20.0,47.1,69.7,27.8,89.1,33.6,27.5,6.1,0.0,3.7,0.0,1.8,1.6,Stable,Recovery / activity,Body composition,"Prioritize sleep regularity, recovery and progressive daily physical activity.","Prioritize resistance exercise, adequate protein/nutrition and reduction of central adiposity where appropriate.",Re-measure the leading domains in approximately 3 months and compare with the personal baseline.,No persistent adverse multidomain trend detected relative to the personal baseline.,
SA-096,Intervention Response,Baseline,0,45,Female,159.9,1.1,111.7,97.2,2.37,12.4,72.0,55.6,6.68,7157.0,37.5,4.73,5.38,7.8,0.73,1.85,2.71,4.89,0.61,0.79,25.0,37.8,69.3,27.1,87.1,35.4,26.2,6.7,0.0,0.0,0.7,2.9,0.9,Stable,Body composition,Metabolic trend,"Prioritize resistance exercise, adequate protein/nutrition and reduction of central adiposity where appropriate.",Review nutrition and activity habits; confirm persistent abnormal laboratory values with an appropriate clinician.,Re-measure the leading domains in approximately 3 months and compare with the personal baseline.,No persistent adverse multidomain trend detected relative to the personal baseline.,
SA-096,Intervention Response,Month 1,1,45,Female,159.9,1.08,111.1,96.8,2.43,12.6,72.0,54.8,6.63,7034.0,37.2,4.83,5.45,8.4,0.86,1.81,2.81,5.01,0.64,0.99,26.0,37.7,69.5,27.2,87.7,35.7,26.1,6.8,5.0,4.4,12.4,10.9,8.5,Stable,Metabolic trend,Body composition,Review nutrition and activity habits; confirm persistent abnormal laboratory values with an appropriate clinician.,"Prioritize resistance exercise, adequate protein/nutrition and reduction of central adiposity where appropriate.",Re-measure the leading domains in approximately 3 months and compare with the personal baseline.,No persistent adverse multidomain trend detected relative to the personal baseline.,
SA-096,Intervention Response,Month 3,3,45,Female,159.9,1.08,110.8,96.6,2.47,12.7,74.0,50.4,6.36,6395.0,35.8,4.94,5.53,9.1,1.01,1.76,2.94,5.17,0.68,1.24,27.0,36.9,70.0,27.4,88.7,36.3,26.0,7.1,9.7,33.2,26.9,24.7,25.7,Early multidomain change,Recovery / activity,Metabolic trend,"Prioritize sleep regularity, recovery and progressive daily physical activity.",Review nutrition and activity habits; confirm persistent abnormal laboratory values with an appropriate clinician.,Re-measure the leading domains in approximately 3 months and compare with the personal baseline.,"Early coordinated change is emerging, led by recovery / activity while other domains remain relatively preserved.",
SA-096,Intervention Response,Month 6,6,45,Female,159.9,1.05,110.0,96.0,2.57,13.0,76.0,46.1,6.09,5756.0,34.3,5.1,5.65,10.1,1.23,1.7,3.11,5.39,0.74,1.6,28.0,36.2,70.6,27.6,90.1,37.0,25.7,7.5,22.6,62.1,47.6,43.9,47.3,Persistent multidomain change,Recovery / activity,Metabolic trend,"Prioritize sleep regularity, recovery and progressive daily physical activity.",Review nutrition and activity habits; confirm persistent abnormal laboratory values with an appropriate clinician.,Re-measure the leading domains in approximately 3 months and compare with the personal baseline.,"Persistent change is present across multiple domains, led by recovery / activity and metabolic trend.",AI-guided preventive action plan
SA-096,Intervention Response,Month 9,9,45,Female,159.9,1.07,110.8,96.6,2.47,12.8,74.0,51.1,6.4,6493.0,36.0,4.94,5.53,9.1,1.01,1.77,2.94,5.17,0.68,1.24,27.0,37.0,69.7,27.3,88.0,35.9,26.1,6.9,9.9,28.8,26.7,15.7,22.1,Early multidomain change,Recovery / activity,Metabolic trend,"Prioritize sleep regularity, recovery and progressive daily physical activity.",Review nutrition and activity habits; confirm persistent abnormal laboratory values with an appropriate clinician.,Re-measure the leading domains in approximately 3 months and compare with the personal baseline.,"Early coordinated change is emerging, led by recovery / activity while other domains remain relatively preserved.",
SA-096,Intervention Response,Month 12,12,45,Female,159.9,1.09,111.5,97.1,2.38,12.5,72.0,55.2,6.66,7105.0,37.4,4.72,5.37,7.7,0.71,1.85,2.7,4.87,0.6,0.77,25.0,37.8,69.1,27.0,86.8,35.2,26.3,6.6,0.0,1.2,0.0,0.0,0.4,Stable,Recovery / activity,Metabolic trend,"Prioritize sleep regularity, recovery and progressive daily physical activity.",Review nutrition and activity habits; confirm persistent abnormal laboratory values with an appropriate clinician.,Re-measure the leading domains in approximately 3 months and compare with the personal baseline.,No persistent adverse multidomain trend detected relative to the personal baseline.,
SA-097,Intervention Response,Baseline,0,69,Male,186.3,1.3,100.2,98.7,2.85,10.1,48.0,52.8,6.67,6828.0,45.6,5.08,5.12,5.5,1.07,1.25,2.03,3.76,0.82,0.91,22.0,18.6,84.9,24.5,90.1,25.8,37.6,5.6,0.0,3.5,0.0,0.0,1.0,Stable,Recovery / activity,Metabolic trend,"Prioritize sleep regularity, recovery and progressive daily physical activity.",Review nutrition and activity habits; confirm persistent abnormal laboratory values with an appropriate clinician.,Re-measure the leading domains in approximately 3 months and compare with the personal baseline.,No persistent adverse multidomain trend detected relative to the personal baseline.,
SA-097,Intervention Response,Month 1,1,69,Male,186.3,1.29,99.9,98.5,2.88,10.1,49.0,51.8,6.61,6687.0,45.3,5.18,5.2,6.2,1.22,1.21,2.14,3.91,0.86,1.14,23.0,18.4,85.5,24.6,91.4,26.6,37.4,6.0,2.1,9.9,12.1,9.0,9.1,Stable,Metabolic trend,Recovery / activity,Review nutrition and activity habits; confirm persistent abnormal laboratory values with an appropriate clinician.,"Prioritize sleep regularity, recovery and progressive daily physical activity.",Re-measure the leading domains in approximately 3 months and compare with the personal baseline.,No persistent adverse multidomain trend detected relative to the personal baseline.,
SA-097,Intervention Response,Month 3,3,69,Male,186.3,1.26,98.9,97.8,3.0,10.5,50.0,48.8,6.42,6240.0,44.3,5.23,5.23,6.5,1.29,1.19,2.2,3.98,0.88,1.25,23.0,17.9,85.9,24.7,92.3,27.1,37.3,6.3,17.6,30.1,18.5,21.7,22.6,Early multidomain change,Recovery / activity,Body composition,"Prioritize sleep regularity, recovery and progressive daily physical activity.","Prioritize resistance exercise, adequate protein/nutrition and reduction of central adiposity where appropriate.",Re-measure the leading domains in approximately 3 months and compare with the personal baseline.,"Early coordinated change is emerging, led by recovery / activity while other domains remain relatively preserved.",
SA-097,Intervention Response,Month 6,6,69,Male,186.3,1.25,98.4,97.4,3.06,10.7,52.0,45.7,6.23,5776.0,43.2,5.48,5.42,8.0,1.63,1.09,2.47,4.32,0.97,1.8,25.0,17.4,86.6,24.9,93.9,28.0,37.0,6.7,25.3,51.0,50.4,43.5,45.1,Persistent multidomain change,Recovery / activity,Metabolic trend,"Prioritize sleep regularity, recovery and progressive daily physical activity.",Review nutrition and activity habits; confirm persistent abnormal laboratory values with an appropriate clinician.,Re-measure the leading domains in approximately 3 months and compare with the personal baseline.,"Persistent change is present across multiple domains, led by recovery / activity and metabolic trend.",AI-guided preventive action plan
SA-097,Intervention Response,Month 9,9,69,Male,186.3,1.27,99.3,98.0,2.96,10.4,50.0,49.3,6.46,6319.0,44.4,5.24,5.24,6.5,1.3,1.19,2.21,3.99,0.88,1.27,23.0,18.0,85.9,24.8,92.5,27.2,37.3,6.3,12.1,26.4,19.6,23.6,21.5,Early multidomain change,Recovery / activity,Body composition,"Prioritize sleep regularity, recovery and progressive daily physical activity.","Prioritize resistance exercise, adequate protein/nutrition and reduction of central adiposity where appropriate.",Re-measure the leading domains in approximately 3 months and compare with the personal baseline.,"Early coordinated change is emerging, led by recovery / activity while other domains remain relatively preserved.",
SA-097,Intervention Response,Month 12,12,69,Male,186.3,1.29,99.9,98.5,2.89,10.2,48.0,53.6,6.72,6944.0,45.8,5.1,5.14,5.6,1.1,1.24,2.05,3.79,0.83,0.96,22.0,18.7,85.1,24.5,90.6,26.1,37.5,5.8,2.6,0.0,1.4,0.0,0.8,Stable,Functional mobility,Metabolic trend,"Maintain or progress walking, balance and strength work; reassess mobility if decline persists.",Review nutrition and activity habits; confirm persistent abnormal laboratory values with an appropriate clinician.,Re-measure the leading domains in approximately 3 months and compare with the personal baseline.,No persistent adverse multidomain trend detected relative to the personal baseline.,
SA-098,Intervention Response,Baseline,0,57,Male,182.7,1.34,112.4,94.8,1.93,10.5,57.0,50.2,7.66,6074.0,33.7,5.51,5.29,5.6,0.67,1.25,1.92,3.47,1.0,0.41,30.0,26.9,82.4,24.7,83.8,20.7,31.8,6.1,0.0,0.0,0.0,0.0,0.0,Stable,Recovery / activity,Metabolic trend,"Prioritize sleep regularity, recovery and progressive daily physical activity.",Review nutrition and activity habits; confirm persistent abnormal laboratory values with an appropriate clinician.,Re-measure the leading domains in approximately 3 months and compare with the personal baseline.,No persistent adverse multidomain trend detected relative to the personal baseline.,
SA-098,Intervention Response,Month 1,1,57,Male,182.7,1.33,111.9,94.4,1.99,10.7,58.0,48.3,7.55,5800.0,33.1,5.6,5.35,6.2,0.79,1.22,2.01,3.58,1.03,0.59,31.0,26.6,82.8,24.8,84.6,21.1,31.7,6.3,7.3,8.7,1.6,9.9,6.7,Stable,Body composition,Recovery / activity,"Prioritize resistance exercise, adequate protein/nutrition and reduction of central adiposity where appropriate.","Prioritize sleep regularity, recovery and progressive daily physical activity.",Re-measure the leading domains in approximately 3 months and compare with the personal baseline.,No persistent adverse multidomain trend detected relative to the personal baseline.,
SA-098,Intervention Response,Month 3,3,57,Male,182.7,1.32,111.4,94.1,2.06,10.9,59.0,45.0,7.34,5310.0,32.0,5.78,5.48,7.3,1.03,1.15,2.2,3.82,1.09,0.98,32.0,26.0,83.2,24.9,85.7,21.7,31.5,6.6,15.1,30.9,24.3,25.4,25.2,Early multidomain change,Recovery / activity,Body composition,"Prioritize sleep regularity, recovery and progressive daily physical activity.","Prioritize resistance exercise, adequate protein/nutrition and reduction of central adiposity where appropriate.",Re-measure the leading domains in approximately 3 months and compare with the personal baseline.,"Early coordinated change is emerging, led by recovery / activity while other domains remain relatively preserved.",
SA-098,Intervention Response,Month 6,6,57,Male,182.7,1.31,111.1,93.9,2.09,11.0,61.0,42.0,7.16,4868.0,31.0,5.95,5.6,8.3,1.27,1.08,2.39,4.06,1.15,1.36,34.0,25.5,83.8,25.1,87.0,22.5,31.3,7.0,19.9,50.9,46.3,44.5,43.3,Persistent multidomain change,Recovery / activity,Metabolic trend,"Prioritize sleep regularity, recovery and progressive daily physical activity.",Review nutrition and activity habits; confirm persistent abnormal laboratory values with an appropriate clinician.,Re-measure the leading domains in approximately 3 months and compare with the personal baseline.,"Persistent change is present across multiple domains, led by recovery / activity and metabolic trend.",AI-guided preventive action plan
SA-098,Intervention Response,Month 9,9,57,Male,182.7,1.32,111.6,94.2,2.04,10.8,59.0,46.0,7.4,5452.0,32.3,5.76,5.46,7.1,1.0,1.15,2.18,3.8,1.08,0.94,32.0,26.2,83.1,24.9,85.4,21.6,31.6,6.5,13.2,24.5,21.9,21.0,21.1,Early multidomain change,Recovery / activity,Metabolic trend,"Prioritize sleep regularity, recovery and progressive daily physical activity.",Review nutrition and activity habits; confirm persistent abnormal laboratory values with an appropriate clinician.,Re-measure the leading domains in approximately 3 months and compare with the personal baseline.,"Early coordinated change is emerging, led by recovery / activity while other domains remain relatively preserved.",
SA-098,Intervention Response,Month 12,12,57,Male,182.7,1.34,112.3,94.7,1.95,10.6,57.0,50.5,7.68,6120.0,33.8,5.62,5.36,6.3,0.82,1.21,2.03,3.61,1.03,0.64,31.0,26.9,82.2,24.6,83.4,20.4,31.9,6.0,2.2,0.0,4.3,0.0,1.6,Stable,Metabolic trend,Functional mobility,Review nutrition and activity habits; confirm persistent abnormal laboratory values with an appropriate clinician.,"Maintain or progress walking, balance and strength work; reassess mobility if decline persists.",Re-measure the leading domains in approximately 3 months and compare with the personal baseline.,No persistent adverse multidomain trend detected relative to the personal baseline.,
SA-099,Intervention Response,Baseline,0,64,Male,184.1,1.29,109.2,96.3,2.39,10.1,56.0,55.6,6.66,7570.0,40.2,5.13,4.72,9.0,0.85,1.65,2.39,4.43,0.87,1.9,21.0,39.9,85.8,25.3,92.3,27.5,30.1,7.6,2.4,0.1,0.2,1.5,0.8,Stable,Functional mobility,Body composition,"Maintain or progress walking, balance and strength work; reassess mobility if decline persists.","Prioritize resistance exercise, adequate protein/nutrition and reduction of central adiposity where appropriate.",Re-measure the leading domains in approximately 3 months and compare with the personal baseline.,No persistent adverse multidomain trend detected relative to the personal baseline.,
SA-099,Intervention Response,Month 1,1,64,Male,184.1,1.29,109.1,96.3,2.4,10.1,56.0,54.6,6.6,7419.0,39.9,5.17,4.75,9.2,0.91,1.64,2.44,4.49,0.89,1.99,21.0,39.7,85.9,25.3,92.4,27.6,30.0,7.6,4.4,6.9,5.9,3.6,5.4,Stable,Recovery / activity,Metabolic trend,"Prioritize sleep regularity, recovery and progressive daily physical activity.",Review nutrition and activity habits; confirm persistent abnormal laboratory values with an appropriate clinician.,Re-measure the leading domains in approximately 3 months and compare with the personal baseline.,No persistent adverse multidomain trend detected relative to the personal baseline.,
SA-099,Intervention Response,Month 3,3,64,Male,184.1,1.28,108.8,96.0,2.44,10.3,58.0,51.5,6.41,6970.0,38.9,5.35,4.89,10.4,1.16,1.56,2.64,4.73,0.96,2.39,23.0,39.2,86.5,25.5,93.9,28.4,29.8,8.0,9.5,27.2,29.1,23.5,24.2,Early multidomain change,Metabolic trend,Recovery / activity,Review nutrition and activity habits; confirm persistent abnormal laboratory values with an appropriate clinician.,"Prioritize sleep regularity, recovery and progressive daily physical activity.",Re-measure the leading domains in approximately 3 months and compare with the personal baseline.,"Early coordinated change is emerging, led by metabolic trend while other domains remain relatively preserved.",
SA-099,Intervention Response,Month 6,6,64,Male,184.1,1.25,107.7,95.3,2.57,10.6,59.0,47.6,6.17,6390.0,37.6,5.57,5.04,11.7,1.45,1.48,2.87,5.02,1.03,2.85,25.0,38.5,86.9,25.6,94.8,29.0,29.7,8.3,25.4,53.4,56.1,37.0,45.9,Persistent multidomain change,Metabolic trend,Recovery / activity,Review nutrition and activity habits; confirm persistent abnormal laboratory values with an appropriate clinician.,"Prioritize sleep regularity, recovery and progressive daily physical activity.",Re-measure the leading domains in approximately 3 months and compare with the personal baseline.,"Persistent change is present across multiple domains, led by metabolic trend and recovery / activity.",AI-guided preventive action plan
SA-099,Intervention Response,Month 9,9,64,Male,184.1,1.28,108.5,95.8,2.47,10.3,58.0,51.2,6.39,6919.0,38.8,5.32,4.86,10.1,1.11,1.58,2.6,4.69,0.94,2.31,23.0,39.2,86.3,25.5,93.4,28.1,29.9,7.9,13.5,29.5,24.5,16.8,22.4,Early multidomain change,Recovery / activity,Metabolic trend,"Prioritize sleep regularity, recovery and progressive daily physical activity.",Review nutrition and activity habits; confirm persistent abnormal laboratory values with an appropriate clinician.,Re-measure the leading domains in approximately 3 months and compare with the personal baseline.,"Early coordinated change is emerging, led by recovery / activity while other domains remain relatively preserved.",
SA-099,Intervention Response,Month 12,12,64,Male,184.1,1.3,109.5,96.6,2.35,10.0,56.0,55.7,6.67,7590.0,40.3,5.18,4.76,9.3,0.92,1.63,2.45,4.5,0.89,2.02,22.0,39.9,85.9,25.3,92.4,27.6,30.0,7.6,0.0,0.0,7.3,3.4,3.0,Stable,Metabolic trend,Body composition,Review nutrition and activity habits; confirm persistent abnormal laboratory values with an appropriate clinician.,"Prioritize resistance exercise, adequate protein/nutrition and reduction of central adiposity where appropriate.",Re-measure the leading domains in approximately 3 months and compare with the personal baseline.,No persistent adverse multidomain trend detected relative to the personal baseline.,
SA-100,Intervention Response,Baseline,0,58,Female,159.7,1.39,108.7,96.6,2.5,9.8,61.0,45.9,7.62,10333.0,41.4,5.29,5.21,5.5,1.26,1.59,1.88,4.03,0.83,0.79,19.0,41.8,84.6,33.2,90.7,28.5,25.1,6.0,0.2,1.7,0.9,4.8,2.0,Stable,Body composition,Recovery / activity,"Prioritize resistance exercise, adequate protein/nutrition and reduction of central adiposity where appropriate.","Prioritize sleep regularity, recovery and progressive daily physical activity.",Re-measure the leading domains in approximately 3 months and compare with the personal baseline.,No persistent adverse multidomain trend detected relative to the personal baseline.,
SA-100,Intervention Response,Month 1,1,58,Female,159.7,1.39,108.7,96.6,2.5,9.8,62.0,45.2,7.58,10236.0,41.2,5.35,5.25,5.8,1.33,1.57,1.94,4.11,0.85,0.91,20.0,41.7,84.7,33.2,90.8,28.6,25.1,6.0,0.3,6.1,8.2,7.0,6.1,Stable,Metabolic trend,Body composition,Review nutrition and activity habits; confirm persistent abnormal laboratory values with an appropriate clinician.,"Prioritize resistance exercise, adequate protein/nutrition and reduction of central adiposity where appropriate.",Re-measure the leading domains in approximately 3 months and compare with the personal baseline.,No persistent adverse multidomain trend detected relative to the personal baseline.,
SA-100,Intervention Response,Month 3,3,58,Female,159.7,1.37,107.9,96.0,2.61,10.1,63.0,42.2,7.39,9792.0,40.2,5.49,5.35,6.7,1.52,1.51,2.09,4.3,0.9,1.22,21.0,41.2,85.1,33.3,91.8,29.1,24.9,6.3,13.5,26.1,25.9,19.9,22.6,Early multidomain change,Recovery / activity,Metabolic trend,"Prioritize sleep regularity, recovery and progressive daily physical activity.",Review nutrition and activity habits; confirm persistent abnormal laboratory values with an appropriate clinician.,Re-measure the leading domains in approximately 3 months and compare with the personal baseline.,"Early coordinated change is emerging, led by recovery / activity while other domains remain relatively preserved.",
SA-100,Intervention Response,Month 6,6,58,Female,159.7,1.36,107.7,95.9,2.63,10.2,65.0,38.0,7.14,9175.0,38.8,5.66,5.48,7.8,1.76,1.44,2.28,4.54,0.97,1.6,23.0,40.5,85.8,33.6,93.5,30.1,24.6,6.7,16.5,54.0,48.4,43.6,44.1,Persistent multidomain change,Recovery / activity,Metabolic trend,"Prioritize sleep regularity, recovery and progressive daily physical activity.",Review nutrition and activity habits; confirm persistent abnormal laboratory values with an appropriate clinician.,Re-measure the leading domains in approximately 3 months and compare with the personal baseline.,"Persistent change is present across multiple domains, led by recovery / activity and metabolic trend.",AI-guided preventive action plan
SA-100,Intervention Response,Month 9,9,58,Female,159.7,1.37,107.9,96.1,2.6,10.1,63.0,42.2,7.39,9784.0,40.2,5.43,5.31,6.4,1.45,1.53,2.03,4.23,0.88,1.1,21.0,41.2,85.2,33.4,92.1,29.3,24.9,6.4,12.5,26.5,19.2,24.4,21.7,Early multidomain change,Recovery / activity,Body composition,"Prioritize sleep regularity, recovery and progressive daily physical activity.","Prioritize resistance exercise, adequate protein/nutrition and reduction of central adiposity where appropriate.",Re-measure the leading domains in approximately 3 months and compare with the personal baseline.,"Early coordinated change is emerging, led by recovery / activity while other domains remain relatively preserved.",
SA-100,Intervention Response,Month 12,12,58,Female,159.7,1.39,108.9,96.8,2.48,9.7,62.0,45.4,7.59,10259.0,41.3,5.28,5.2,5.4,1.25,1.59,1.87,4.02,0.83,0.77,19.0,41.7,84.4,33.1,90.2,28.2,25.2,5.8,0.0,5.0,0.0,0.0,1.5,Stable,Recovery / activity,Metabolic trend,"Prioritize sleep regularity, recovery and progressive daily physical activity.",Review nutrition and activity habits; confirm persistent abnormal laboratory values with an appropriate clinician.,Re-measure the leading domains in approximately 3 months and compare with the personal baseline.,No persistent adverse multidomain trend detected relative to the personal baseline.,
