Participant_ID,Profile,Visit,Month,Age,Sex,Intervention_marker,Gait_speed_m_s,Cadence_steps_min,Gait_symmetry_pct,Turn_time_s,Resting_HR_bpm,HRV_ms,Sleep_h,Daily_steps,Fasting_glucose_mmol_L,HbA1c_pct,Triglycerides_mmol_L,HDL_mmol_L,LDL_mmol_L,hsCRP_mg_L,BMI,Waist_cm,Body_fat_pct,BIA_Skeletal_muscle_kg,BIA_Visceral_fat_index,Overall_demo_score,Overall_flag,Function_issue_score,Physiology_issue_score,Metabolic_issue_score,Body_issue_score,Priority_1,Priority_2,Recommended_action_1,Recommended_action_2,Follow_up,SmartAging_insight
SA-001,Stable,Baseline,0,50,Female,,1.28,113.69,98.19,1.56,66,42.91,7.67,7908,5.08,5.14,0.98,1.57,3.01,0.38,25.62,81.9,25.95,26.75,6.24,0.0,Stable / monitor,0.0,0.0,0.0,0.0,Function / mobility,Recovery / activity,"Maintain or progressively build walking, balance and resistance activity; reassess function.","Prioritize regular activity, sleep consistency and recovery; investigate persistent deterioration with an appropriate professional.",Repeat camera/function assessment.,No persistent multidomain adverse pattern detected.
SA-001,Stable,Month 1,1,50,Female,,1.29,113.88,98.28,1.56,66,42.43,7.76,8035,5.09,5.14,0.99,1.58,2.96,0.37,25.39,82.51,25.85,27.1,5.95,0.0,Stable / monitor,0.0,0.0,0.0,0.0,Function / mobility,Recovery / activity,"Maintain or progressively build walking, balance and resistance activity; reassess function.","Prioritize regular activity, sleep consistency and recovery; investigate persistent deterioration with an appropriate professional.",Repeat camera/function assessment.,No persistent multidomain adverse pattern detected.
SA-001,Stable,Month 3,3,50,Female,,1.28,112.93,98.26,1.56,67,42.02,7.76,7870,5.05,5.13,0.95,1.58,2.96,0.39,25.38,82.59,25.88,26.91,6.09,1.9,Stable / monitor,1.2,5.8,0.0,0.0,Recovery / activity,Function / mobility,"Prioritize regular activity, sleep consistency and recovery; investigate persistent deterioration with an appropriate professional.","Maintain or progressively build walking, balance and resistance activity; reassess function.",Review wearable trend over the next measurement window.,No persistent multidomain adverse pattern detected.
SA-001,Stable,Month 6,6,50,Female,,1.28,113.24,98.46,1.56,66,41.85,7.69,8010,5.08,5.16,0.96,1.59,3.0,0.39,25.32,82.45,26.12,26.52,6.05,0.6,Stable / monitor,0.2,1.8,0.0,0.0,Recovery / activity,Function / mobility,"Prioritize regular activity, sleep consistency and recovery; investigate persistent deterioration with an appropriate professional.","Maintain or progressively build walking, balance and resistance activity; reassess function.",Review wearable trend over the next measurement window.,No persistent multidomain adverse pattern detected.
SA-001,Stable,Month 9,9,50,Female,,1.29,113.63,98.35,1.58,66,41.47,7.7,7877,5.05,5.15,0.93,1.58,3.03,0.36,25.35,81.26,25.4,26.42,6.06,2.1,Stable / monitor,0.8,6.7,0.0,0.0,Recovery / activity,Function / mobility,"Prioritize regular activity, sleep consistency and recovery; investigate persistent deterioration with an appropriate professional.","Maintain or progressively build walking, balance and resistance activity; reassess function.",Review wearable trend over the next measurement window.,No persistent multidomain adverse pattern detected.
SA-001,Stable,Month 12,12,50,Female,,1.28,113.89,98.19,1.56,66,42.43,7.71,7816,5.09,5.14,0.93,1.57,3.0,0.42,25.14,81.93,25.99,26.52,6.15,3.2,Stable / monitor,0.0,3.5,7.1,0.0,Metabolic trend,Recovery / activity,"Prioritize nutrition, activity and weight-management habits; confirm persistent/abnormal laboratory changes with an appropriate clinician.","Prioritize regular activity, sleep consistency and recovery; investigate persistent deterioration with an appropriate professional.",Repeat relevant laboratory measures as appropriate.,No persistent multidomain adverse pattern detected.
SA-002,Stable,Baseline,0,66,Male,,1.42,113.95,96.89,1.62,67,46.2,7.62,10405,4.93,5.27,1.08,1.28,2.67,0.69,25.52,88.08,26.75,23.46,8.18,0.0,Stable / monitor,0.0,0.0,0.0,0.0,Function / mobility,Recovery / activity,"Maintain or progressively build walking, balance and resistance activity; reassess function.","Prioritize regular activity, sleep consistency and recovery; investigate persistent deterioration with an appropriate professional.",Repeat camera/function assessment.,No persistent multidomain adverse pattern detected.
SA-002,Stable,Month 1,1,66,Male,,1.41,114.47,96.91,1.61,67,46.75,7.67,10460,4.94,5.27,1.04,1.29,2.63,0.73,25.26,87.61,26.6,24.09,8.15,0.0,Stable / monitor,0.0,0.0,0.0,0.0,Function / mobility,Recovery / activity,"Maintain or progressively build walking, balance and resistance activity; reassess function.","Prioritize regular activity, sleep consistency and recovery; investigate persistent deterioration with an appropriate professional.",Repeat camera/function assessment.,No persistent multidomain adverse pattern detected.
SA-002,Stable,Month 3,3,66,Male,,1.42,114.14,96.98,1.64,67,47.05,7.6,10521,4.95,5.27,1.06,1.31,2.59,0.71,25.27,87.9,26.79,23.48,8.06,0.3,Stable / monitor,1.9,0.0,0.0,0.0,Function / mobility,Recovery / activity,"Maintain or progressively build walking, balance and resistance activity; reassess function.","Prioritize regular activity, sleep consistency and recovery; investigate persistent deterioration with an appropriate professional.",Repeat camera/function assessment.,No persistent multidomain adverse pattern detected.
SA-002,Stable,Month 6,6,66,Male,,1.42,113.72,97.0,1.63,67,46.7,7.67,10395,4.93,5.3,1.02,1.31,2.66,0.68,25.38,87.81,26.95,23.17,8.14,0.5,Stable / monitor,1.4,0.0,0.0,1.0,Function / mobility,Body composition,"Maintain or progressively build walking, balance and resistance activity; reassess function.","Prioritize resistance exercise, activity and nutrition aimed at preserving muscle and reducing central adiposity.",Repeat camera/function assessment.,No persistent multidomain adverse pattern detected.
SA-002,Stable,Month 9,9,66,Male,,1.42,113.84,96.92,1.65,67,44.86,7.7,10431,4.97,5.31,1.07,1.31,2.59,0.69,25.1,88.28,27.02,23.15,8.11,1.6,Stable / monitor,3.8,3.2,0.0,0.1,Function / mobility,Recovery / activity,"Maintain or progressively build walking, balance and resistance activity; reassess function.","Prioritize regular activity, sleep consistency and recovery; investigate persistent deterioration with an appropriate professional.",Repeat camera/function assessment.,No persistent multidomain adverse pattern detected.
SA-002,Stable,Month 12,12,66,Male,,1.41,114.27,97.06,1.62,67,44.43,7.71,10452,4.94,5.29,1.05,1.28,2.62,0.68,25.31,87.59,26.28,24.01,8.21,1.4,Stable / monitor,0.5,4.4,0.0,0.0,Recovery / activity,Function / mobility,"Prioritize regular activity, sleep consistency and recovery; investigate persistent deterioration with an appropriate professional.","Maintain or progressively build walking, balance and resistance activity; reassess function.",Review wearable trend over the next measurement window.,No persistent multidomain adverse pattern detected.
SA-003,Stable,Baseline,0,68,Male,,1.34,108.93,95.38,1.59,59,44.95,7.11,8771,5.11,5.38,1.1,1.33,2.13,0.64,24.28,80.86,29.4,29.33,5.32,0.0,Stable / monitor,0.0,0.0,0.0,0.0,Function / mobility,Recovery / activity,"Maintain or progressively build walking, balance and resistance activity; reassess function.","Prioritize regular activity, sleep consistency and recovery; investigate persistent deterioration with an appropriate professional.",Repeat camera/function assessment.,No persistent multidomain adverse pattern detected.
SA-003,Stable,Month 1,1,68,Male,,1.33,109.18,95.45,1.58,60,45.58,7.11,8770,5.12,5.34,1.1,1.35,2.15,0.62,24.13,81.77,29.93,28.63,5.34,2.2,Stable / monitor,0.0,0.6,0.0,8.1,Body composition,Recovery / activity,"Prioritize resistance exercise, activity and nutrition aimed at preserving muscle and reducing central adiposity.","Prioritize regular activity, sleep consistency and recovery; investigate persistent deterioration with an appropriate professional.",Repeat waist/BIA under standardized conditions.,No persistent multidomain adverse pattern detected.
SA-003,Stable,Month 3,3,68,Male,,1.33,108.52,95.46,1.59,59,44.92,7.11,8637,5.18,5.38,1.09,1.33,2.13,0.62,23.78,81.05,29.22,28.62,5.34,1.4,Stable / monitor,2.1,3.2,0.0,0.6,Recovery / activity,Function / mobility,"Prioritize regular activity, sleep consistency and recovery; investigate persistent deterioration with an appropriate professional.","Maintain or progressively build walking, balance and resistance activity; reassess function.",Review wearable trend over the next measurement window.,No persistent multidomain adverse pattern detected.
SA-003,Stable,Month 6,6,68,Male,,1.33,109.36,95.5,1.58,60,44.87,7.09,8682,5.13,5.36,1.11,1.32,2.2,0.63,23.84,81.92,29.04,29.23,5.54,4.3,Stable / monitor,0.0,6.3,4.5,4.4,Recovery / activity,Metabolic trend,"Prioritize regular activity, sleep consistency and recovery; investigate persistent deterioration with an appropriate professional.","Prioritize nutrition, activity and weight-management habits; confirm persistent/abnormal laboratory changes with an appropriate clinician.",Review wearable trend over the next measurement window.,No persistent multidomain adverse pattern detected.
SA-003,Stable,Month 9,9,68,Male,,1.34,109.07,95.58,1.59,60,44.97,7.09,8768,5.13,5.38,1.08,1.33,2.17,0.7,23.81,80.93,29.0,29.55,5.16,5.1,Stable / monitor,0.0,3.9,13.1,0.0,Metabolic trend,Recovery / activity,"Prioritize nutrition, activity and weight-management habits; confirm persistent/abnormal laboratory changes with an appropriate clinician.","Prioritize regular activity, sleep consistency and recovery; investigate persistent deterioration with an appropriate professional.",Repeat relevant laboratory measures as appropriate.,No persistent multidomain adverse pattern detected.
SA-003,Stable,Month 12,12,68,Male,,1.33,108.8,95.48,1.58,60,44.99,7.06,8666,5.13,5.35,1.07,1.31,2.18,0.57,24.24,80.91,29.19,29.06,5.36,2.5,Stable / monitor,0.3,7.0,0.0,1.4,Recovery / activity,Body composition,"Prioritize regular activity, sleep consistency and recovery; investigate persistent deterioration with an appropriate professional.","Prioritize resistance exercise, activity and nutrition aimed at preserving muscle and reducing central adiposity.",Review wearable trend over the next measurement window.,No persistent multidomain adverse pattern detected.
SA-004,Stable,Baseline,0,59,Female,,1.35,105.18,96.35,1.52,66,56.65,7.37,9063,4.6,5.19,0.87,1.38,2.5,0.96,21.41,84.56,27.78,28.08,6.57,0.0,Stable / monitor,0.0,0.0,0.0,0.0,Function / mobility,Recovery / activity,"Maintain or progressively build walking, balance and resistance activity; reassess function.","Prioritize regular activity, sleep consistency and recovery; investigate persistent deterioration with an appropriate professional.",Repeat camera/function assessment.,No persistent multidomain adverse pattern detected.
SA-004,Stable,Month 1,1,59,Female,,1.36,104.75,96.34,1.52,66,56.23,7.43,8999,4.6,5.16,0.89,1.37,2.5,0.99,21.28,83.15,27.53,28.51,6.68,2.6,Stable / monitor,0.0,1.3,7.4,0.0,Metabolic trend,Recovery / activity,"Prioritize nutrition, activity and weight-management habits; confirm persistent/abnormal laboratory changes with an appropriate clinician.","Prioritize regular activity, sleep consistency and recovery; investigate persistent deterioration with an appropriate professional.",Repeat relevant laboratory measures as appropriate.,No persistent multidomain adverse pattern detected.
SA-004,Stable,Month 3,3,59,Female,,1.36,104.78,96.32,1.52,66,57.07,7.31,8861,4.63,5.16,0.86,1.37,2.53,0.97,21.21,84.56,27.86,27.69,6.6,2.6,Stable / monitor,0.0,4.6,2.5,1.9,Recovery / activity,Metabolic trend,"Prioritize regular activity, sleep consistency and recovery; investigate persistent deterioration with an appropriate professional.","Prioritize nutrition, activity and weight-management habits; confirm persistent/abnormal laboratory changes with an appropriate clinician.",Review wearable trend over the next measurement window.,No persistent multidomain adverse pattern detected.
SA-004,Stable,Month 6,6,59,Female,,1.36,104.76,96.17,1.53,65,56.13,7.34,9041,4.59,5.16,0.9,1.38,2.53,0.95,21.14,83.77,28.38,27.07,6.76,3.9,Stable / monitor,1.0,0.1,3.7,10.3,Body composition,Metabolic trend,"Prioritize resistance exercise, activity and nutrition aimed at preserving muscle and reducing central adiposity.","Prioritize nutrition, activity and weight-management habits; confirm persistent/abnormal laboratory changes with an appropriate clinician.",Repeat waist/BIA under standardized conditions.,No persistent multidomain adverse pattern detected.
SA-004,Stable,Month 9,9,59,Female,,1.37,104.86,96.24,1.53,66,56.13,7.37,9005,4.62,5.17,0.89,1.37,2.49,0.96,21.02,84.95,28.18,27.35,6.61,3.3,Stable / monitor,0.0,3.1,3.6,5.3,Body composition,Metabolic trend,"Prioritize resistance exercise, activity and nutrition aimed at preserving muscle and reducing central adiposity.","Prioritize nutrition, activity and weight-management habits; confirm persistent/abnormal laboratory changes with an appropriate clinician.",Repeat waist/BIA under standardized conditions.,No persistent multidomain adverse pattern detected.
SA-004,Stable,Month 12,12,59,Female,,1.36,104.31,96.28,1.54,66,55.71,7.38,9094,4.57,5.19,0.89,1.36,2.51,1.0,21.33,84.8,28.17,28.14,6.67,5.3,Stable / monitor,2.9,2.4,10.2,4.2,Metabolic trend,Body composition,"Prioritize nutrition, activity and weight-management habits; confirm persistent/abnormal laboratory changes with an appropriate clinician.","Prioritize resistance exercise, activity and nutrition aimed at preserving muscle and reducing central adiposity.",Repeat relevant laboratory measures as appropriate.,No persistent multidomain adverse pattern detected.
SA-005,Stable,Baseline,0,46,Female,,1.32,108.53,97.09,1.36,53,52.74,7.27,9548,4.88,5.33,0.93,1.42,2.56,0.55,24.96,73.35,21.52,27.66,6.55,0.0,Stable / monitor,0.0,0.0,0.0,0.0,Function / mobility,Recovery / activity,"Maintain or progressively build walking, balance and resistance activity; reassess function.","Prioritize regular activity, sleep consistency and recovery; investigate persistent deterioration with an appropriate professional.",Repeat camera/function assessment.,No persistent multidomain adverse pattern detected.
SA-005,Stable,Month 1,1,46,Female,,1.32,108.36,97.32,1.36,53,52.55,7.29,9505,4.9,5.33,0.95,1.43,2.6,0.54,25.07,73.4,21.17,26.95,6.6,1.8,Stable / monitor,0.0,1.1,2.1,3.5,Body composition,Metabolic trend,"Prioritize resistance exercise, activity and nutrition aimed at preserving muscle and reducing central adiposity.","Prioritize nutrition, activity and weight-management habits; confirm persistent/abnormal laboratory changes with an appropriate clinician.",Repeat waist/BIA under standardized conditions.,No persistent multidomain adverse pattern detected.
SA-005,Stable,Month 3,3,46,Female,,1.33,108.45,97.03,1.34,53,53.57,7.29,9342,4.88,5.33,0.96,1.45,2.61,0.58,25.13,74.01,21.31,27.9,6.54,3.6,Stable / monitor,0.0,0.6,11.4,0.0,Metabolic trend,Recovery / activity,"Prioritize nutrition, activity and weight-management habits; confirm persistent/abnormal laboratory changes with an appropriate clinician.","Prioritize regular activity, sleep consistency and recovery; investigate persistent deterioration with an appropriate professional.",Repeat relevant laboratory measures as appropriate.,No persistent multidomain adverse pattern detected.
SA-005,Stable,Month 6,6,46,Female,,1.32,108.39,97.25,1.34,53,52.31,7.32,9282,4.92,5.32,0.96,1.43,2.57,0.56,25.32,74.24,21.38,27.47,6.77,6.3,Stable / monitor,0.0,5.8,7.1,9.7,Body composition,Metabolic trend,"Prioritize resistance exercise, activity and nutrition aimed at preserving muscle and reducing central adiposity.","Prioritize nutrition, activity and weight-management habits; confirm persistent/abnormal laboratory changes with an appropriate clinician.",Repeat waist/BIA under standardized conditions.,No persistent multidomain adverse pattern detected.
SA-005,Stable,Month 9,9,46,Female,,1.33,108.09,97.24,1.36,53,52.9,7.22,9507,4.93,5.33,0.94,1.45,2.58,0.52,25.04,73.51,21.48,26.94,6.68,2.5,Stable / monitor,0.0,1.6,0.0,7.9,Body composition,Recovery / activity,"Prioritize resistance exercise, activity and nutrition aimed at preserving muscle and reducing central adiposity.","Prioritize regular activity, sleep consistency and recovery; investigate persistent deterioration with an appropriate professional.",Repeat waist/BIA under standardized conditions.,No persistent multidomain adverse pattern detected.
SA-005,Stable,Month 12,12,46,Female,,1.33,108.04,97.09,1.35,53,52.3,7.24,9347,4.89,5.33,0.95,1.44,2.62,0.55,25.46,75.14,21.7,26.73,6.57,6.9,Stable / monitor,0.0,6.7,4.4,14.3,Body composition,Recovery / activity,"Prioritize resistance exercise, activity and nutrition aimed at preserving muscle and reducing central adiposity.","Prioritize regular activity, sleep consistency and recovery; investigate persistent deterioration with an appropriate professional.",Repeat waist/BIA under standardized conditions.,No persistent multidomain adverse pattern detected.
SA-006,Stable,Baseline,0,61,Female,,1.34,108.74,98.23,1.67,61,39.34,7.21,8748,5.02,5.25,0.8,1.67,2.68,0.95,23.17,77.67,24.52,28.93,8.86,0.0,Stable / monitor,0.0,0.0,0.0,0.0,Function / mobility,Recovery / activity,"Maintain or progressively build walking, balance and resistance activity; reassess function.","Prioritize regular activity, sleep consistency and recovery; investigate persistent deterioration with an appropriate professional.",Repeat camera/function assessment.,No persistent multidomain adverse pattern detected.
SA-006,Stable,Month 1,1,61,Female,,1.34,108.83,98.2,1.69,62,40.61,7.31,8658,5.04,5.29,0.8,1.66,2.68,0.94,22.67,79.33,24.17,29.73,8.91,0.6,Stable / monitor,2.3,0.0,0.9,0.0,Function / mobility,Metabolic trend,"Maintain or progressively build walking, balance and resistance activity; reassess function.","Prioritize nutrition, activity and weight-management habits; confirm persistent/abnormal laboratory changes with an appropriate clinician.",Repeat camera/function assessment.,No persistent multidomain adverse pattern detected.
SA-006,Stable,Month 3,3,61,Female,,1.34,108.64,98.28,1.69,61,40.36,7.25,8689,5.04,5.26,0.79,1.68,2.67,0.89,22.91,78.31,24.72,29.74,8.81,0.4,Stable / monitor,2.5,0.0,0.0,0.0,Function / mobility,Recovery / activity,"Maintain or progressively build walking, balance and resistance activity; reassess function.","Prioritize regular activity, sleep consistency and recovery; investigate persistent deterioration with an appropriate professional.",Repeat camera/function assessment.,No persistent multidomain adverse pattern detected.
SA-006,Stable,Month 6,6,61,Female,,1.33,108.56,98.24,1.67,62,41.02,7.26,8696,5.05,5.28,0.78,1.66,2.71,0.91,23.0,78.24,24.5,29.23,8.84,0.3,Stable / monitor,1.8,0.0,0.0,0.0,Function / mobility,Recovery / activity,"Maintain or progressively build walking, balance and resistance activity; reassess function.","Prioritize regular activity, sleep consistency and recovery; investigate persistent deterioration with an appropriate professional.",Repeat camera/function assessment.,No persistent multidomain adverse pattern detected.
SA-006,Stable,Month 9,9,61,Female,,1.34,108.88,98.21,1.67,61,40.35,7.26,8614,5.03,5.28,0.81,1.66,2.7,0.9,22.99,78.11,24.71,30.08,8.86,0.0,Stable / monitor,0.0,0.0,0.0,0.0,Function / mobility,Recovery / activity,"Maintain or progressively build walking, balance and resistance activity; reassess function.","Prioritize regular activity, sleep consistency and recovery; investigate persistent deterioration with an appropriate professional.",Repeat camera/function assessment.,No persistent multidomain adverse pattern detected.
SA-006,Stable,Month 12,12,61,Female,,1.33,109.05,98.21,1.7,61,40.19,7.24,8736,5.02,5.28,0.79,1.68,2.72,0.91,22.88,77.87,24.36,29.54,8.86,0.7,Stable / monitor,4.6,0.0,0.0,0.0,Function / mobility,Recovery / activity,"Maintain or progressively build walking, balance and resistance activity; reassess function.","Prioritize regular activity, sleep consistency and recovery; investigate persistent deterioration with an appropriate professional.",Repeat camera/function assessment.,No persistent multidomain adverse pattern detected.
SA-007,Stable,Baseline,0,41,Female,,1.37,110.24,98.28,1.64,62,45.62,7.4,7777,4.68,4.97,0.89,1.41,2.66,1.09,24.01,86.25,21.77,23.26,7.15,0.0,Stable / monitor,0.0,0.0,0.0,0.0,Function / mobility,Recovery / activity,"Maintain or progressively build walking, balance and resistance activity; reassess function.","Prioritize regular activity, sleep consistency and recovery; investigate persistent deterioration with an appropriate professional.",Repeat camera/function assessment.,No persistent multidomain adverse pattern detected.
SA-007,Stable,Month 1,1,41,Female,,1.37,109.43,98.31,1.61,62,46.16,7.43,7954,4.62,4.98,0.92,1.42,2.68,1.05,23.85,85.48,21.61,23.17,7.11,0.0,Stable / monitor,0.0,0.0,0.0,0.0,Function / mobility,Recovery / activity,"Maintain or progressively build walking, balance and resistance activity; reassess function.","Prioritize regular activity, sleep consistency and recovery; investigate persistent deterioration with an appropriate professional.",Repeat camera/function assessment.,No persistent multidomain adverse pattern detected.
SA-007,Stable,Month 3,3,41,Female,,1.37,109.51,98.17,1.62,62,45.77,7.45,7798,4.68,4.98,0.9,1.43,2.77,1.06,23.98,87.17,21.79,23.13,7.26,1.8,Stable / monitor,0.0,0.0,1.7,5.0,Body composition,Metabolic trend,"Prioritize resistance exercise, activity and nutrition aimed at preserving muscle and reducing central adiposity.","Prioritize nutrition, activity and weight-management habits; confirm persistent/abnormal laboratory changes with an appropriate clinician.",Repeat waist/BIA under standardized conditions.,No persistent multidomain adverse pattern detected.
SA-007,Stable,Month 6,6,41,Female,,1.36,109.45,98.23,1.64,62,45.68,7.43,7737,4.64,5.0,0.89,1.44,2.7,1.08,23.69,86.72,21.57,23.24,7.12,0.4,Stable / monitor,3.0,0.0,0.0,0.0,Function / mobility,Recovery / activity,"Maintain or progressively build walking, balance and resistance activity; reassess function.","Prioritize regular activity, sleep consistency and recovery; investigate persistent deterioration with an appropriate professional.",Repeat camera/function assessment.,No persistent multidomain adverse pattern detected.
SA-007,Stable,Month 9,9,41,Female,,1.37,108.97,98.33,1.61,62,45.09,7.45,7768,4.68,5.0,0.91,1.43,2.65,1.09,23.92,85.85,21.53,22.84,7.07,0.8,Stable / monitor,0.0,1.2,1.4,0.0,Metabolic trend,Recovery / activity,"Prioritize nutrition, activity and weight-management habits; confirm persistent/abnormal laboratory changes with an appropriate clinician.","Prioritize regular activity, sleep consistency and recovery; investigate persistent deterioration with an appropriate professional.",Repeat relevant laboratory measures as appropriate.,No persistent multidomain adverse pattern detected.
SA-007,Stable,Month 12,12,41,Female,,1.37,109.45,98.27,1.62,62,45.61,7.41,7765,4.66,4.98,0.89,1.39,2.78,1.07,23.81,86.05,21.57,22.86,7.01,1.6,Stable / monitor,0.0,0.1,5.2,0.0,Metabolic trend,Recovery / activity,"Prioritize nutrition, activity and weight-management habits; confirm persistent/abnormal laboratory changes with an appropriate clinician.","Prioritize regular activity, sleep consistency and recovery; investigate persistent deterioration with an appropriate professional.",Repeat relevant laboratory measures as appropriate.,No persistent multidomain adverse pattern detected.
SA-008,Stable,Baseline,0,54,Female,,1.36,110.01,94.87,1.41,61,42.36,7.29,8769,4.97,5.14,1.06,1.59,2.51,0.81,25.07,76.48,25.93,34.41,6.45,0.0,Stable / monitor,0.0,0.0,0.0,0.0,Function / mobility,Recovery / activity,"Maintain or progressively build walking, balance and resistance activity; reassess function.","Prioritize regular activity, sleep consistency and recovery; investigate persistent deterioration with an appropriate professional.",Repeat camera/function assessment.,No persistent multidomain adverse pattern detected.
SA-008,Stable,Month 1,1,54,Female,,1.35,110.1,95.08,1.38,61,42.26,7.29,8812,4.95,5.15,1.09,1.54,2.52,0.82,24.75,77.75,25.43,34.08,6.49,3.0,Stable / monitor,0.0,0.0,9.9,0.1,Metabolic trend,Body composition,"Prioritize nutrition, activity and weight-management habits; confirm persistent/abnormal laboratory changes with an appropriate clinician.","Prioritize resistance exercise, activity and nutrition aimed at preserving muscle and reducing central adiposity.",Repeat relevant laboratory measures as appropriate.,No persistent multidomain adverse pattern detected.
SA-008,Stable,Month 3,3,54,Female,,1.35,109.93,95.2,1.4,61,43.13,7.29,8812,4.96,5.13,1.08,1.59,2.48,0.84,24.93,77.54,25.59,34.38,6.3,1.6,Stable / monitor,0.0,0.0,5.3,0.0,Metabolic trend,Function / mobility,"Prioritize nutrition, activity and weight-management habits; confirm persistent/abnormal laboratory changes with an appropriate clinician.","Maintain or progressively build walking, balance and resistance activity; reassess function.",Repeat relevant laboratory measures as appropriate.,No persistent multidomain adverse pattern detected.
SA-008,Stable,Month 6,6,54,Female,,1.35,109.75,95.05,1.41,62,42.18,7.25,8868,4.96,5.12,1.07,1.58,2.52,0.79,24.86,77.97,25.66,34.24,6.47,1.5,Stable / monitor,1.6,3.0,0.0,1.4,Recovery / activity,Function / mobility,"Prioritize regular activity, sleep consistency and recovery; investigate persistent deterioration with an appropriate professional.","Maintain or progressively build walking, balance and resistance activity; reassess function.",Review wearable trend over the next measurement window.,No persistent multidomain adverse pattern detected.
SA-008,Stable,Month 9,9,54,Female,,1.36,110.26,95.11,1.39,61,44.19,7.25,8789,4.94,5.13,1.09,1.57,2.53,0.84,24.94,77.42,25.99,34.8,6.52,3.5,Stable / monitor,0.0,0.0,10.4,1.4,Metabolic trend,Body composition,"Prioritize nutrition, activity and weight-management habits; confirm persistent/abnormal laboratory changes with an appropriate clinician.","Prioritize resistance exercise, activity and nutrition aimed at preserving muscle and reducing central adiposity.",Repeat relevant laboratory measures as appropriate.,No persistent multidomain adverse pattern detected.
SA-008,Stable,Month 12,12,54,Female,,1.36,110.29,95.03,1.39,61,42.51,7.27,8776,4.98,5.15,1.09,1.58,2.5,0.79,25.07,77.43,26.4,34.52,6.3,0.6,Stable / monitor,0.0,0.0,1.3,0.7,Metabolic trend,Body composition,"Prioritize nutrition, activity and weight-management habits; confirm persistent/abnormal laboratory changes with an appropriate clinician.","Prioritize resistance exercise, activity and nutrition aimed at preserving muscle and reducing central adiposity.",Repeat relevant laboratory measures as appropriate.,No persistent multidomain adverse pattern detected.
SA-009,Stable,Baseline,0,46,Male,,1.21,110.09,96.82,1.53,63,49.2,7.46,9935,4.94,5.33,1.14,1.6,2.93,0.27,22.9,88.48,28.02,31.24,6.15,0.0,Stable / monitor,0.0,0.0,0.0,0.0,Function / mobility,Recovery / activity,"Maintain or progressively build walking, balance and resistance activity; reassess function.","Prioritize regular activity, sleep consistency and recovery; investigate persistent deterioration with an appropriate professional.",Repeat camera/function assessment.,No persistent multidomain adverse pattern detected.
SA-009,Stable,Month 1,1,46,Male,,1.21,110.24,96.81,1.52,63,49.57,7.49,9963,4.98,5.35,1.14,1.6,2.9,0.33,22.88,88.5,27.54,31.25,5.88,8.9,Stable / monitor,0.0,0.0,29.8,0.0,Metabolic trend,Function / mobility,"Prioritize nutrition, activity and weight-management habits; confirm persistent/abnormal laboratory changes with an appropriate clinician.","Maintain or progressively build walking, balance and resistance activity; reassess function.",Repeat relevant laboratory measures as appropriate.,No persistent multidomain adverse pattern detected.
SA-009,Stable,Month 3,3,46,Male,,1.2,109.91,96.75,1.53,63,49.89,7.54,9906,5.0,5.35,1.15,1.62,2.94,0.32,22.93,87.9,27.8,31.12,6.02,8.4,Stable / monitor,2.1,0.0,26.8,0.0,Metabolic trend,Function / mobility,"Prioritize nutrition, activity and weight-management habits; confirm persistent/abnormal laboratory changes with an appropriate clinician.","Maintain or progressively build walking, balance and resistance activity; reassess function.",Repeat relevant laboratory measures as appropriate.,No persistent multidomain adverse pattern detected.
SA-009,Stable,Month 6,6,46,Male,,1.21,110.33,96.84,1.5,63,49.13,7.5,9792,5.0,5.34,1.13,1.61,2.92,0.31,23.05,88.46,28.29,30.82,6.19,7.8,Stable / monitor,0.0,2.1,19.2,5.7,Metabolic trend,Body composition,"Prioritize nutrition, activity and weight-management habits; confirm persistent/abnormal laboratory changes with an appropriate clinician.","Prioritize resistance exercise, activity and nutrition aimed at preserving muscle and reducing central adiposity.",Repeat relevant laboratory measures as appropriate.,No persistent multidomain adverse pattern detected.
SA-009,Stable,Month 9,9,46,Male,,1.2,110.1,96.92,1.54,62,50.1,7.51,9906,4.99,5.37,1.1,1.62,2.9,0.35,23.13,88.12,28.16,31.11,6.05,10.6,Stable / monitor,2.7,0.0,34.1,0.0,Metabolic trend,Function / mobility,"Prioritize nutrition, activity and weight-management habits; confirm persistent/abnormal laboratory changes with an appropriate clinician.","Maintain or progressively build walking, balance and resistance activity; reassess function.",Repeat relevant laboratory measures as appropriate.,No persistent multidomain adverse pattern detected.
SA-009,Stable,Month 12,12,46,Male,,1.2,110.51,97.05,1.54,62,49.63,7.46,9778,5.03,5.34,1.14,1.58,2.9,0.33,23.01,87.9,27.84,30.25,6.03,10.2,Stable / monitor,1.7,0.0,32.6,0.6,Metabolic trend,Function / mobility,"Prioritize nutrition, activity and weight-management habits; confirm persistent/abnormal laboratory changes with an appropriate clinician.","Maintain or progressively build walking, balance and resistance activity; reassess function.",Repeat relevant laboratory measures as appropriate.,No persistent multidomain adverse pattern detected.
SA-010,Stable,Baseline,0,46,Male,,1.32,110.99,95.63,1.6,61,50.79,7.32,8996,4.99,5.1,0.86,1.49,1.89,0.62,23.1,82.36,29.71,31.39,6.92,0.0,Stable / monitor,0.0,0.0,0.0,0.0,Function / mobility,Recovery / activity,"Maintain or progressively build walking, balance and resistance activity; reassess function.","Prioritize regular activity, sleep consistency and recovery; investigate persistent deterioration with an appropriate professional.",Repeat camera/function assessment.,No persistent multidomain adverse pattern detected.
SA-010,Stable,Month 1,1,46,Male,,1.34,110.74,95.44,1.6,61,49.87,7.27,9017,5.05,5.08,0.88,1.5,1.88,0.61,23.06,82.55,30.03,30.96,7.07,3.3,Stable / monitor,0.0,4.5,0.4,7.5,Body composition,Recovery / activity,"Prioritize resistance exercise, activity and nutrition aimed at preserving muscle and reducing central adiposity.","Prioritize regular activity, sleep consistency and recovery; investigate persistent deterioration with an appropriate professional.",Repeat waist/BIA under standardized conditions.,No persistent multidomain adverse pattern detected.
SA-010,Stable,Month 3,3,46,Male,,1.33,110.82,95.58,1.59,60,50.08,7.32,9071,5.04,5.07,0.87,1.49,1.91,0.63,23.25,81.82,29.39,30.91,6.87,1.7,Stable / monitor,0.0,0.0,5.7,0.0,Metabolic trend,Function / mobility,"Prioritize nutrition, activity and weight-management habits; confirm persistent/abnormal laboratory changes with an appropriate clinician.","Maintain or progressively build walking, balance and resistance activity; reassess function.",Repeat relevant laboratory measures as appropriate.,No persistent multidomain adverse pattern detected.
SA-010,Stable,Month 6,6,46,Male,,1.34,110.36,95.38,1.59,61,50.86,7.3,9033,5.01,5.09,0.9,1.52,1.84,0.58,23.33,81.39,29.51,31.34,7.09,0.7,Stable / monitor,0.0,0.0,0.0,2.8,Body composition,Function / mobility,"Prioritize resistance exercise, activity and nutrition aimed at preserving muscle and reducing central adiposity.","Maintain or progressively build walking, balance and resistance activity; reassess function.",Repeat waist/BIA under standardized conditions.,No persistent multidomain adverse pattern detected.
SA-010,Stable,Month 9,9,46,Male,,1.34,110.97,95.56,1.58,60,50.31,7.25,9097,5.01,5.09,0.88,1.51,1.85,0.65,22.95,82.49,29.46,30.69,6.74,1.6,Stable / monitor,0.0,0.0,5.2,0.0,Metabolic trend,Function / mobility,"Prioritize nutrition, activity and weight-management habits; confirm persistent/abnormal laboratory changes with an appropriate clinician.","Maintain or progressively build walking, balance and resistance activity; reassess function.",Repeat relevant laboratory measures as appropriate.,No persistent multidomain adverse pattern detected.
SA-010,Stable,Month 12,12,46,Male,,1.34,110.55,95.4,1.59,60,50.44,7.32,9117,5.04,5.1,0.87,1.54,1.91,0.61,23.18,81.72,29.22,30.91,7.11,0.9,Stable / monitor,0.0,0.0,0.0,3.5,Body composition,Function / mobility,"Prioritize resistance exercise, activity and nutrition aimed at preserving muscle and reducing central adiposity.","Maintain or progressively build walking, balance and resistance activity; reassess function.",Repeat waist/BIA under standardized conditions.,No persistent multidomain adverse pattern detected.
SA-011,Stable,Baseline,0,48,Male,,1.36,114.87,98.16,1.38,65,47.24,7.37,10465,5.12,5.38,0.99,1.56,2.59,0.26,22.63,84.08,27.07,29.48,6.46,0.0,Stable / monitor,0.0,0.0,0.0,0.0,Function / mobility,Recovery / activity,"Maintain or progressively build walking, balance and resistance activity; reassess function.","Prioritize regular activity, sleep consistency and recovery; investigate persistent deterioration with an appropriate professional.",Repeat camera/function assessment.,No persistent multidomain adverse pattern detected.
SA-011,Stable,Month 1,1,48,Male,,1.37,115.28,98.18,1.37,64,47.35,7.33,10498,5.16,5.39,1.0,1.54,2.58,0.3,22.4,82.92,26.94,28.54,6.63,8.5,Stable / monitor,0.0,0.0,24.3,4.7,Metabolic trend,Body composition,"Prioritize nutrition, activity and weight-management habits; confirm persistent/abnormal laboratory changes with an appropriate clinician.","Prioritize resistance exercise, activity and nutrition aimed at preserving muscle and reducing central adiposity.",Repeat relevant laboratory measures as appropriate.,No persistent multidomain adverse pattern detected.
SA-011,Stable,Month 3,3,48,Male,,1.36,114.62,97.86,1.37,65,47.35,7.37,10423,5.16,5.38,1.0,1.55,2.57,0.3,22.69,83.92,27.42,29.46,6.74,9.2,Stable / monitor,0.0,0.3,22.7,9.2,Metabolic trend,Body composition,"Prioritize nutrition, activity and weight-management habits; confirm persistent/abnormal laboratory changes with an appropriate clinician.","Prioritize resistance exercise, activity and nutrition aimed at preserving muscle and reducing central adiposity.",Repeat relevant laboratory measures as appropriate.,No persistent multidomain adverse pattern detected.
SA-011,Stable,Month 6,6,48,Male,,1.36,114.68,98.03,1.38,65,47.42,7.29,10438,5.16,5.41,1.0,1.54,2.6,0.31,22.44,84.4,27.27,28.46,6.89,14.1,Early change,0.6,1.9,31.0,16.6,Metabolic trend,Body composition,"Prioritize nutrition, activity and weight-management habits; confirm persistent/abnormal laboratory changes with an appropriate clinician.","Prioritize resistance exercise, activity and nutrition aimed at preserving muscle and reducing central adiposity.",Repeat relevant laboratory measures as appropriate.,No persistent multidomain adverse pattern detected.
SA-011,Stable,Month 9,9,48,Male,,1.36,114.48,98.12,1.4,65,47.02,7.32,10449,5.09,5.37,0.98,1.56,2.56,0.27,22.73,84.42,26.99,28.26,6.64,4.7,Stable / monitor,3.7,2.6,1.2,12.0,Body composition,Function / mobility,"Prioritize resistance exercise, activity and nutrition aimed at preserving muscle and reducing central adiposity.","Maintain or progressively build walking, balance and resistance activity; reassess function.",Repeat waist/BIA under standardized conditions.,No persistent multidomain adverse pattern detected.
SA-011,Stable,Month 12,12,48,Male,,1.36,114.51,98.14,1.4,64,47.48,7.32,10519,5.13,5.37,1.04,1.54,2.61,0.31,22.58,85.27,26.96,28.64,6.77,14.4,Early change,3.6,0.0,35.1,13.5,Metabolic trend,Body composition,"Prioritize nutrition, activity and weight-management habits; confirm persistent/abnormal laboratory changes with an appropriate clinician.","Prioritize resistance exercise, activity and nutrition aimed at preserving muscle and reducing central adiposity.",Repeat relevant laboratory measures as appropriate.,No persistent multidomain adverse pattern detected.
SA-012,Stable,Baseline,0,65,Male,,1.29,110.54,97.44,1.56,60,52.24,7.37,7992,4.8,5.25,1.01,1.43,2.59,0.69,25.26,84.81,19.17,27.49,6.38,0.0,Stable / monitor,0.0,0.0,0.0,0.0,Function / mobility,Recovery / activity,"Maintain or progressively build walking, balance and resistance activity; reassess function.","Prioritize regular activity, sleep consistency and recovery; investigate persistent deterioration with an appropriate professional.",Repeat camera/function assessment.,No persistent multidomain adverse pattern detected.
SA-012,Stable,Month 1,1,65,Male,,1.3,111.25,97.54,1.55,60,52.44,7.43,7857,4.79,5.27,0.99,1.43,2.56,0.71,25.09,84.83,19.11,27.15,6.34,0.3,Stable / monitor,0.0,1.0,0.0,0.0,Recovery / activity,Function / mobility,"Prioritize regular activity, sleep consistency and recovery; investigate persistent deterioration with an appropriate professional.","Maintain or progressively build walking, balance and resistance activity; reassess function.",Review wearable trend over the next measurement window.,No persistent multidomain adverse pattern detected.
SA-012,Stable,Month 3,3,65,Male,,1.3,110.15,97.63,1.56,60,53.39,7.41,7991,4.8,5.25,1.0,1.44,2.53,0.74,24.83,85.3,18.99,27.49,6.35,1.3,Stable / monitor,0.0,0.0,4.3,0.0,Metabolic trend,Function / mobility,"Prioritize nutrition, activity and weight-management habits; confirm persistent/abnormal laboratory changes with an appropriate clinician.","Maintain or progressively build walking, balance and resistance activity; reassess function.",Repeat relevant laboratory measures as appropriate.,No persistent multidomain adverse pattern detected.
SA-012,Stable,Month 6,6,65,Male,,1.31,110.47,97.46,1.57,59,52.57,7.36,7985,4.79,5.25,0.97,1.43,2.61,0.73,25.05,86.36,19.17,26.64,6.31,2.2,Stable / monitor,0.0,0.0,3.2,4.8,Body composition,Metabolic trend,"Prioritize resistance exercise, activity and nutrition aimed at preserving muscle and reducing central adiposity.","Prioritize nutrition, activity and weight-management habits; confirm persistent/abnormal laboratory changes with an appropriate clinician.",Repeat waist/BIA under standardized conditions.,No persistent multidomain adverse pattern detected.
SA-012,Stable,Month 9,9,65,Male,,1.31,110.43,97.53,1.54,59,52.47,7.43,7919,4.77,5.26,0.99,1.44,2.59,0.74,25.04,86.29,19.47,27.26,6.47,3.5,Stable / monitor,0.0,0.0,5.5,7.5,Body composition,Metabolic trend,"Prioritize resistance exercise, activity and nutrition aimed at preserving muscle and reducing central adiposity.","Prioritize nutrition, activity and weight-management habits; confirm persistent/abnormal laboratory changes with an appropriate clinician.",Repeat waist/BIA under standardized conditions.,No persistent multidomain adverse pattern detected.
SA-012,Stable,Month 12,12,65,Male,,1.31,109.99,97.56,1.56,59,52.67,7.33,7816,4.82,5.27,1.0,1.45,2.59,0.75,25.27,85.53,19.62,27.32,6.34,4.3,Stable / monitor,0.0,0.5,9.5,5.2,Metabolic trend,Body composition,"Prioritize nutrition, activity and weight-management habits; confirm persistent/abnormal laboratory changes with an appropriate clinician.","Prioritize resistance exercise, activity and nutrition aimed at preserving muscle and reducing central adiposity.",Repeat relevant laboratory measures as appropriate.,No persistent multidomain adverse pattern detected.
SA-013,Stable,Baseline,0,50,Female,,1.37,109.0,97.39,1.43,62,41.23,6.81,8878,5.1,5.39,1.21,1.47,2.7,0.71,24.98,85.15,24.01,29.31,6.08,0.0,Stable / monitor,0.0,0.0,0.0,0.0,Function / mobility,Recovery / activity,"Maintain or progressively build walking, balance and resistance activity; reassess function.","Prioritize regular activity, sleep consistency and recovery; investigate persistent deterioration with an appropriate professional.",Repeat camera/function assessment.,No persistent multidomain adverse pattern detected.
SA-013,Stable,Month 1,1,50,Female,,1.36,108.92,97.5,1.45,63,42.12,6.81,8834,5.09,5.41,1.2,1.49,2.7,0.75,24.96,84.57,24.07,29.52,5.94,2.1,Stable / monitor,4.2,0.0,4.8,0.0,Metabolic trend,Function / mobility,"Prioritize nutrition, activity and weight-management habits; confirm persistent/abnormal laboratory changes with an appropriate clinician.","Maintain or progressively build walking, balance and resistance activity; reassess function.",Repeat relevant laboratory measures as appropriate.,No persistent multidomain adverse pattern detected.
SA-013,Stable,Month 3,3,50,Female,,1.37,109.37,97.27,1.44,63,40.62,6.85,8832,5.06,5.41,1.23,1.47,2.69,0.71,25.2,83.34,24.1,29.78,6.09,2.3,Stable / monitor,1.0,6.0,1.2,0.0,Recovery / activity,Metabolic trend,"Prioritize regular activity, sleep consistency and recovery; investigate persistent deterioration with an appropriate professional.","Prioritize nutrition, activity and weight-management habits; confirm persistent/abnormal laboratory changes with an appropriate clinician.",Review wearable trend over the next measurement window.,No persistent multidomain adverse pattern detected.
SA-013,Stable,Month 6,6,50,Female,,1.38,108.74,97.42,1.45,63,42.14,6.76,8924,5.1,5.42,1.22,1.47,2.74,0.73,25.16,84.29,24.27,29.49,6.3,4.1,Stable / monitor,1.8,0.0,7.6,6.1,Metabolic trend,Body composition,"Prioritize nutrition, activity and weight-management habits; confirm persistent/abnormal laboratory changes with an appropriate clinician.","Prioritize resistance exercise, activity and nutrition aimed at preserving muscle and reducing central adiposity.",Repeat relevant laboratory measures as appropriate.,No persistent multidomain adverse pattern detected.
SA-013,Stable,Month 9,9,50,Female,,1.38,108.61,97.27,1.44,62,41.49,6.82,8813,5.12,5.41,1.22,1.47,2.69,0.74,24.82,84.25,24.22,29.55,6.29,3.0,Stable / monitor,0.9,0.0,7.3,2.9,Metabolic trend,Body composition,"Prioritize nutrition, activity and weight-management habits; confirm persistent/abnormal laboratory changes with an appropriate clinician.","Prioritize resistance exercise, activity and nutrition aimed at preserving muscle and reducing central adiposity.",Repeat relevant laboratory measures as appropriate.,No persistent multidomain adverse pattern detected.
SA-013,Stable,Month 12,12,50,Female,,1.37,108.58,97.21,1.43,63,40.11,6.83,8908,5.14,5.4,1.22,1.47,2.71,0.76,24.95,84.96,24.67,29.72,5.94,6.1,Stable / monitor,1.1,7.4,12.3,0.0,Metabolic trend,Recovery / activity,"Prioritize nutrition, activity and weight-management habits; confirm persistent/abnormal laboratory changes with an appropriate clinician.","Prioritize regular activity, sleep consistency and recovery; investigate persistent deterioration with an appropriate professional.",Repeat relevant laboratory measures as appropriate.,No persistent multidomain adverse pattern detected.
SA-014,Stable,Baseline,0,67,Female,,1.38,111.52,97.29,1.43,62,51.3,7.74,8706,4.75,5.19,0.79,1.55,2.91,0.5,23.96,75.95,28.52,29.65,7.83,0.0,Stable / monitor,0.0,0.0,0.0,0.0,Function / mobility,Recovery / activity,"Maintain or progressively build walking, balance and resistance activity; reassess function.","Prioritize regular activity, sleep consistency and recovery; investigate persistent deterioration with an appropriate professional.",Repeat camera/function assessment.,No persistent multidomain adverse pattern detected.
SA-014,Stable,Month 1,1,67,Female,,1.39,111.33,97.38,1.43,63,51.74,7.82,8722,4.74,5.19,0.83,1.55,2.97,0.53,24.05,76.32,28.54,29.84,7.46,5.2,Stable / monitor,0.0,0.0,17.2,0.0,Metabolic trend,Function / mobility,"Prioritize nutrition, activity and weight-management habits; confirm persistent/abnormal laboratory changes with an appropriate clinician.","Maintain or progressively build walking, balance and resistance activity; reassess function.",Repeat relevant laboratory measures as appropriate.,No persistent multidomain adverse pattern detected.
SA-014,Stable,Month 3,3,67,Female,,1.37,111.22,97.23,1.43,62,51.21,7.79,8786,4.73,5.2,0.78,1.53,2.89,0.52,23.61,76.71,27.24,29.87,7.87,1.5,Stable / monitor,2.1,0.0,4.1,0.0,Metabolic trend,Function / mobility,"Prioritize nutrition, activity and weight-management habits; confirm persistent/abnormal laboratory changes with an appropriate clinician.","Maintain or progressively build walking, balance and resistance activity; reassess function.",Repeat relevant laboratory measures as appropriate.,No persistent multidomain adverse pattern detected.
SA-014,Stable,Month 6,6,67,Female,,1.39,111.42,97.29,1.43,62,51.69,7.76,8676,4.72,5.22,0.81,1.53,2.91,0.54,23.75,76.06,27.64,30.57,7.81,4.7,Stable / monitor,0.0,0.0,15.7,0.0,Metabolic trend,Function / mobility,"Prioritize nutrition, activity and weight-management habits; confirm persistent/abnormal laboratory changes with an appropriate clinician.","Maintain or progressively build walking, balance and resistance activity; reassess function.",Repeat relevant laboratory measures as appropriate.,No persistent multidomain adverse pattern detected.
SA-014,Stable,Month 9,9,67,Female,,1.38,111.26,97.17,1.43,63,51.12,7.76,8728,4.78,5.19,0.82,1.52,2.92,0.54,23.9,75.89,27.82,29.66,7.57,6.9,Stable / monitor,0.7,2.9,19.6,0.0,Metabolic trend,Recovery / activity,"Prioritize nutrition, activity and weight-management habits; confirm persistent/abnormal laboratory changes with an appropriate clinician.","Prioritize regular activity, sleep consistency and recovery; investigate persistent deterioration with an appropriate professional.",Repeat relevant laboratory measures as appropriate.,No persistent multidomain adverse pattern detected.
SA-014,Stable,Month 12,12,67,Female,,1.39,111.17,97.27,1.41,62,51.58,7.8,8666,4.73,5.19,0.82,1.55,2.96,0.51,23.65,76.0,28.01,29.89,7.73,2.9,Stable / monitor,0.0,0.0,9.5,0.0,Metabolic trend,Function / mobility,"Prioritize nutrition, activity and weight-management habits; confirm persistent/abnormal laboratory changes with an appropriate clinician.","Maintain or progressively build walking, balance and resistance activity; reassess function.",Repeat relevant laboratory measures as appropriate.,No persistent multidomain adverse pattern detected.
SA-015,Stable,Baseline,0,65,Female,,1.29,108.37,96.9,1.58,66,51.62,7.49,8468,4.93,5.32,1.04,1.28,2.28,0.58,24.46,79.17,25.16,28.63,6.56,0.0,Stable / monitor,0.0,0.0,0.0,0.0,Function / mobility,Recovery / activity,"Maintain or progressively build walking, balance and resistance activity; reassess function.","Prioritize regular activity, sleep consistency and recovery; investigate persistent deterioration with an appropriate professional.",Repeat camera/function assessment.,No persistent multidomain adverse pattern detected.
SA-015,Stable,Month 1,1,65,Female,,1.29,108.11,96.85,1.58,65,50.44,7.51,8397,4.93,5.33,1.03,1.26,2.22,0.48,24.42,80.07,25.58,28.0,6.39,1.8,Stable / monitor,0.6,2.7,0.0,3.6,Body composition,Recovery / activity,"Prioritize resistance exercise, activity and nutrition aimed at preserving muscle and reducing central adiposity.","Prioritize regular activity, sleep consistency and recovery; investigate persistent deterioration with an appropriate professional.",Repeat waist/BIA under standardized conditions.,No persistent multidomain adverse pattern detected.
SA-015,Stable,Month 3,3,65,Female,,1.28,108.46,97.05,1.57,65,50.91,7.48,8410,4.91,5.32,1.0,1.28,2.2,0.56,24.71,80.07,24.81,28.34,6.51,0.8,Stable / monitor,0.0,1.4,0.0,1.6,Body composition,Recovery / activity,"Prioritize resistance exercise, activity and nutrition aimed at preserving muscle and reducing central adiposity.","Prioritize regular activity, sleep consistency and recovery; investigate persistent deterioration with an appropriate professional.",Repeat waist/BIA under standardized conditions.,No persistent multidomain adverse pattern detected.
SA-015,Stable,Month 6,6,65,Female,,1.29,108.19,96.83,1.57,65,49.81,7.48,8444,4.9,5.32,1.03,1.26,2.23,0.49,24.58,80.31,24.51,27.86,6.37,1.4,Stable / monitor,0.0,4.8,0.0,0.0,Recovery / activity,Function / mobility,"Prioritize regular activity, sleep consistency and recovery; investigate persistent deterioration with an appropriate professional.","Maintain or progressively build walking, balance and resistance activity; reassess function.",Review wearable trend over the next measurement window.,No persistent multidomain adverse pattern detected.
SA-015,Stable,Month 9,9,65,Female,,1.27,108.15,96.97,1.59,66,50.63,7.51,8407,4.93,5.31,1.01,1.29,2.25,0.52,24.49,80.18,24.93,28.11,6.34,2.1,Stable / monitor,4.6,4.7,0.0,0.0,Recovery / activity,Function / mobility,"Prioritize regular activity, sleep consistency and recovery; investigate persistent deterioration with an appropriate professional.","Maintain or progressively build walking, balance and resistance activity; reassess function.",Review wearable trend over the next measurement window.,No persistent multidomain adverse pattern detected.
SA-015,Stable,Month 12,12,65,Female,,1.28,108.19,96.97,1.57,65,50.88,7.45,8360,4.9,5.31,1.01,1.28,2.25,0.5,24.74,79.53,25.16,28.38,6.4,1.2,Stable / monitor,0.5,3.5,0.0,0.1,Recovery / activity,Function / mobility,"Prioritize regular activity, sleep consistency and recovery; investigate persistent deterioration with an appropriate professional.","Maintain or progressively build walking, balance and resistance activity; reassess function.",Review wearable trend over the next measurement window.,No persistent multidomain adverse pattern detected.
SA-016,Stable,Baseline,0,63,Female,,1.35,113.08,97.45,1.52,67,55.33,7.73,10309,5.07,5.44,0.91,1.48,2.73,0.54,24.28,86.55,25.65,18.37,5.81,0.0,Stable / monitor,0.0,0.0,0.0,0.0,Function / mobility,Recovery / activity,"Maintain or progressively build walking, balance and resistance activity; reassess function.","Prioritize regular activity, sleep consistency and recovery; investigate persistent deterioration with an appropriate professional.",Repeat camera/function assessment.,No persistent multidomain adverse pattern detected.
SA-016,Stable,Month 1,1,63,Female,,1.36,112.24,97.53,1.52,66,55.27,7.74,10282,5.1,5.43,0.9,1.49,2.74,0.5,24.42,86.41,25.62,18.48,5.92,0.6,Stable / monitor,0.0,0.0,0.0,2.5,Body composition,Function / mobility,"Prioritize resistance exercise, activity and nutrition aimed at preserving muscle and reducing central adiposity.","Maintain or progressively build walking, balance and resistance activity; reassess function.",Repeat waist/BIA under standardized conditions.,No persistent multidomain adverse pattern detected.
SA-016,Stable,Month 3,3,63,Female,,1.36,112.82,97.3,1.5,66,55.36,7.73,10316,5.08,5.45,0.91,1.47,2.74,0.54,24.69,87.15,25.04,18.64,5.83,0.6,Stable / monitor,0.0,0.0,1.9,0.0,Metabolic trend,Function / mobility,"Prioritize nutrition, activity and weight-management habits; confirm persistent/abnormal laboratory changes with an appropriate clinician.","Maintain or progressively build walking, balance and resistance activity; reassess function.",Repeat relevant laboratory measures as appropriate.,No persistent multidomain adverse pattern detected.
SA-016,Stable,Month 6,6,63,Female,,1.36,112.57,97.45,1.53,66,55.82,7.73,10291,5.06,5.43,0.93,1.49,2.74,0.53,24.31,87.05,25.53,19.25,5.72,0.1,Stable / monitor,0.7,0.0,0.0,0.0,Function / mobility,Recovery / activity,"Maintain or progressively build walking, balance and resistance activity; reassess function.","Prioritize regular activity, sleep consistency and recovery; investigate persistent deterioration with an appropriate professional.",Repeat camera/function assessment.,No persistent multidomain adverse pattern detected.
SA-016,Stable,Month 9,9,63,Female,,1.34,113.31,97.37,1.52,67,55.71,7.76,10318,5.07,5.44,0.95,1.48,2.75,0.5,24.22,87.23,26.02,18.32,5.75,0.7,Stable / monitor,1.2,0.0,0.0,2.0,Body composition,Function / mobility,"Prioritize resistance exercise, activity and nutrition aimed at preserving muscle and reducing central adiposity.","Maintain or progressively build walking, balance and resistance activity; reassess function.",Repeat waist/BIA under standardized conditions.,No persistent multidomain adverse pattern detected.
SA-016,Stable,Month 12,12,63,Female,,1.35,112.3,97.29,1.52,66,54.48,7.75,10234,5.07,5.45,0.91,1.5,2.79,0.52,24.22,86.48,24.93,18.45,5.63,0.6,Stable / monitor,1.7,1.0,0.0,0.0,Function / mobility,Recovery / activity,"Maintain or progressively build walking, balance and resistance activity; reassess function.","Prioritize regular activity, sleep consistency and recovery; investigate persistent deterioration with an appropriate professional.",Repeat camera/function assessment.,No persistent multidomain adverse pattern detected.
SA-017,Stable,Baseline,0,55,Male,,1.36,113.83,97.43,1.56,59,45.9,6.96,8558,5.16,5.18,1.02,1.71,2.56,0.73,24.14,81.39,26.65,30.61,5.6,0.0,Stable / monitor,0.0,0.0,0.0,0.0,Function / mobility,Recovery / activity,"Maintain or progressively build walking, balance and resistance activity; reassess function.","Prioritize regular activity, sleep consistency and recovery; investigate persistent deterioration with an appropriate professional.",Repeat camera/function assessment.,No persistent multidomain adverse pattern detected.
SA-017,Stable,Month 1,1,55,Male,,1.37,114.11,97.3,1.55,58,45.09,6.99,8661,5.13,5.19,1.04,1.7,2.52,0.71,24.29,81.35,26.11,31.03,5.63,0.0,Stable / monitor,0.0,0.0,0.0,0.0,Function / mobility,Recovery / activity,"Maintain or progressively build walking, balance and resistance activity; reassess function.","Prioritize regular activity, sleep consistency and recovery; investigate persistent deterioration with an appropriate professional.",Repeat camera/function assessment.,No persistent multidomain adverse pattern detected.
SA-017,Stable,Month 3,3,55,Male,,1.36,114.03,97.19,1.53,58,45.98,6.93,8779,5.15,5.19,1.05,1.74,2.52,0.73,24.42,80.9,26.09,31.22,5.79,0.0,Stable / monitor,0.0,0.0,0.0,0.0,Function / mobility,Recovery / activity,"Maintain or progressively build walking, balance and resistance activity; reassess function.","Prioritize regular activity, sleep consistency and recovery; investigate persistent deterioration with an appropriate professional.",Repeat camera/function assessment.,No persistent multidomain adverse pattern detected.
SA-017,Stable,Month 6,6,55,Male,,1.36,113.35,97.45,1.57,58,45.68,6.92,8783,5.17,5.21,1.02,1.73,2.52,0.73,24.33,81.35,26.25,30.48,5.82,1.7,Stable / monitor,2.1,0.0,0.0,5.7,Body composition,Function / mobility,"Prioritize resistance exercise, activity and nutrition aimed at preserving muscle and reducing central adiposity.","Maintain or progressively build walking, balance and resistance activity; reassess function.",Repeat waist/BIA under standardized conditions.,No persistent multidomain adverse pattern detected.
SA-017,Stable,Month 9,9,55,Male,,1.37,114.36,97.45,1.55,58,45.52,6.93,8794,5.19,5.19,1.02,1.74,2.49,0.72,24.47,80.21,26.53,30.31,5.71,1.0,Stable / monitor,0.0,0.0,0.0,3.9,Body composition,Function / mobility,"Prioritize resistance exercise, activity and nutrition aimed at preserving muscle and reducing central adiposity.","Maintain or progressively build walking, balance and resistance activity; reassess function.",Repeat waist/BIA under standardized conditions.,No persistent multidomain adverse pattern detected.
SA-017,Stable,Month 12,12,55,Male,,1.37,113.53,97.41,1.55,58,44.81,6.93,8631,5.18,5.2,1.0,1.72,2.57,0.7,24.67,80.94,26.15,30.57,5.64,0.4,Stable / monitor,0.0,0.5,0.0,1.0,Body composition,Recovery / activity,"Prioritize resistance exercise, activity and nutrition aimed at preserving muscle and reducing central adiposity.","Prioritize regular activity, sleep consistency and recovery; investigate persistent deterioration with an appropriate professional.",Repeat waist/BIA under standardized conditions.,No persistent multidomain adverse pattern detected.
SA-018,Stable,Baseline,0,45,Male,,1.34,112.34,99.12,1.5,65,50.18,7.3,7705,4.87,5.18,1.15,1.77,2.51,0.64,24.13,85.84,23.51,33.21,4.35,0.0,Stable / monitor,0.0,0.0,0.0,0.0,Function / mobility,Recovery / activity,"Maintain or progressively build walking, balance and resistance activity; reassess function.","Prioritize regular activity, sleep consistency and recovery; investigate persistent deterioration with an appropriate professional.",Repeat camera/function assessment.,No persistent multidomain adverse pattern detected.
SA-018,Stable,Month 1,1,45,Male,,1.34,111.87,98.8,1.49,64,51.08,7.26,7656,4.87,5.18,1.09,1.78,2.49,0.66,24.41,84.68,23.91,33.66,4.31,0.0,Stable / monitor,0.1,0.0,0.0,0.0,Function / mobility,Recovery / activity,"Maintain or progressively build walking, balance and resistance activity; reassess function.","Prioritize regular activity, sleep consistency and recovery; investigate persistent deterioration with an appropriate professional.",Repeat camera/function assessment.,No persistent multidomain adverse pattern detected.
SA-018,Stable,Month 3,3,45,Male,,1.35,111.38,98.88,1.5,64,51.42,7.28,7762,4.89,5.18,1.11,1.77,2.51,0.65,24.24,85.83,23.82,32.96,4.17,0.1,Stable / monitor,0.7,0.0,0.0,0.0,Function / mobility,Recovery / activity,"Maintain or progressively build walking, balance and resistance activity; reassess function.","Prioritize regular activity, sleep consistency and recovery; investigate persistent deterioration with an appropriate professional.",Repeat camera/function assessment.,No persistent multidomain adverse pattern detected.
SA-018,Stable,Month 6,6,45,Male,,1.34,112.03,98.62,1.49,64,51.07,7.26,7736,4.88,5.18,1.09,1.78,2.5,0.67,24.25,85.11,24.03,33.97,4.15,0.0,Stable / monitor,0.2,0.0,0.0,0.0,Function / mobility,Recovery / activity,"Maintain or progressively build walking, balance and resistance activity; reassess function.","Prioritize regular activity, sleep consistency and recovery; investigate persistent deterioration with an appropriate professional.",Repeat camera/function assessment.,No persistent multidomain adverse pattern detected.
SA-018,Stable,Month 9,9,45,Male,,1.34,111.7,98.84,1.51,64,50.82,7.28,7665,4.92,5.18,1.12,1.77,2.49,0.6,24.23,86.01,23.55,32.82,4.25,0.4,Stable / monitor,3.0,0.0,0.0,0.0,Function / mobility,Recovery / activity,"Maintain or progressively build walking, balance and resistance activity; reassess function.","Prioritize regular activity, sleep consistency and recovery; investigate persistent deterioration with an appropriate professional.",Repeat camera/function assessment.,No persistent multidomain adverse pattern detected.
SA-018,Stable,Month 12,12,45,Male,,1.35,112.54,98.72,1.5,64,50.77,7.27,7726,4.88,5.18,1.12,1.77,2.47,0.66,24.33,85.53,24.07,33.68,4.31,0.2,Stable / monitor,0.0,0.0,0.0,0.8,Body composition,Function / mobility,"Prioritize resistance exercise, activity and nutrition aimed at preserving muscle and reducing central adiposity.","Maintain or progressively build walking, balance and resistance activity; reassess function.",Repeat waist/BIA under standardized conditions.,No persistent multidomain adverse pattern detected.
SA-019,Stable,Baseline,0,52,Male,,1.26,115.1,97.26,1.48,59,58.95,6.9,9480,4.66,5.26,0.88,1.56,1.99,0.67,22.79,89.83,23.33,30.65,8.23,0.0,Stable / monitor,0.0,0.0,0.0,0.0,Function / mobility,Recovery / activity,"Maintain or progressively build walking, balance and resistance activity; reassess function.","Prioritize regular activity, sleep consistency and recovery; investigate persistent deterioration with an appropriate professional.",Repeat camera/function assessment.,No persistent multidomain adverse pattern detected.
SA-019,Stable,Month 1,1,52,Male,,1.26,114.61,97.25,1.48,60,59.76,6.99,9457,4.6,5.25,0.85,1.55,1.97,0.67,22.7,89.35,23.01,30.49,8.31,0.1,Stable / monitor,0.9,0.0,0.0,0.0,Function / mobility,Recovery / activity,"Maintain or progressively build walking, balance and resistance activity; reassess function.","Prioritize regular activity, sleep consistency and recovery; investigate persistent deterioration with an appropriate professional.",Repeat camera/function assessment.,No persistent multidomain adverse pattern detected.
SA-019,Stable,Month 3,3,52,Male,,1.26,114.62,97.42,1.49,59,59.36,6.91,9469,4.62,5.24,0.87,1.56,1.99,0.64,22.95,88.88,23.35,30.81,8.28,0.3,Stable / monitor,1.9,0.0,0.0,0.0,Function / mobility,Recovery / activity,"Maintain or progressively build walking, balance and resistance activity; reassess function.","Prioritize regular activity, sleep consistency and recovery; investigate persistent deterioration with an appropriate professional.",Repeat camera/function assessment.,No persistent multidomain adverse pattern detected.
SA-019,Stable,Month 6,6,52,Male,,1.26,115.01,97.35,1.46,59,59.57,7.0,9462,4.65,5.22,0.87,1.56,2.06,0.68,22.55,89.47,23.13,30.35,8.44,1.7,Stable / monitor,0.0,0.0,3.9,2.0,Metabolic trend,Body composition,"Prioritize nutrition, activity and weight-management habits; confirm persistent/abnormal laboratory changes with an appropriate clinician.","Prioritize resistance exercise, activity and nutrition aimed at preserving muscle and reducing central adiposity.",Repeat relevant laboratory measures as appropriate.,No persistent multidomain adverse pattern detected.
SA-019,Stable,Month 9,9,52,Male,,1.27,115.32,97.47,1.49,59,59.37,6.9,9494,4.62,5.25,0.84,1.57,2.05,0.63,22.66,90.4,22.84,29.98,8.31,0.5,Stable / monitor,0.0,0.0,0.0,1.8,Body composition,Function / mobility,"Prioritize resistance exercise, activity and nutrition aimed at preserving muscle and reducing central adiposity.","Maintain or progressively build walking, balance and resistance activity; reassess function.",Repeat waist/BIA under standardized conditions.,No persistent multidomain adverse pattern detected.
SA-019,Stable,Month 12,12,52,Male,,1.26,114.91,97.21,1.49,59,59.16,7.0,9553,4.62,5.23,0.84,1.57,1.98,0.65,22.6,89.74,22.61,30.34,8.61,0.9,Stable / monitor,1.8,0.0,0.0,2.6,Body composition,Function / mobility,"Prioritize resistance exercise, activity and nutrition aimed at preserving muscle and reducing central adiposity.","Maintain or progressively build walking, balance and resistance activity; reassess function.",Repeat waist/BIA under standardized conditions.,No persistent multidomain adverse pattern detected.
SA-020,Stable,Baseline,0,54,Female,,1.36,111.15,97.41,1.58,59,45.04,7.39,8263,4.71,5.29,1.05,1.52,2.77,0.5,26.67,78.07,26.15,25.31,7.99,0.0,Stable / monitor,0.0,0.0,0.0,0.0,Function / mobility,Recovery / activity,"Maintain or progressively build walking, balance and resistance activity; reassess function.","Prioritize regular activity, sleep consistency and recovery; investigate persistent deterioration with an appropriate professional.",Repeat camera/function assessment.,No persistent multidomain adverse pattern detected.
SA-020,Stable,Month 1,1,54,Female,,1.36,111.03,97.45,1.56,59,45.67,7.38,8353,4.72,5.3,1.04,1.53,2.75,0.51,26.88,78.51,25.82,25.26,7.94,0.0,Stable / monitor,0.0,0.0,0.1,0.0,Metabolic trend,Function / mobility,"Prioritize nutrition, activity and weight-management habits; confirm persistent/abnormal laboratory changes with an appropriate clinician.","Maintain or progressively build walking, balance and resistance activity; reassess function.",Repeat relevant laboratory measures as appropriate.,No persistent multidomain adverse pattern detected.
SA-020,Stable,Month 3,3,54,Female,,1.35,111.09,97.38,1.59,59,44.43,7.39,8302,4.71,5.3,1.01,1.52,2.8,0.53,26.89,78.43,26.04,25.69,7.77,2.4,Stable / monitor,2.9,1.8,4.6,0.0,Metabolic trend,Function / mobility,"Prioritize nutrition, activity and weight-management habits; confirm persistent/abnormal laboratory changes with an appropriate clinician.","Maintain or progressively build walking, balance and resistance activity; reassess function.",Repeat relevant laboratory measures as appropriate.,No persistent multidomain adverse pattern detected.
SA-020,Stable,Month 6,6,54,Female,,1.36,110.76,97.58,1.57,58,45.52,7.33,8246,4.68,5.3,1.03,1.51,2.8,0.57,26.5,79.17,26.48,24.76,7.92,6.7,Stable / monitor,0.0,0.0,17.9,5.3,Metabolic trend,Body composition,"Prioritize nutrition, activity and weight-management habits; confirm persistent/abnormal laboratory changes with an appropriate clinician.","Prioritize resistance exercise, activity and nutrition aimed at preserving muscle and reducing central adiposity.",Repeat relevant laboratory measures as appropriate.,No persistent multidomain adverse pattern detected.
SA-020,Stable,Month 9,9,54,Female,,1.35,110.78,97.33,1.59,59,45.53,7.37,8230,4.71,5.3,1.03,1.51,2.8,0.53,26.8,78.93,26.19,24.41,7.67,3.5,Stable / monitor,3.6,0.0,8.0,2.1,Metabolic trend,Function / mobility,"Prioritize nutrition, activity and weight-management habits; confirm persistent/abnormal laboratory changes with an appropriate clinician.","Maintain or progressively build walking, balance and resistance activity; reassess function.",Repeat relevant laboratory measures as appropriate.,No persistent multidomain adverse pattern detected.
SA-020,Stable,Month 12,12,54,Female,,1.35,111.23,97.39,1.59,59,45.14,7.37,8222,4.73,5.3,1.04,1.52,2.73,0.57,26.75,77.68,25.84,25.43,7.99,5.6,Stable / monitor,2.6,1.1,16.3,0.0,Metabolic trend,Function / mobility,"Prioritize nutrition, activity and weight-management habits; confirm persistent/abnormal laboratory changes with an appropriate clinician.","Maintain or progressively build walking, balance and resistance activity; reassess function.",Repeat relevant laboratory measures as appropriate.,No persistent multidomain adverse pattern detected.
SA-021,Stable,Baseline,0,58,Male,,1.42,115.03,97.76,1.38,62,49.72,7.34,8842,4.67,5.01,1.05,1.67,2.99,0.77,23.98,79.29,21.62,26.15,7.33,0.0,Stable / monitor,0.0,0.0,0.0,0.0,Function / mobility,Recovery / activity,"Maintain or progressively build walking, balance and resistance activity; reassess function.","Prioritize regular activity, sleep consistency and recovery; investigate persistent deterioration with an appropriate professional.",Repeat camera/function assessment.,No persistent multidomain adverse pattern detected.
SA-021,Stable,Month 1,1,58,Male,,1.41,115.43,97.83,1.38,62,49.58,7.38,8868,4.7,5.02,1.04,1.65,3.01,0.79,24.05,79.89,21.83,26.07,7.17,1.9,Stable / monitor,0.6,0.0,5.8,0.2,Metabolic trend,Function / mobility,"Prioritize nutrition, activity and weight-management habits; confirm persistent/abnormal laboratory changes with an appropriate clinician.","Maintain or progressively build walking, balance and resistance activity; reassess function.",Repeat relevant laboratory measures as appropriate.,No persistent multidomain adverse pattern detected.
SA-021,Stable,Month 3,3,58,Male,,1.42,114.58,97.8,1.38,62,49.28,7.31,8869,4.7,5.0,1.05,1.65,2.97,0.76,24.02,79.27,21.85,27.2,7.22,0.7,Stable / monitor,0.7,2.0,0.0,0.0,Recovery / activity,Function / mobility,"Prioritize regular activity, sleep consistency and recovery; investigate persistent deterioration with an appropriate professional.","Maintain or progressively build walking, balance and resistance activity; reassess function.",Review wearable trend over the next measurement window.,No persistent multidomain adverse pattern detected.
SA-021,Stable,Month 6,6,58,Male,,1.41,114.76,97.7,1.39,63,50.63,7.33,8852,4.71,5.02,1.03,1.65,3.02,0.77,23.66,79.55,22.1,26.12,7.16,1.1,Stable / monitor,3.4,0.0,1.8,0.0,Function / mobility,Metabolic trend,"Maintain or progressively build walking, balance and resistance activity; reassess function.","Prioritize nutrition, activity and weight-management habits; confirm persistent/abnormal laboratory changes with an appropriate clinician.",Repeat camera/function assessment.,No persistent multidomain adverse pattern detected.
SA-021,Stable,Month 9,9,58,Male,,1.41,115.06,97.74,1.39,62,49.31,7.32,8946,4.7,5.02,1.04,1.66,3.02,0.78,23.98,78.72,21.83,26.18,7.34,1.6,Stable / monitor,2.8,0.0,3.7,0.4,Metabolic trend,Function / mobility,"Prioritize nutrition, activity and weight-management habits; confirm persistent/abnormal laboratory changes with an appropriate clinician.","Maintain or progressively build walking, balance and resistance activity; reassess function.",Repeat relevant laboratory measures as appropriate.,No persistent multidomain adverse pattern detected.
SA-021,Stable,Month 12,12,58,Male,,1.42,114.88,97.89,1.38,63,50.01,7.34,8819,4.72,5.02,1.05,1.64,3.03,0.8,24.05,79.5,21.7,26.01,7.49,5.6,Stable / monitor,0.0,2.6,11.1,5.8,Metabolic trend,Body composition,"Prioritize nutrition, activity and weight-management habits; confirm persistent/abnormal laboratory changes with an appropriate clinician.","Prioritize resistance exercise, activity and nutrition aimed at preserving muscle and reducing central adiposity.",Repeat relevant laboratory measures as appropriate.,No persistent multidomain adverse pattern detected.
SA-022,Stable,Baseline,0,43,Male,,1.37,109.07,95.62,1.67,62,48.84,6.96,8691,4.9,5.07,1.12,1.41,2.49,0.82,23.45,73.92,22.52,28.44,5.63,0.0,Stable / monitor,0.0,0.0,0.0,0.0,Function / mobility,Recovery / activity,"Maintain or progressively build walking, balance and resistance activity; reassess function.","Prioritize regular activity, sleep consistency and recovery; investigate persistent deterioration with an appropriate professional.",Repeat camera/function assessment.,No persistent multidomain adverse pattern detected.
SA-022,Stable,Month 1,1,43,Male,,1.36,109.0,95.22,1.65,61,49.29,6.99,8643,4.93,5.08,1.12,1.41,2.5,0.79,23.75,72.37,23.24,28.3,5.83,2.6,Stable / monitor,0.0,0.0,0.0,10.3,Body composition,Function / mobility,"Prioritize resistance exercise, activity and nutrition aimed at preserving muscle and reducing central adiposity.","Maintain or progressively build walking, balance and resistance activity; reassess function.",Repeat waist/BIA under standardized conditions.,No persistent multidomain adverse pattern detected.
SA-022,Stable,Month 3,3,43,Male,,1.37,108.32,95.44,1.66,62,49.05,6.96,8616,4.92,5.08,1.12,1.39,2.51,0.82,24.06,74.09,23.3,28.63,5.69,4.2,Stable / monitor,0.6,0.9,3.8,10.7,Body composition,Metabolic trend,"Prioritize resistance exercise, activity and nutrition aimed at preserving muscle and reducing central adiposity.","Prioritize nutrition, activity and weight-management habits; confirm persistent/abnormal laboratory changes with an appropriate clinician.",Repeat waist/BIA under standardized conditions.,No persistent multidomain adverse pattern detected.
SA-022,Stable,Month 6,6,43,Male,,1.37,108.79,95.39,1.66,62,49.04,6.96,8686,4.91,5.08,1.11,1.38,2.5,0.8,23.79,74.39,22.62,28.38,5.7,1.6,Stable / monitor,0.0,0.0,0.0,6.4,Body composition,Function / mobility,"Prioritize resistance exercise, activity and nutrition aimed at preserving muscle and reducing central adiposity.","Maintain or progressively build walking, balance and resistance activity; reassess function.",Repeat waist/BIA under standardized conditions.,No persistent multidomain adverse pattern detected.
SA-022,Stable,Month 9,9,43,Male,,1.35,108.71,95.44,1.65,61,49.47,6.94,8620,4.91,5.09,1.11,1.38,2.45,0.79,23.95,72.75,22.99,29.2,5.83,1.6,Stable / monitor,1.6,0.0,0.0,5.6,Body composition,Function / mobility,"Prioritize resistance exercise, activity and nutrition aimed at preserving muscle and reducing central adiposity.","Maintain or progressively build walking, balance and resistance activity; reassess function.",Repeat waist/BIA under standardized conditions.,No persistent multidomain adverse pattern detected.
SA-022,Stable,Month 12,12,43,Male,,1.36,109.04,95.46,1.66,61,49.05,7.01,8618,4.93,5.09,1.12,1.37,2.48,0.8,23.9,72.64,22.94,28.15,5.71,2.3,Stable / monitor,0.7,0.0,1.3,7.2,Body composition,Metabolic trend,"Prioritize resistance exercise, activity and nutrition aimed at preserving muscle and reducing central adiposity.","Prioritize nutrition, activity and weight-management habits; confirm persistent/abnormal laboratory changes with an appropriate clinician.",Repeat waist/BIA under standardized conditions.,No persistent multidomain adverse pattern detected.
SA-023,Stable,Baseline,0,66,Female,,1.4,114.09,97.5,1.49,65,46.1,7.19,8556,4.86,5.39,1.08,1.61,2.96,0.83,23.8,78.59,24.77,27.86,4.79,0.0,Stable / monitor,0.0,0.0,0.0,0.0,Function / mobility,Recovery / activity,"Maintain or progressively build walking, balance and resistance activity; reassess function.","Prioritize regular activity, sleep consistency and recovery; investigate persistent deterioration with an appropriate professional.",Repeat camera/function assessment.,No persistent multidomain adverse pattern detected.
SA-023,Stable,Month 1,1,66,Female,,1.39,114.81,97.5,1.49,65,44.88,7.18,8575,4.87,5.4,1.09,1.59,2.97,0.86,24.07,78.75,25.3,27.69,4.96,7.2,Stable / monitor,0.2,5.1,8.7,12.2,Body composition,Metabolic trend,"Prioritize resistance exercise, activity and nutrition aimed at preserving muscle and reducing central adiposity.","Prioritize nutrition, activity and weight-management habits; confirm persistent/abnormal laboratory changes with an appropriate clinician.",Repeat waist/BIA under standardized conditions.,No persistent multidomain adverse pattern detected.
SA-023,Stable,Month 3,3,66,Female,,1.38,114.49,97.43,1.51,65,46.08,7.2,8383,4.87,5.4,1.09,1.57,2.96,0.87,24.04,78.02,24.84,28.17,4.82,5.4,Stable / monitor,5.0,3.9,11.5,0.1,Metabolic trend,Function / mobility,"Prioritize nutrition, activity and weight-management habits; confirm persistent/abnormal laboratory changes with an appropriate clinician.","Maintain or progressively build walking, balance and resistance activity; reassess function.",Repeat relevant laboratory measures as appropriate.,No persistent multidomain adverse pattern detected.
SA-023,Stable,Month 6,6,66,Female,,1.38,114.79,97.35,1.51,65,45.58,7.21,8540,4.9,5.38,1.09,1.57,2.96,0.87,23.94,78.61,25.15,28.63,4.88,5.4,Stable / monitor,4.6,2.1,11.8,2.0,Metabolic trend,Function / mobility,"Prioritize nutrition, activity and weight-management habits; confirm persistent/abnormal laboratory changes with an appropriate clinician.","Maintain or progressively build walking, balance and resistance activity; reassess function.",Repeat relevant laboratory measures as appropriate.,No persistent multidomain adverse pattern detected.
SA-023,Stable,Month 9,9,66,Female,,1.39,114.42,97.52,1.51,64,45.13,7.16,8489,4.87,5.4,1.1,1.59,2.96,0.86,23.87,78.53,25.34,28.51,4.76,4.4,Stable / monitor,3.5,3.5,9.5,0.0,Metabolic trend,Function / mobility,"Prioritize nutrition, activity and weight-management habits; confirm persistent/abnormal laboratory changes with an appropriate clinician.","Maintain or progressively build walking, balance and resistance activity; reassess function.",Repeat relevant laboratory measures as appropriate.,No persistent multidomain adverse pattern detected.
SA-023,Stable,Month 12,12,66,Female,,1.39,114.13,97.47,1.5,65,45.93,7.21,8434,4.87,5.37,1.1,1.59,2.97,0.84,24.07,77.85,25.07,28.88,5.01,4.0,Stable / monitor,2.8,3.0,6.0,3.7,Metabolic trend,Body composition,"Prioritize nutrition, activity and weight-management habits; confirm persistent/abnormal laboratory changes with an appropriate clinician.","Prioritize resistance exercise, activity and nutrition aimed at preserving muscle and reducing central adiposity.",Repeat relevant laboratory measures as appropriate.,No persistent multidomain adverse pattern detected.
SA-024,Stable,Baseline,0,52,Male,,1.3,109.13,95.97,1.51,67,51.87,7.09,9822,4.92,5.25,0.74,1.73,2.4,0.68,21.88,83.35,25.83,25.98,7.42,0.0,Stable / monitor,0.0,0.0,0.0,0.0,Function / mobility,Recovery / activity,"Maintain or progressively build walking, balance and resistance activity; reassess function.","Prioritize regular activity, sleep consistency and recovery; investigate persistent deterioration with an appropriate professional.",Repeat camera/function assessment.,No persistent multidomain adverse pattern detected.
SA-024,Stable,Month 1,1,52,Male,,1.29,109.04,95.94,1.5,66,51.48,7.1,9817,4.93,5.25,0.71,1.72,2.42,0.67,22.23,84.45,26.3,26.47,6.99,0.1,Stable / monitor,0.4,0.0,0.0,0.0,Function / mobility,Recovery / activity,"Maintain or progressively build walking, balance and resistance activity; reassess function.","Prioritize regular activity, sleep consistency and recovery; investigate persistent deterioration with an appropriate professional.",Repeat camera/function assessment.,No persistent multidomain adverse pattern detected.
SA-024,Stable,Month 3,3,52,Male,,1.3,108.78,95.96,1.5,66,51.0,7.14,9846,4.92,5.25,0.74,1.73,2.34,0.71,22.38,82.0,25.8,26.59,7.3,0.8,Stable / monitor,0.0,0.0,2.5,0.0,Metabolic trend,Function / mobility,"Prioritize nutrition, activity and weight-management habits; confirm persistent/abnormal laboratory changes with an appropriate clinician.","Maintain or progressively build walking, balance and resistance activity; reassess function.",Repeat relevant laboratory measures as appropriate.,No persistent multidomain adverse pattern detected.
SA-024,Stable,Month 6,6,52,Male,,1.28,108.88,95.93,1.52,66,51.87,7.11,9936,4.93,5.26,0.73,1.73,2.43,0.68,22.47,83.54,25.88,26.4,7.3,0.9,Stable / monitor,4.9,0.0,0.4,0.0,Function / mobility,Metabolic trend,"Maintain or progressively build walking, balance and resistance activity; reassess function.","Prioritize nutrition, activity and weight-management habits; confirm persistent/abnormal laboratory changes with an appropriate clinician.",Repeat camera/function assessment.,No persistent multidomain adverse pattern detected.
SA-024,Stable,Month 9,9,52,Male,,1.29,109.05,95.83,1.52,65,50.43,7.14,9838,4.91,5.26,0.73,1.74,2.43,0.7,22.32,83.8,25.57,25.93,7.19,1.4,Stable / monitor,3.3,0.0,3.0,0.0,Function / mobility,Metabolic trend,"Maintain or progressively build walking, balance and resistance activity; reassess function.","Prioritize nutrition, activity and weight-management habits; confirm persistent/abnormal laboratory changes with an appropriate clinician.",Repeat camera/function assessment.,No persistent multidomain adverse pattern detected.
SA-024,Stable,Month 12,12,52,Male,,1.29,109.02,95.84,1.53,67,51.13,7.08,9701,4.93,5.24,0.75,1.72,2.41,0.71,22.2,84.37,26.1,26.39,7.28,5.2,Stable / monitor,4.7,5.6,9.0,0.4,Metabolic trend,Recovery / activity,"Prioritize nutrition, activity and weight-management habits; confirm persistent/abnormal laboratory changes with an appropriate clinician.","Prioritize regular activity, sleep consistency and recovery; investigate persistent deterioration with an appropriate professional.",Repeat relevant laboratory measures as appropriate.,No persistent multidomain adverse pattern detected.
SA-025,Stable,Baseline,0,53,Female,,1.37,113.95,96.12,1.39,66,51.98,7.5,8877,5.0,5.21,0.95,1.64,2.57,0.89,25.74,83.58,25.64,37.65,7.45,0.0,Stable / monitor,0.0,0.0,0.0,0.0,Function / mobility,Recovery / activity,"Maintain or progressively build walking, balance and resistance activity; reassess function.","Prioritize regular activity, sleep consistency and recovery; investigate persistent deterioration with an appropriate professional.",Repeat camera/function assessment.,No persistent multidomain adverse pattern detected.
SA-025,Stable,Month 1,1,53,Female,,1.37,113.89,96.6,1.38,66,51.65,7.55,8830,5.0,5.2,0.97,1.64,2.57,0.87,25.9,83.15,25.69,36.84,7.37,0.9,Stable / monitor,0.0,1.0,0.0,2.2,Body composition,Recovery / activity,"Prioritize resistance exercise, activity and nutrition aimed at preserving muscle and reducing central adiposity.","Prioritize regular activity, sleep consistency and recovery; investigate persistent deterioration with an appropriate professional.",Repeat waist/BIA under standardized conditions.,No persistent multidomain adverse pattern detected.
SA-025,Stable,Month 3,3,53,Female,,1.36,113.81,96.25,1.4,65,51.89,7.55,8960,5.01,5.2,0.98,1.64,2.49,0.89,25.98,83.41,25.61,38.23,7.19,0.5,Stable / monitor,2.9,0.0,0.1,0.0,Function / mobility,Metabolic trend,"Maintain or progressively build walking, balance and resistance activity; reassess function.","Prioritize nutrition, activity and weight-management habits; confirm persistent/abnormal laboratory changes with an appropriate clinician.",Repeat camera/function assessment.,No persistent multidomain adverse pattern detected.
SA-025,Stable,Month 6,6,53,Female,,1.37,114.08,96.35,1.4,65,51.47,7.56,8906,4.95,5.19,0.97,1.64,2.57,0.9,25.81,84.05,25.75,37.93,7.41,0.9,Stable / monitor,0.7,0.0,2.5,0.0,Metabolic trend,Function / mobility,"Prioritize nutrition, activity and weight-management habits; confirm persistent/abnormal laboratory changes with an appropriate clinician.","Maintain or progressively build walking, balance and resistance activity; reassess function.",Repeat relevant laboratory measures as appropriate.,No persistent multidomain adverse pattern detected.
SA-025,Stable,Month 9,9,53,Female,,1.37,113.75,96.41,1.41,65,52.55,7.52,8693,4.99,5.23,0.95,1.65,2.56,0.9,25.67,83.77,25.66,38.11,7.38,0.5,Stable / monitor,2.6,0.0,0.4,0.0,Function / mobility,Metabolic trend,"Maintain or progressively build walking, balance and resistance activity; reassess function.","Prioritize nutrition, activity and weight-management habits; confirm persistent/abnormal laboratory changes with an appropriate clinician.",Repeat camera/function assessment.,No persistent multidomain adverse pattern detected.
SA-025,Stable,Month 12,12,53,Female,,1.37,113.77,96.31,1.41,66,53.72,7.54,8802,4.98,5.23,0.96,1.63,2.56,0.93,25.9,83.99,25.27,37.46,7.49,3.0,Stable / monitor,2.8,0.0,7.7,1.1,Metabolic trend,Function / mobility,"Prioritize nutrition, activity and weight-management habits; confirm persistent/abnormal laboratory changes with an appropriate clinician.","Maintain or progressively build walking, balance and resistance activity; reassess function.",Repeat relevant laboratory measures as appropriate.,No persistent multidomain adverse pattern detected.
SA-026,Stable,Baseline,0,60,Female,,1.36,113.76,96.92,1.33,62,51.56,7.23,8396,5.01,5.32,1.1,1.66,2.48,0.82,27.35,83.12,22.67,32.41,5.63,0.0,Stable / monitor,0.0,0.0,0.0,0.0,Function / mobility,Recovery / activity,"Maintain or progressively build walking, balance and resistance activity; reassess function.","Prioritize regular activity, sleep consistency and recovery; investigate persistent deterioration with an appropriate professional.",Repeat camera/function assessment.,No persistent multidomain adverse pattern detected.
SA-026,Stable,Month 1,1,60,Female,,1.37,113.34,96.97,1.34,62,51.26,7.16,8523,4.97,5.31,1.13,1.67,2.51,0.86,27.31,84.51,22.41,33.27,5.42,3.0,Stable / monitor,0.7,0.1,9.6,0.0,Metabolic trend,Function / mobility,"Prioritize nutrition, activity and weight-management habits; confirm persistent/abnormal laboratory changes with an appropriate clinician.","Maintain or progressively build walking, balance and resistance activity; reassess function.",Repeat relevant laboratory measures as appropriate.,No persistent multidomain adverse pattern detected.
SA-026,Stable,Month 3,3,60,Female,,1.37,113.77,96.77,1.34,62,51.93,7.18,8351,5.03,5.3,1.13,1.67,2.5,0.82,27.16,84.53,22.55,32.87,5.72,1.8,Stable / monitor,0.3,1.0,3.9,1.0,Metabolic trend,Recovery / activity,"Prioritize nutrition, activity and weight-management habits; confirm persistent/abnormal laboratory changes with an appropriate clinician.","Prioritize regular activity, sleep consistency and recovery; investigate persistent deterioration with an appropriate professional.",Repeat relevant laboratory measures as appropriate.,No persistent multidomain adverse pattern detected.
SA-026,Stable,Month 6,6,60,Female,,1.36,114.11,96.87,1.34,62,51.85,7.14,8344,5.03,5.32,1.1,1.64,2.43,0.85,27.22,84.51,22.65,32.51,5.5,2.2,Stable / monitor,1.0,2.6,4.3,0.0,Metabolic trend,Recovery / activity,"Prioritize nutrition, activity and weight-management habits; confirm persistent/abnormal laboratory changes with an appropriate clinician.","Prioritize regular activity, sleep consistency and recovery; investigate persistent deterioration with an appropriate professional.",Repeat relevant laboratory measures as appropriate.,No persistent multidomain adverse pattern detected.
SA-026,Stable,Month 9,9,60,Female,,1.37,113.98,96.96,1.35,62,50.79,7.2,8462,5.01,5.32,1.09,1.66,2.46,0.84,27.25,84.77,22.48,32.3,5.52,1.1,Stable / monitor,1.1,2.2,1.0,0.0,Recovery / activity,Function / mobility,"Prioritize regular activity, sleep consistency and recovery; investigate persistent deterioration with an appropriate professional.","Maintain or progressively build walking, balance and resistance activity; reassess function.",Review wearable trend over the next measurement window.,No persistent multidomain adverse pattern detected.
SA-026,Stable,Month 12,12,60,Female,,1.37,113.98,96.84,1.33,62,51.46,7.16,8498,5.01,5.33,1.12,1.68,2.5,0.85,27.2,83.87,22.21,32.44,5.34,2.1,Stable / monitor,0.0,0.0,7.0,0.0,Metabolic trend,Function / mobility,"Prioritize nutrition, activity and weight-management habits; confirm persistent/abnormal laboratory changes with an appropriate clinician.","Maintain or progressively build walking, balance and resistance activity; reassess function.",Repeat relevant laboratory measures as appropriate.,No persistent multidomain adverse pattern detected.
SA-027,Stable,Baseline,0,41,Male,,1.29,108.23,97.24,1.56,58,43.77,7.15,8757,4.97,5.28,0.88,1.38,2.4,0.61,21.76,83.79,18.68,27.31,6.14,0.0,Stable / monitor,0.0,0.0,0.0,0.0,Function / mobility,Recovery / activity,"Maintain or progressively build walking, balance and resistance activity; reassess function.","Prioritize regular activity, sleep consistency and recovery; investigate persistent deterioration with an appropriate professional.",Repeat camera/function assessment.,No persistent multidomain adverse pattern detected.
SA-027,Stable,Month 1,1,41,Male,,1.29,108.32,96.98,1.57,58,42.71,7.17,8818,4.97,5.25,0.87,1.36,2.44,0.67,21.99,81.82,18.86,28.26,5.96,5.6,Stable / monitor,1.7,2.9,15.0,0.0,Metabolic trend,Recovery / activity,"Prioritize nutrition, activity and weight-management habits; confirm persistent/abnormal laboratory changes with an appropriate clinician.","Prioritize regular activity, sleep consistency and recovery; investigate persistent deterioration with an appropriate professional.",Repeat relevant laboratory measures as appropriate.,No persistent multidomain adverse pattern detected.
SA-027,Stable,Month 3,3,41,Male,,1.3,107.79,97.0,1.56,58,43.0,7.18,8925,4.94,5.27,0.87,1.35,2.42,0.65,21.67,82.93,19.04,27.12,6.23,4.1,Stable / monitor,0.0,0.0,10.2,4.2,Metabolic trend,Body composition,"Prioritize nutrition, activity and weight-management habits; confirm persistent/abnormal laboratory changes with an appropriate clinician.","Prioritize resistance exercise, activity and nutrition aimed at preserving muscle and reducing central adiposity.",Repeat relevant laboratory measures as appropriate.,No persistent multidomain adverse pattern detected.
SA-027,Stable,Month 6,6,41,Male,,1.29,107.73,97.19,1.55,58,43.53,7.18,8856,4.91,5.26,0.89,1.33,2.45,0.64,21.89,81.82,19.05,26.81,6.14,4.9,Stable / monitor,0.0,0.0,13.6,3.3,Metabolic trend,Body composition,"Prioritize nutrition, activity and weight-management habits; confirm persistent/abnormal laboratory changes with an appropriate clinician.","Prioritize resistance exercise, activity and nutrition aimed at preserving muscle and reducing central adiposity.",Repeat relevant laboratory measures as appropriate.,No persistent multidomain adverse pattern detected.
SA-027,Stable,Month 9,9,41,Male,,1.29,108.28,96.91,1.58,58,42.96,7.21,8776,4.97,5.29,0.86,1.38,2.43,0.6,21.98,81.75,19.3,27.39,6.31,2.7,Stable / monitor,3.2,1.6,0.0,7.0,Body composition,Function / mobility,"Prioritize resistance exercise, activity and nutrition aimed at preserving muscle and reducing central adiposity.","Maintain or progressively build walking, balance and resistance activity; reassess function.",Repeat waist/BIA under standardized conditions.,No persistent multidomain adverse pattern detected.
SA-027,Stable,Month 12,12,41,Male,,1.3,108.29,97.24,1.56,58,43.07,7.21,8840,5.0,5.24,0.87,1.35,2.43,0.64,21.8,83.45,19.01,27.83,6.13,2.8,Stable / monitor,0.0,0.0,9.4,0.0,Metabolic trend,Function / mobility,"Prioritize nutrition, activity and weight-management habits; confirm persistent/abnormal laboratory changes with an appropriate clinician.","Maintain or progressively build walking, balance and resistance activity; reassess function.",Repeat relevant laboratory measures as appropriate.,No persistent multidomain adverse pattern detected.
SA-028,Stable,Baseline,0,54,Male,,1.39,113.15,97.85,1.39,61,46.4,7.14,8439,5.08,5.13,1.32,1.47,2.95,0.26,26.15,84.41,25.48,20.74,8.73,0.0,Stable / monitor,0.0,0.0,0.0,0.0,Function / mobility,Recovery / activity,"Maintain or progressively build walking, balance and resistance activity; reassess function.","Prioritize regular activity, sleep consistency and recovery; investigate persistent deterioration with an appropriate professional.",Repeat camera/function assessment.,No persistent multidomain adverse pattern detected.
SA-028,Stable,Month 1,1,54,Male,,1.39,113.04,97.7,1.38,61,45.04,7.06,8367,5.09,5.14,1.3,1.5,2.93,0.36,26.24,84.27,25.8,21.21,8.71,16.8,Early change,0.0,9.8,46.2,0.0,Metabolic trend,Recovery / activity,"Prioritize nutrition, activity and weight-management habits; confirm persistent/abnormal laboratory changes with an appropriate clinician.","Prioritize regular activity, sleep consistency and recovery; investigate persistent deterioration with an appropriate professional.",Repeat relevant laboratory measures as appropriate.,No persistent multidomain adverse pattern detected.
SA-028,Stable,Month 3,3,54,Male,,1.4,112.87,97.92,1.39,60,46.05,7.1,8457,5.09,5.13,1.32,1.49,2.9,0.35,26.09,84.94,25.52,20.58,8.86,13.8,Early change,0.0,0.0,42.3,4.5,Metabolic trend,Body composition,"Prioritize nutrition, activity and weight-management habits; confirm persistent/abnormal laboratory changes with an appropriate clinician.","Prioritize resistance exercise, activity and nutrition aimed at preserving muscle and reducing central adiposity.",Repeat relevant laboratory measures as appropriate.,No persistent multidomain adverse pattern detected.
SA-028,Stable,Month 6,6,54,Male,,1.4,113.33,97.71,1.39,61,45.71,7.07,8433,5.09,5.16,1.29,1.48,2.91,0.3,25.95,85.21,25.56,20.43,8.65,6.7,Stable / monitor,0.0,5.1,15.8,1.7,Metabolic trend,Recovery / activity,"Prioritize nutrition, activity and weight-management habits; confirm persistent/abnormal laboratory changes with an appropriate clinician.","Prioritize regular activity, sleep consistency and recovery; investigate persistent deterioration with an appropriate professional.",Repeat relevant laboratory measures as appropriate.,No persistent multidomain adverse pattern detected.
SA-028,Stable,Month 9,9,54,Male,,1.39,112.79,97.95,1.39,60,45.75,7.08,8434,5.13,5.14,1.31,1.48,2.94,0.34,26.13,84.8,25.52,21.23,8.71,12.5,Early change,0.4,1.3,40.2,0.0,Metabolic trend,Recovery / activity,"Prioritize nutrition, activity and weight-management habits; confirm persistent/abnormal laboratory changes with an appropriate clinician.","Prioritize regular activity, sleep consistency and recovery; investigate persistent deterioration with an appropriate professional.",Repeat relevant laboratory measures as appropriate.,No persistent multidomain adverse pattern detected.
SA-028,Stable,Month 12,12,54,Male,,1.38,113.16,97.83,1.4,61,45.78,7.08,8494,5.1,5.16,1.33,1.47,2.93,0.32,25.98,84.87,26.24,21.19,8.79,11.5,Stable / monitor,2.9,3.0,32.2,2.2,Metabolic trend,Recovery / activity,"Prioritize nutrition, activity and weight-management habits; confirm persistent/abnormal laboratory changes with an appropriate clinician.","Prioritize regular activity, sleep consistency and recovery; investigate persistent deterioration with an appropriate professional.",Repeat relevant laboratory measures as appropriate.,No persistent multidomain adverse pattern detected.
SA-029,Stable,Baseline,0,70,Female,,1.34,111.01,98.11,1.56,60,46.18,7.37,8648,4.72,5.35,1.03,1.69,2.8,0.01,24.65,79.97,25.17,24.15,5.89,0.0,Stable / monitor,0.0,0.0,0.0,0.0,Function / mobility,Recovery / activity,"Maintain or progressively build walking, balance and resistance activity; reassess function.","Prioritize regular activity, sleep consistency and recovery; investigate persistent deterioration with an appropriate professional.",Repeat camera/function assessment.,No persistent multidomain adverse pattern detected.
SA-029,Stable,Month 1,1,70,Female,,1.34,110.24,98.03,1.54,59,45.5,7.33,8609,4.75,5.34,1.02,1.65,2.79,0.01,24.23,81.1,25.48,24.68,5.73,1.1,Stable / monitor,0.0,1.6,2.0,0.0,Metabolic trend,Recovery / activity,"Prioritize nutrition, activity and weight-management habits; confirm persistent/abnormal laboratory changes with an appropriate clinician.","Prioritize regular activity, sleep consistency and recovery; investigate persistent deterioration with an appropriate professional.",Repeat relevant laboratory measures as appropriate.,No persistent multidomain adverse pattern detected.
SA-029,Stable,Month 3,3,70,Female,,1.35,110.62,98.11,1.56,59,45.41,7.35,8601,4.73,5.34,1.06,1.65,2.79,-0.04,24.46,80.48,25.83,24.56,5.74,0.5,Stable / monitor,0.0,1.6,0.0,0.0,Recovery / activity,Function / mobility,"Prioritize regular activity, sleep consistency and recovery; investigate persistent deterioration with an appropriate professional.","Maintain or progressively build walking, balance and resistance activity; reassess function.",Review wearable trend over the next measurement window.,No persistent multidomain adverse pattern detected.
SA-029,Stable,Month 6,6,70,Female,,1.34,110.26,98.16,1.55,59,44.28,7.37,8518,4.71,5.35,1.04,1.67,2.81,-0.08,24.61,80.7,25.42,24.41,5.74,2.4,Stable / monitor,0.0,7.9,0.0,0.0,Recovery / activity,Function / mobility,"Prioritize regular activity, sleep consistency and recovery; investigate persistent deterioration with an appropriate professional.","Maintain or progressively build walking, balance and resistance activity; reassess function.",Review wearable trend over the next measurement window.,No persistent multidomain adverse pattern detected.
SA-029,Stable,Month 9,9,70,Female,,1.34,109.84,98.13,1.56,59,44.91,7.35,8608,4.74,5.34,1.04,1.69,2.77,0.03,24.62,80.5,25.58,24.44,5.75,5.4,Stable / monitor,2.1,3.6,13.5,0.0,Metabolic trend,Recovery / activity,"Prioritize nutrition, activity and weight-management habits; confirm persistent/abnormal laboratory changes with an appropriate clinician.","Prioritize regular activity, sleep consistency and recovery; investigate persistent deterioration with an appropriate professional.",Repeat relevant laboratory measures as appropriate.,No persistent multidomain adverse pattern detected.
SA-029,Stable,Month 12,12,70,Female,,1.34,110.45,98.13,1.56,59,45.66,7.33,8520,4.68,5.35,1.04,1.66,2.79,0.03,24.7,80.95,25.87,24.38,5.81,6.4,Stable / monitor,1.0,3.0,15.4,3.0,Metabolic trend,Recovery / activity,"Prioritize nutrition, activity and weight-management habits; confirm persistent/abnormal laboratory changes with an appropriate clinician.","Prioritize regular activity, sleep consistency and recovery; investigate persistent deterioration with an appropriate professional.",Repeat relevant laboratory measures as appropriate.,No persistent multidomain adverse pattern detected.
SA-030,Stable,Baseline,0,54,Female,,1.31,105.84,94.83,1.65,60,52.72,7.02,8454,4.88,5.04,1.15,1.52,2.62,0.31,22.0,85.37,25.43,26.43,6.36,0.0,Stable / monitor,0.0,0.0,0.0,0.0,Function / mobility,Recovery / activity,"Maintain or progressively build walking, balance and resistance activity; reassess function.","Prioritize regular activity, sleep consistency and recovery; investigate persistent deterioration with an appropriate professional.",Repeat camera/function assessment.,No persistent multidomain adverse pattern detected.
SA-030,Stable,Month 1,1,54,Female,,1.31,106.34,94.96,1.65,60,53.3,6.99,8391,4.91,5.07,1.18,1.52,2.63,0.4,22.14,86.49,25.18,26.19,6.41,14.4,Early change,0.0,0.1,44.3,4.3,Metabolic trend,Body composition,"Prioritize nutrition, activity and weight-management habits; confirm persistent/abnormal laboratory changes with an appropriate clinician.","Prioritize resistance exercise, activity and nutrition aimed at preserving muscle and reducing central adiposity.",Repeat relevant laboratory measures as appropriate.,No persistent multidomain adverse pattern detected.
SA-030,Stable,Month 3,3,54,Female,,1.31,106.02,94.83,1.63,60,52.35,7.05,8309,4.9,5.06,1.18,1.55,2.62,0.41,22.05,86.15,25.34,27.55,6.48,14.7,Early change,0.0,4.0,44.9,0.0,Metabolic trend,Recovery / activity,"Prioritize nutrition, activity and weight-management habits; confirm persistent/abnormal laboratory changes with an appropriate clinician.","Prioritize regular activity, sleep consistency and recovery; investigate persistent deterioration with an appropriate professional.",Repeat relevant laboratory measures as appropriate.,No persistent multidomain adverse pattern detected.
SA-030,Stable,Month 6,6,54,Female,,1.31,105.89,94.97,1.66,61,52.46,6.94,8439,4.88,5.05,1.18,1.52,2.63,0.39,22.03,85.78,25.18,26.34,6.66,15.7,Early change,0.8,7.0,38.7,7.5,Metabolic trend,Body composition,"Prioritize nutrition, activity and weight-management habits; confirm persistent/abnormal laboratory changes with an appropriate clinician.","Prioritize resistance exercise, activity and nutrition aimed at preserving muscle and reducing central adiposity.",Repeat relevant laboratory measures as appropriate.,No persistent multidomain adverse pattern detected.
SA-030,Stable,Month 9,9,54,Female,,1.31,106.13,94.7,1.66,61,52.74,7.0,8296,4.91,5.03,1.16,1.5,2.64,0.38,22.14,86.35,25.49,26.62,6.47,14.0,Early change,0.9,7.6,34.6,4.8,Metabolic trend,Recovery / activity,"Prioritize nutrition, activity and weight-management habits; confirm persistent/abnormal laboratory changes with an appropriate clinician.","Prioritize regular activity, sleep consistency and recovery; investigate persistent deterioration with an appropriate professional.",Repeat relevant laboratory measures as appropriate.,No persistent multidomain adverse pattern detected.
SA-030,Stable,Month 12,12,54,Female,,1.31,106.19,94.84,1.65,60,53.11,7.02,8470,4.92,5.06,1.17,1.5,2.65,0.37,22.29,86.06,25.75,27.11,6.38,10.3,Stable / monitor,0.0,0.0,33.0,1.8,Metabolic trend,Body composition,"Prioritize nutrition, activity and weight-management habits; confirm persistent/abnormal laboratory changes with an appropriate clinician.","Prioritize resistance exercise, activity and nutrition aimed at preserving muscle and reducing central adiposity.",Repeat relevant laboratory measures as appropriate.,No persistent multidomain adverse pattern detected.
SA-031,Early Change,Baseline,0,44,Male,,1.38,109.18,96.07,1.58,62,31.05,7.27,8404,5.12,5.11,1.04,1.76,2.98,0.26,24.81,80.98,24.34,32.33,6.48,0.0,Stable / monitor,0.0,0.0,0.0,0.0,Function / mobility,Recovery / activity,"Maintain or progressively build walking, balance and resistance activity; reassess function.","Prioritize regular activity, sleep consistency and recovery; investigate persistent deterioration with an appropriate professional.",Repeat camera/function assessment.,Small changes are emerging across domains; prioritize the highest-weight issues and re-measure.
SA-031,Early Change,Month 1,1,44,Male,,1.39,108.95,95.94,1.58,63,29.84,7.26,8309,5.16,5.14,1.07,1.78,2.95,0.3,24.99,80.32,24.89,32.53,6.53,12.0,Early change,0.0,13.6,23.3,3.7,Metabolic trend,Recovery / activity,"Prioritize nutrition, activity and weight-management habits; confirm persistent/abnormal laboratory changes with an appropriate clinician.","Prioritize regular activity, sleep consistency and recovery; investigate persistent deterioration with an appropriate professional.",Repeat relevant laboratory measures as appropriate.,Small changes are emerging across domains; prioritize the highest-weight issues and re-measure.
SA-031,Early Change,Month 3,3,44,Male,,1.38,109.44,96.21,1.57,65,26.58,7.12,7803,5.11,5.12,1.07,1.77,2.99,0.27,25.22,80.4,24.59,32.13,6.6,21.5,Early change,0.0,56.9,8.7,7.1,Recovery / activity,Metabolic trend,"Prioritize regular activity, sleep consistency and recovery; investigate persistent deterioration with an appropriate professional.","Prioritize nutrition, activity and weight-management habits; confirm persistent/abnormal laboratory changes with an appropriate clinician.",Review wearable trend over the next measurement window.,Small changes are emerging across domains; prioritize the highest-weight issues and re-measure.
SA-031,Early Change,Month 6,6,44,Male,,1.39,108.78,96.18,1.55,67,21.55,6.88,7211,5.21,5.17,1.16,1.75,3.01,0.37,25.53,82.24,25.14,32.31,7.0,59.7,High demo priority,0.0,100.0,77.8,25.3,Recovery / activity,Metabolic trend,"Prioritize regular activity, sleep consistency and recovery; investigate persistent deterioration with an appropriate professional.","Prioritize nutrition, activity and weight-management habits; confirm persistent/abnormal laboratory changes with an appropriate clinician.",Review wearable trend over the next measurement window.,Small changes are emerging across domains; prioritize the highest-weight issues and re-measure.
SA-031,Early Change,Month 9,9,44,Male,,1.36,107.96,95.34,1.61,69,17.89,6.68,6233,5.3,5.23,1.23,1.7,3.07,0.49,25.42,83.17,25.19,31.94,7.15,69.7,High demo priority,10.5,100.0,100.0,32.3,Recovery / activity,Metabolic trend,"Prioritize regular activity, sleep consistency and recovery; investigate persistent deterioration with an appropriate professional.","Prioritize nutrition, activity and weight-management habits; confirm persistent/abnormal laboratory changes with an appropriate clinician.",Review wearable trend over the next measurement window.,Small changes are emerging across domains; prioritize the highest-weight issues and re-measure.
SA-031,Early Change,Month 12,12,44,Male,,1.33,106.73,94.84,1.69,70,12.77,6.41,5614,5.43,5.34,1.34,1.68,3.16,0.62,25.75,84.67,26.13,30.93,7.65,79.5,High demo priority,28.2,100.0,100.0,60.9,Recovery / activity,Metabolic trend,"Prioritize regular activity, sleep consistency and recovery; investigate persistent deterioration with an appropriate professional.","Prioritize nutrition, activity and weight-management habits; confirm persistent/abnormal laboratory changes with an appropriate clinician.",Review wearable trend over the next measurement window.,Small changes are emerging across domains; prioritize the highest-weight issues and re-measure.
SA-032,Early Change,Baseline,0,63,Male,,1.31,110.05,96.75,1.56,62,46.84,7.37,8467,4.91,5.42,1.08,1.61,2.33,1.06,24.72,83.56,26.98,29.47,6.05,0.0,Stable / monitor,0.0,0.0,0.0,0.0,Function / mobility,Recovery / activity,"Maintain or progressively build walking, balance and resistance activity; reassess function.","Prioritize regular activity, sleep consistency and recovery; investigate persistent deterioration with an appropriate professional.",Repeat camera/function assessment.,Small changes are emerging across domains; prioritize the highest-weight issues and re-measure.
SA-032,Early Change,Month 1,1,63,Male,,1.32,110.51,96.88,1.56,62,45.24,7.33,8457,4.9,5.43,1.09,1.61,2.33,1.06,24.76,83.64,26.96,29.66,5.99,2.8,Stable / monitor,0.0,8.2,1.2,0.0,Recovery / activity,Metabolic trend,"Prioritize regular activity, sleep consistency and recovery; investigate persistent deterioration with an appropriate professional.","Prioritize nutrition, activity and weight-management habits; confirm persistent/abnormal laboratory changes with an appropriate clinician.",Review wearable trend over the next measurement window.,Small changes are emerging across domains; prioritize the highest-weight issues and re-measure.
SA-032,Early Change,Month 3,3,63,Male,,1.31,109.91,96.95,1.56,64,42.29,7.24,7928,4.94,5.45,1.11,1.62,2.33,1.08,24.83,84.94,27.34,30.03,6.21,16.4,Early change,0.0,42.1,6.9,6.7,Recovery / activity,Metabolic trend,"Prioritize regular activity, sleep consistency and recovery; investigate persistent deterioration with an appropriate professional.","Prioritize nutrition, activity and weight-management habits; confirm persistent/abnormal laboratory changes with an appropriate clinician.",Review wearable trend over the next measurement window.,Small changes are emerging across domains; prioritize the highest-weight issues and re-measure.
SA-032,Early Change,Month 6,6,63,Male,,1.32,109.83,96.87,1.56,66,37.17,6.99,7121,5.03,5.51,1.13,1.58,2.37,1.19,25.49,84.89,28.55,28.77,6.24,45.2,Moderate persistent change,0.0,96.3,32.8,25.7,Recovery / activity,Metabolic trend,"Prioritize regular activity, sleep consistency and recovery; investigate persistent deterioration with an appropriate professional.","Prioritize nutrition, activity and weight-management habits; confirm persistent/abnormal laboratory changes with an appropriate clinician.",Review wearable trend over the next measurement window.,Small changes are emerging across domains; prioritize the highest-weight issues and re-measure.
SA-032,Early Change,Month 9,9,63,Male,,1.28,108.92,96.32,1.58,68,33.16,6.78,6494,5.13,5.58,1.25,1.58,2.44,1.33,25.17,86.6,28.19,28.66,6.74,63.2,High demo priority,10.1,100.0,73.6,38.6,Recovery / activity,Metabolic trend,"Prioritize regular activity, sleep consistency and recovery; investigate persistent deterioration with an appropriate professional.","Prioritize nutrition, activity and weight-management habits; confirm persistent/abnormal laboratory changes with an appropriate clinician.",Review wearable trend over the next measurement window.,Small changes are emerging across domains; prioritize the highest-weight issues and re-measure.
SA-032,Early Change,Month 12,12,63,Male,,1.26,107.17,95.5,1.65,70,27.44,6.51,5837,5.25,5.67,1.36,1.52,2.54,1.42,25.72,87.15,28.95,27.98,7.14,79.5,High demo priority,27.0,100.0,100.0,61.9,Recovery / activity,Metabolic trend,"Prioritize regular activity, sleep consistency and recovery; investigate persistent deterioration with an appropriate professional.","Prioritize nutrition, activity and weight-management habits; confirm persistent/abnormal laboratory changes with an appropriate clinician.",Review wearable trend over the next measurement window.,Small changes are emerging across domains; prioritize the highest-weight issues and re-measure.
SA-033,Early Change,Baseline,0,58,Male,,1.28,109.78,96.05,1.63,61,54.87,7.15,10076,5.1,5.4,0.8,1.53,2.91,0.7,25.98,83.07,24.57,33.36,4.73,0.0,Stable / monitor,0.0,0.0,0.0,0.0,Function / mobility,Recovery / activity,"Maintain or progressively build walking, balance and resistance activity; reassess function.","Prioritize regular activity, sleep consistency and recovery; investigate persistent deterioration with an appropriate professional.",Repeat camera/function assessment.,Small changes are emerging across domains; prioritize the highest-weight issues and re-measure.
SA-033,Early Change,Month 1,1,58,Male,,1.29,109.82,96.13,1.62,62,53.13,7.15,10146,5.12,5.4,0.76,1.51,2.88,0.72,25.62,84.42,25.02,34.0,4.74,2.6,Stable / monitor,0.0,8.2,0.0,0.6,Recovery / activity,Body composition,"Prioritize regular activity, sleep consistency and recovery; investigate persistent deterioration with an appropriate professional.","Prioritize resistance exercise, activity and nutrition aimed at preserving muscle and reducing central adiposity.",Review wearable trend over the next measurement window.,Small changes are emerging across domains; prioritize the highest-weight issues and re-measure.
SA-033,Early Change,Month 3,3,58,Male,,1.28,110.24,96.06,1.64,63,50.82,6.96,9596,5.1,5.38,0.81,1.49,2.89,0.68,25.8,84.82,24.51,34.07,5.0,12.8,Early change,0.4,36.2,0.0,7.6,Recovery / activity,Body composition,"Prioritize regular activity, sleep consistency and recovery; investigate persistent deterioration with an appropriate professional.","Prioritize resistance exercise, activity and nutrition aimed at preserving muscle and reducing central adiposity.",Review wearable trend over the next measurement window.,Small changes are emerging across domains; prioritize the highest-weight issues and re-measure.
SA-033,Early Change,Month 6,6,58,Male,,1.29,110.19,96.18,1.63,65,45.34,6.81,8938,5.17,5.46,0.86,1.48,2.95,0.73,26.08,85.8,25.59,33.76,5.15,37.8,Moderate persistent change,0.0,80.0,25.2,24.8,Recovery / activity,Metabolic trend,"Prioritize regular activity, sleep consistency and recovery; investigate persistent deterioration with an appropriate professional.","Prioritize nutrition, activity and weight-management habits; confirm persistent/abnormal laboratory changes with an appropriate clinician.",Review wearable trend over the next measurement window.,Small changes are emerging across domains; prioritize the highest-weight issues and re-measure.
SA-033,Early Change,Month 9,9,58,Male,,1.26,108.44,95.55,1.69,67,41.67,6.57,8264,5.32,5.54,0.97,1.47,3.0,0.92,26.49,86.53,25.79,32.51,5.5,70.7,High demo priority,14.0,100.0,88.8,47.9,Recovery / activity,Metabolic trend,"Prioritize regular activity, sleep consistency and recovery; investigate persistent deterioration with an appropriate professional.","Prioritize nutrition, activity and weight-management habits; confirm persistent/abnormal laboratory changes with an appropriate clinician.",Review wearable trend over the next measurement window.,Small changes are emerging across domains; prioritize the highest-weight issues and re-measure.
SA-033,Early Change,Month 12,12,58,Male,,1.24,106.89,94.61,1.72,69,35.83,6.35,7473,5.4,5.63,1.06,1.44,3.11,1.04,26.83,87.68,26.3,33.03,5.91,80.6,High demo priority,25.6,100.0,100.0,66.9,Recovery / activity,Metabolic trend,"Prioritize regular activity, sleep consistency and recovery; investigate persistent deterioration with an appropriate professional.","Prioritize nutrition, activity and weight-management habits; confirm persistent/abnormal laboratory changes with an appropriate clinician.",Review wearable trend over the next measurement window.,Small changes are emerging across domains; prioritize the highest-weight issues and re-measure.
SA-034,Early Change,Baseline,0,47,Female,,1.37,110.46,95.51,1.57,59,56.06,7.49,8637,4.9,5.26,0.83,1.27,2.53,0.59,24.71,82.56,23.6,32.53,6.47,0.0,Stable / monitor,0.0,0.0,0.0,0.0,Function / mobility,Recovery / activity,"Maintain or progressively build walking, balance and resistance activity; reassess function.","Prioritize regular activity, sleep consistency and recovery; investigate persistent deterioration with an appropriate professional.",Repeat camera/function assessment.,Small changes are emerging across domains; prioritize the highest-weight issues and re-measure.
SA-034,Early Change,Month 1,1,47,Female,,1.37,110.69,95.68,1.57,60,54.85,7.39,8569,4.92,5.27,0.85,1.25,2.47,0.63,24.68,82.89,23.05,32.93,6.53,7.2,Stable / monitor,0.0,12.0,12.0,0.0,Recovery / activity,Metabolic trend,"Prioritize regular activity, sleep consistency and recovery; investigate persistent deterioration with an appropriate professional.","Prioritize nutrition, activity and weight-management habits; confirm persistent/abnormal laboratory changes with an appropriate clinician.",Review wearable trend over the next measurement window.,Small changes are emerging across domains; prioritize the highest-weight issues and re-measure.
SA-034,Early Change,Month 3,3,47,Female,,1.38,110.35,95.42,1.56,61,51.01,7.33,8015,4.9,5.27,0.84,1.22,2.54,0.62,24.88,83.61,24.04,33.71,6.63,18.4,Early change,0.0,43.5,14.4,4.3,Recovery / activity,Metabolic trend,"Prioritize regular activity, sleep consistency and recovery; investigate persistent deterioration with an appropriate professional.","Prioritize nutrition, activity and weight-management habits; confirm persistent/abnormal laboratory changes with an appropriate clinician.",Review wearable trend over the next measurement window.,Small changes are emerging across domains; prioritize the highest-weight issues and re-measure.
SA-034,Early Change,Month 6,6,47,Female,,1.38,110.95,95.66,1.56,63,47.4,7.11,7474,4.99,5.32,0.93,1.23,2.53,0.66,25.02,84.35,24.19,32.86,7.33,43.8,Moderate persistent change,0.0,81.5,40.1,29.1,Recovery / activity,Metabolic trend,"Prioritize regular activity, sleep consistency and recovery; investigate persistent deterioration with an appropriate professional.","Prioritize nutrition, activity and weight-management habits; confirm persistent/abnormal laboratory changes with an appropriate clinician.",Review wearable trend over the next measurement window.,Small changes are emerging across domains; prioritize the highest-weight issues and re-measure.
SA-034,Early Change,Month 9,9,47,Female,,1.35,109.07,94.96,1.62,65,41.75,6.83,6575,5.05,5.41,1.02,1.21,2.64,0.81,25.3,84.45,24.69,32.85,7.32,70.5,High demo priority,13.0,100.0,100.0,34.3,Recovery / activity,Metabolic trend,"Prioritize regular activity, sleep consistency and recovery; investigate persistent deterioration with an appropriate professional.","Prioritize nutrition, activity and weight-management habits; confirm persistent/abnormal laboratory changes with an appropriate clinician.",Review wearable trend over the next measurement window.,Small changes are emerging across domains; prioritize the highest-weight issues and re-measure.
SA-034,Early Change,Month 12,12,47,Female,,1.31,106.83,94.07,1.68,67,36.89,6.62,5790,5.18,5.5,1.09,1.16,2.67,0.91,25.8,86.36,25.5,33.0,7.76,79.1,High demo priority,32.4,100.0,100.0,56.9,Recovery / activity,Metabolic trend,"Prioritize regular activity, sleep consistency and recovery; investigate persistent deterioration with an appropriate professional.","Prioritize nutrition, activity and weight-management habits; confirm persistent/abnormal laboratory changes with an appropriate clinician.",Review wearable trend over the next measurement window.,Small changes are emerging across domains; prioritize the highest-weight issues and re-measure.
SA-035,Early Change,Baseline,0,46,Female,,1.31,118.21,96.22,1.56,55,41.85,7.18,8449,4.93,5.21,1.2,1.47,2.3,0.66,20.71,88.25,25.48,21.65,5.93,0.0,Stable / monitor,0.0,0.0,0.0,0.0,Function / mobility,Recovery / activity,"Maintain or progressively build walking, balance and resistance activity; reassess function.","Prioritize regular activity, sleep consistency and recovery; investigate persistent deterioration with an appropriate professional.",Repeat camera/function assessment.,Small changes are emerging across domains; prioritize the highest-weight issues and re-measure.
SA-035,Early Change,Month 1,1,46,Female,,1.31,118.23,96.12,1.59,56,40.85,7.16,8462,4.95,5.2,1.18,1.45,2.36,0.71,20.9,89.0,26.2,22.38,6.08,8.8,Stable / monitor,4.0,8.7,13.5,6.0,Metabolic trend,Recovery / activity,"Prioritize nutrition, activity and weight-management habits; confirm persistent/abnormal laboratory changes with an appropriate clinician.","Prioritize regular activity, sleep consistency and recovery; investigate persistent deterioration with an appropriate professional.",Repeat relevant laboratory measures as appropriate.,Small changes are emerging across domains; prioritize the highest-weight issues and re-measure.
SA-035,Early Change,Month 3,3,46,Female,,1.31,118.59,96.11,1.56,58,38.87,7.0,7855,4.94,5.2,1.2,1.45,2.31,0.65,20.76,90.04,26.24,22.27,6.45,17.9,Early change,0.0,44.2,0.4,17.9,Recovery / activity,Body composition,"Prioritize regular activity, sleep consistency and recovery; investigate persistent deterioration with an appropriate professional.","Prioritize resistance exercise, activity and nutrition aimed at preserving muscle and reducing central adiposity.",Review wearable trend over the next measurement window.,Small changes are emerging across domains; prioritize the highest-weight issues and re-measure.
SA-035,Early Change,Month 6,6,46,Female,,1.31,118.58,95.96,1.57,59,33.37,6.81,7247,5.03,5.27,1.28,1.43,2.38,0.81,21.32,91.25,26.54,20.96,6.61,53.9,Moderate persistent change,1.2,93.8,51.7,40.3,Recovery / activity,Metabolic trend,"Prioritize regular activity, sleep consistency and recovery; investigate persistent deterioration with an appropriate professional.","Prioritize nutrition, activity and weight-management habits; confirm persistent/abnormal laboratory changes with an appropriate clinician.",Review wearable trend over the next measurement window.,Small changes are emerging across domains; prioritize the highest-weight issues and re-measure.
SA-035,Early Change,Month 9,9,46,Female,,1.29,116.59,95.52,1.61,61,28.82,6.55,6482,5.11,5.34,1.36,1.42,2.43,0.88,21.53,92.25,26.91,21.77,7.08,70.0,High demo priority,13.7,100.0,82.5,52.7,Recovery / activity,Metabolic trend,"Prioritize regular activity, sleep consistency and recovery; investigate persistent deterioration with an appropriate professional.","Prioritize nutrition, activity and weight-management habits; confirm persistent/abnormal laboratory changes with an appropriate clinician.",Review wearable trend over the next measurement window.,Small changes are emerging across domains; prioritize the highest-weight issues and re-measure.
SA-035,Early Change,Month 12,12,46,Female,,1.25,114.64,94.62,1.69,64,24.13,6.33,5731,5.22,5.46,1.43,1.37,2.53,1.03,21.82,93.34,27.44,21.13,7.4,83.7,High demo priority,35.2,100.0,100.0,73.6,Recovery / activity,Metabolic trend,"Prioritize regular activity, sleep consistency and recovery; investigate persistent deterioration with an appropriate professional.","Prioritize nutrition, activity and weight-management habits; confirm persistent/abnormal laboratory changes with an appropriate clinician.",Review wearable trend over the next measurement window.,Small changes are emerging across domains; prioritize the highest-weight issues and re-measure.
SA-036,Early Change,Baseline,0,46,Female,,1.3,107.68,96.35,1.4,64,58.46,7.05,9056,4.86,5.4,0.87,1.54,2.43,0.68,24.47,76.13,25.92,26.59,7.55,0.0,Stable / monitor,0.0,0.0,0.0,0.0,Function / mobility,Recovery / activity,"Maintain or progressively build walking, balance and resistance activity; reassess function.","Prioritize regular activity, sleep consistency and recovery; investigate persistent deterioration with an appropriate professional.",Repeat camera/function assessment.,Small changes are emerging across domains; prioritize the highest-weight issues and re-measure.
SA-036,Early Change,Month 1,1,46,Female,,1.31,108.04,96.45,1.41,63,57.74,6.94,8940,4.9,5.41,0.84,1.53,2.41,0.68,24.4,75.97,25.9,27.41,7.52,1.5,Stable / monitor,0.0,5.0,0.0,0.0,Recovery / activity,Function / mobility,"Prioritize regular activity, sleep consistency and recovery; investigate persistent deterioration with an appropriate professional.","Maintain or progressively build walking, balance and resistance activity; reassess function.",Review wearable trend over the next measurement window.,Small changes are emerging across domains; prioritize the highest-weight issues and re-measure.
SA-036,Early Change,Month 3,3,46,Female,,1.3,108.03,96.31,1.42,65,55.21,6.78,8413,4.92,5.39,0.85,1.55,2.42,0.71,24.45,75.94,25.5,26.72,7.84,12.6,Early change,2.3,36.1,2.8,2.2,Recovery / activity,Metabolic trend,"Prioritize regular activity, sleep consistency and recovery; investigate persistent deterioration with an appropriate professional.","Prioritize nutrition, activity and weight-management habits; confirm persistent/abnormal laboratory changes with an appropriate clinician.",Review wearable trend over the next measurement window.,Small changes are emerging across domains; prioritize the highest-weight issues and re-measure.
SA-036,Early Change,Month 6,6,46,Female,,1.29,108.28,96.36,1.39,66,50.4,6.59,7575,4.95,5.44,0.92,1.51,2.4,0.79,24.81,77.42,26.19,26.89,8.04,37.8,Moderate persistent change,0.0,79.6,33.6,15.2,Recovery / activity,Metabolic trend,"Prioritize regular activity, sleep consistency and recovery; investigate persistent deterioration with an appropriate professional.","Prioritize nutrition, activity and weight-management habits; confirm persistent/abnormal laboratory changes with an appropriate clinician.",Review wearable trend over the next measurement window.,Small changes are emerging across domains; prioritize the highest-weight issues and re-measure.
SA-036,Early Change,Month 9,9,46,Female,,1.28,106.67,95.98,1.45,69,44.88,6.38,7054,5.06,5.53,1.04,1.48,2.53,0.92,25.28,78.74,27.06,25.9,8.56,70.5,High demo priority,12.9,100.0,92.5,43.4,Recovery / activity,Metabolic trend,"Prioritize regular activity, sleep consistency and recovery; investigate persistent deterioration with an appropriate professional.","Prioritize nutrition, activity and weight-management habits; confirm persistent/abnormal laboratory changes with an appropriate clinician.",Review wearable trend over the next measurement window.,Small changes are emerging across domains; prioritize the highest-weight issues and re-measure.
SA-036,Early Change,Month 12,12,46,Female,,1.24,104.67,95.16,1.5,71,40.05,6.21,6230,5.13,5.64,1.11,1.46,2.61,1.09,25.67,79.33,27.61,26.22,8.92,78.8,High demo priority,31.6,100.0,100.0,56.3,Recovery / activity,Metabolic trend,"Prioritize regular activity, sleep consistency and recovery; investigate persistent deterioration with an appropriate professional.","Prioritize nutrition, activity and weight-management habits; confirm persistent/abnormal laboratory changes with an appropriate clinician.",Review wearable trend over the next measurement window.,Small changes are emerging across domains; prioritize the highest-weight issues and re-measure.
SA-037,Early Change,Baseline,0,58,Female,,1.28,105.86,95.5,1.63,59,50.17,7.0,9155,4.81,5.18,0.93,1.67,2.52,0.74,24.83,81.98,29.57,29.28,5.54,0.0,Stable / monitor,0.0,0.0,0.0,0.0,Function / mobility,Recovery / activity,"Maintain or progressively build walking, balance and resistance activity; reassess function.","Prioritize regular activity, sleep consistency and recovery; investigate persistent deterioration with an appropriate professional.",Repeat camera/function assessment.,Small changes are emerging across domains; prioritize the highest-weight issues and re-measure.
SA-037,Early Change,Month 1,1,58,Female,,1.3,105.37,95.44,1.63,60,48.91,6.97,9074,4.77,5.22,0.95,1.69,2.5,0.75,24.7,81.36,29.96,29.85,5.54,3.9,Stable / monitor,0.0,11.0,1.9,0.0,Recovery / activity,Metabolic trend,"Prioritize regular activity, sleep consistency and recovery; investigate persistent deterioration with an appropriate professional.","Prioritize nutrition, activity and weight-management habits; confirm persistent/abnormal laboratory changes with an appropriate clinician.",Review wearable trend over the next measurement window.,Small changes are emerging across domains; prioritize the highest-weight issues and re-measure.
SA-037,Early Change,Month 3,3,58,Female,,1.28,106.69,95.42,1.65,61,45.2,6.82,8554,4.79,5.22,0.94,1.7,2.48,0.77,24.97,82.69,29.91,29.88,5.64,15.4,Early change,1.1,44.9,2.8,3.7,Recovery / activity,Body composition,"Prioritize regular activity, sleep consistency and recovery; investigate persistent deterioration with an appropriate professional.","Prioritize resistance exercise, activity and nutrition aimed at preserving muscle and reducing central adiposity.",Review wearable trend over the next measurement window.,Small changes are emerging across domains; prioritize the highest-weight issues and re-measure.
SA-037,Early Change,Month 6,6,58,Female,,1.28,105.99,95.4,1.64,63,41.24,6.58,7738,4.92,5.26,0.98,1.66,2.53,0.84,25.18,84.07,30.32,29.09,5.96,43.2,Moderate persistent change,1.2,92.1,31.6,23.6,Recovery / activity,Metabolic trend,"Prioritize regular activity, sleep consistency and recovery; investigate persistent deterioration with an appropriate professional.","Prioritize nutrition, activity and weight-management habits; confirm persistent/abnormal laboratory changes with an appropriate clinician.",Review wearable trend over the next measurement window.,Small changes are emerging across domains; prioritize the highest-weight issues and re-measure.
SA-037,Early Change,Month 9,9,58,Female,,1.26,104.6,94.89,1.67,65,36.42,6.37,7061,4.97,5.35,1.1,1.64,2.66,0.98,25.41,84.61,30.7,29.04,6.2,66.5,High demo priority,11.7,100.0,86.2,35.4,Recovery / activity,Metabolic trend,"Prioritize regular activity, sleep consistency and recovery; investigate persistent deterioration with an appropriate professional.","Prioritize nutrition, activity and weight-management habits; confirm persistent/abnormal laboratory changes with an appropriate clinician.",Review wearable trend over the next measurement window.,Small changes are emerging across domains; prioritize the highest-weight issues and re-measure.
SA-037,Early Change,Month 12,12,58,Female,,1.23,103.08,94.19,1.72,67,30.64,6.11,6352,5.1,5.43,1.21,1.6,2.68,1.11,25.56,85.47,31.51,29.03,6.65,77.9,High demo priority,26.9,100.0,100.0,55.4,Recovery / activity,Metabolic trend,"Prioritize regular activity, sleep consistency and recovery; investigate persistent deterioration with an appropriate professional.","Prioritize nutrition, activity and weight-management habits; confirm persistent/abnormal laboratory changes with an appropriate clinician.",Review wearable trend over the next measurement window.,Small changes are emerging across domains; prioritize the highest-weight issues and re-measure.
SA-038,Early Change,Baseline,0,64,Male,,1.34,114.85,95.54,1.54,58,43.39,7.56,9122,4.87,5.32,0.96,1.62,2.57,0.71,26.99,83.14,27.05,30.02,6.31,0.0,Stable / monitor,0.0,0.0,0.0,0.0,Function / mobility,Recovery / activity,"Maintain or progressively build walking, balance and resistance activity; reassess function.","Prioritize regular activity, sleep consistency and recovery; investigate persistent deterioration with an appropriate professional.",Repeat camera/function assessment.,Small changes are emerging across domains; prioritize the highest-weight issues and re-measure.
SA-038,Early Change,Month 1,1,64,Male,,1.33,115.21,95.58,1.54,58,42.86,7.48,8786,4.89,5.32,1.0,1.63,2.56,0.77,26.82,82.23,26.91,29.98,6.11,8.5,Stable / monitor,0.8,11.9,16.0,0.0,Metabolic trend,Recovery / activity,"Prioritize nutrition, activity and weight-management habits; confirm persistent/abnormal laboratory changes with an appropriate clinician.","Prioritize regular activity, sleep consistency and recovery; investigate persistent deterioration with an appropriate professional.",Repeat relevant laboratory measures as appropriate.,Small changes are emerging across domains; prioritize the highest-weight issues and re-measure.
SA-038,Early Change,Month 3,3,64,Male,,1.33,115.07,95.55,1.54,60,40.25,7.39,8625,4.83,5.32,1.0,1.63,2.53,0.64,27.0,82.46,27.8,30.13,6.15,11.2,Stable / monitor,1.1,36.8,0.0,0.0,Recovery / activity,Function / mobility,"Prioritize regular activity, sleep consistency and recovery; investigate persistent deterioration with an appropriate professional.","Maintain or progressively build walking, balance and resistance activity; reassess function.",Review wearable trend over the next measurement window.,Small changes are emerging across domains; prioritize the highest-weight issues and re-measure.
SA-038,Early Change,Month 6,6,64,Male,,1.33,115.65,95.38,1.53,62,35.29,7.12,7844,4.94,5.38,1.05,1.61,2.63,0.8,27.41,83.59,28.03,29.51,6.61,43.2,Moderate persistent change,0.0,90.8,36.8,19.5,Recovery / activity,Metabolic trend,"Prioritize regular activity, sleep consistency and recovery; investigate persistent deterioration with an appropriate professional.","Prioritize nutrition, activity and weight-management habits; confirm persistent/abnormal laboratory changes with an appropriate clinician.",Review wearable trend over the next measurement window.,Small changes are emerging across domains; prioritize the highest-weight issues and re-measure.
SA-038,Early Change,Month 9,9,64,Male,,1.31,114.09,94.91,1.57,64,30.28,6.95,7024,5.05,5.47,1.15,1.59,2.7,0.94,27.79,85.08,27.79,29.85,7.0,65.7,High demo priority,11.0,100.0,87.5,31.3,Recovery / activity,Metabolic trend,"Prioritize regular activity, sleep consistency and recovery; investigate persistent deterioration with an appropriate professional.","Prioritize nutrition, activity and weight-management habits; confirm persistent/abnormal laboratory changes with an appropriate clinician.",Review wearable trend over the next measurement window.,Small changes are emerging across domains; prioritize the highest-weight issues and re-measure.
SA-038,Early Change,Month 12,12,64,Male,,1.27,112.12,94.16,1.65,66,26.61,6.66,6307,5.13,5.56,1.25,1.54,2.75,1.05,27.82,86.11,29.05,29.29,7.16,76.8,High demo priority,32.4,100.0,100.0,47.9,Recovery / activity,Metabolic trend,"Prioritize regular activity, sleep consistency and recovery; investigate persistent deterioration with an appropriate professional.","Prioritize nutrition, activity and weight-management habits; confirm persistent/abnormal laboratory changes with an appropriate clinician.",Review wearable trend over the next measurement window.,Small changes are emerging across domains; prioritize the highest-weight issues and re-measure.
SA-039,Early Change,Baseline,0,54,Female,,1.31,111.75,98.13,1.48,60,43.02,7.12,9018,5.46,5.22,0.85,1.54,2.7,0.76,24.1,85.48,31.02,25.24,7.8,0.0,Stable / monitor,0.0,0.0,0.0,0.0,Function / mobility,Recovery / activity,"Maintain or progressively build walking, balance and resistance activity; reassess function.","Prioritize regular activity, sleep consistency and recovery; investigate persistent deterioration with an appropriate professional.",Repeat camera/function assessment.,Small changes are emerging across domains; prioritize the highest-weight issues and re-measure.
SA-039,Early Change,Month 1,1,54,Female,,1.31,112.48,98.0,1.49,60,41.91,7.12,9022,5.45,5.23,0.87,1.53,2.69,0.75,24.1,85.08,30.91,25.74,7.79,2.1,Stable / monitor,0.3,5.1,1.8,0.0,Recovery / activity,Metabolic trend,"Prioritize regular activity, sleep consistency and recovery; investigate persistent deterioration with an appropriate professional.","Prioritize nutrition, activity and weight-management habits; confirm persistent/abnormal laboratory changes with an appropriate clinician.",Review wearable trend over the next measurement window.,Small changes are emerging across domains; prioritize the highest-weight issues and re-measure.
SA-039,Early Change,Month 3,3,54,Female,,1.31,112.47,97.97,1.48,61,38.21,6.91,8386,5.46,5.22,0.84,1.52,2.7,0.74,24.39,85.01,31.08,24.62,7.86,15.3,Early change,0.0,45.6,0.0,6.5,Recovery / activity,Body composition,"Prioritize regular activity, sleep consistency and recovery; investigate persistent deterioration with an appropriate professional.","Prioritize resistance exercise, activity and nutrition aimed at preserving muscle and reducing central adiposity.",Review wearable trend over the next measurement window.,Small changes are emerging across domains; prioritize the highest-weight issues and re-measure.
SA-039,Early Change,Month 6,6,54,Female,,1.32,112.3,98.09,1.47,63,33.58,6.77,7886,5.54,5.31,0.92,1.52,2.7,0.82,24.49,87.58,31.17,25.2,8.3,39.3,Moderate persistent change,0.0,88.8,27.5,17.8,Recovery / activity,Metabolic trend,"Prioritize regular activity, sleep consistency and recovery; investigate persistent deterioration with an appropriate professional.","Prioritize nutrition, activity and weight-management habits; confirm persistent/abnormal laboratory changes with an appropriate clinician.",Review wearable trend over the next measurement window.,Small changes are emerging across domains; prioritize the highest-weight issues and re-measure.
SA-039,Early Change,Month 9,9,54,Female,,1.29,110.21,97.34,1.51,65,29.5,6.57,7034,5.64,5.39,0.99,1.5,2.77,1.0,24.95,87.63,31.91,25.47,8.64,63.1,High demo priority,11.5,100.0,79.7,30.0,Recovery / activity,Metabolic trend,"Prioritize regular activity, sleep consistency and recovery; investigate persistent deterioration with an appropriate professional.","Prioritize nutrition, activity and weight-management habits; confirm persistent/abnormal laboratory changes with an appropriate clinician.",Review wearable trend over the next measurement window.,Small changes are emerging across domains; prioritize the highest-weight issues and re-measure.
SA-039,Early Change,Month 12,12,54,Female,,1.26,109.49,96.68,1.57,67,23.3,6.3,6287,5.71,5.47,1.11,1.46,2.92,1.08,25.04,89.06,32.81,24.55,8.97,76.6,High demo priority,26.8,100.0,100.0,50.5,Recovery / activity,Metabolic trend,"Prioritize regular activity, sleep consistency and recovery; investigate persistent deterioration with an appropriate professional.","Prioritize nutrition, activity and weight-management habits; confirm persistent/abnormal laboratory changes with an appropriate clinician.",Review wearable trend over the next measurement window.,Small changes are emerging across domains; prioritize the highest-weight issues and re-measure.
SA-040,Early Change,Baseline,0,51,Female,,1.34,111.99,96.6,1.66,65,52.64,7.73,9410,4.76,5.32,0.98,1.6,2.33,0.68,21.56,81.63,25.38,25.34,7.9,0.0,Stable / monitor,0.0,0.0,0.0,0.0,Function / mobility,Recovery / activity,"Maintain or progressively build walking, balance and resistance activity; reassess function.","Prioritize regular activity, sleep consistency and recovery; investigate persistent deterioration with an appropriate professional.",Repeat camera/function assessment.,Small changes are emerging across domains; prioritize the highest-weight issues and re-measure.
SA-040,Early Change,Month 1,1,51,Female,,1.35,111.11,96.58,1.65,66,53.04,7.69,9298,4.77,5.3,1.01,1.62,2.32,0.67,21.25,80.5,24.86,25.51,7.91,1.5,Stable / monitor,0.0,5.0,0.0,0.0,Recovery / activity,Function / mobility,"Prioritize regular activity, sleep consistency and recovery; investigate persistent deterioration with an appropriate professional.","Maintain or progressively build walking, balance and resistance activity; reassess function.",Review wearable trend over the next measurement window.,Small changes are emerging across domains; prioritize the highest-weight issues and re-measure.
SA-040,Early Change,Month 3,3,51,Female,,1.34,111.48,96.66,1.65,67,48.95,7.61,8707,4.75,5.33,0.98,1.61,2.31,0.66,21.52,81.93,25.28,24.81,8.11,13.3,Early change,0.0,38.2,0.0,7.3,Recovery / activity,Body composition,"Prioritize regular activity, sleep consistency and recovery; investigate persistent deterioration with an appropriate professional.","Prioritize resistance exercise, activity and nutrition aimed at preserving muscle and reducing central adiposity.",Review wearable trend over the next measurement window.,Small changes are emerging across domains; prioritize the highest-weight issues and re-measure.
SA-040,Early Change,Month 6,6,51,Female,,1.35,111.03,96.6,1.67,69,45.16,7.35,7992,4.85,5.37,1.08,1.58,2.39,0.77,21.98,83.89,25.48,25.59,8.56,41.5,Moderate persistent change,1.4,80.7,40.1,20.0,Recovery / activity,Metabolic trend,"Prioritize regular activity, sleep consistency and recovery; investigate persistent deterioration with an appropriate professional.","Prioritize nutrition, activity and weight-management habits; confirm persistent/abnormal laboratory changes with an appropriate clinician.",Review wearable trend over the next measurement window.,Small changes are emerging across domains; prioritize the highest-weight issues and re-measure.
SA-040,Early Change,Month 9,9,51,Female,,1.32,110.45,96.07,1.68,72,39.02,7.15,7248,4.87,5.46,1.15,1.56,2.47,0.87,21.97,84.23,25.78,24.82,8.8,62.9,High demo priority,9.2,100.0,78.3,32.2,Recovery / activity,Metabolic trend,"Prioritize regular activity, sleep consistency and recovery; investigate persistent deterioration with an appropriate professional.","Prioritize nutrition, activity and weight-management habits; confirm persistent/abnormal laboratory changes with an appropriate clinician.",Review wearable trend over the next measurement window.,Small changes are emerging across domains; prioritize the highest-weight issues and re-measure.
SA-040,Early Change,Month 12,12,51,Female,,1.29,108.07,95.18,1.75,74,35.49,6.9,6647,5.04,5.57,1.26,1.52,2.5,1.05,22.58,85.92,26.62,24.36,9.09,77.8,High demo priority,28.2,100.0,100.0,54.1,Recovery / activity,Metabolic trend,"Prioritize regular activity, sleep consistency and recovery; investigate persistent deterioration with an appropriate professional.","Prioritize nutrition, activity and weight-management habits; confirm persistent/abnormal laboratory changes with an appropriate clinician.",Review wearable trend over the next measurement window.,Small changes are emerging across domains; prioritize the highest-weight issues and re-measure.
SA-041,Early Change,Baseline,0,58,Male,,1.35,107.42,96.79,1.53,63,48.3,6.71,9218,4.94,5.17,0.88,1.34,2.79,0.77,24.94,84.98,21.24,31.1,7.01,0.0,Stable / monitor,0.0,0.0,0.0,0.0,Function / mobility,Recovery / activity,"Maintain or progressively build walking, balance and resistance activity; reassess function.","Prioritize regular activity, sleep consistency and recovery; investigate persistent deterioration with an appropriate professional.",Repeat camera/function assessment.,Small changes are emerging across domains; prioritize the highest-weight issues and re-measure.
SA-041,Early Change,Month 1,1,58,Male,,1.36,107.52,96.45,1.55,63,47.02,6.78,9025,4.92,5.19,0.9,1.34,2.74,0.8,25.11,85.21,22.24,30.78,6.81,5.7,Stable / monitor,1.6,7.4,5.8,6.1,Recovery / activity,Body composition,"Prioritize regular activity, sleep consistency and recovery; investigate persistent deterioration with an appropriate professional.","Prioritize resistance exercise, activity and nutrition aimed at preserving muscle and reducing central adiposity.",Review wearable trend over the next measurement window.,Small changes are emerging across domains; prioritize the highest-weight issues and re-measure.
SA-041,Early Change,Month 3,3,58,Male,,1.35,107.76,96.48,1.52,64,43.74,6.58,8632,4.89,5.18,0.86,1.34,2.75,0.79,24.99,85.9,22.04,31.09,6.98,13.4,Early change,0.0,38.6,0.0,7.4,Recovery / activity,Body composition,"Prioritize regular activity, sleep consistency and recovery; investigate persistent deterioration with an appropriate professional.","Prioritize resistance exercise, activity and nutrition aimed at preserving muscle and reducing central adiposity.",Review wearable trend over the next measurement window.,Small changes are emerging across domains; prioritize the highest-weight issues and re-measure.
SA-041,Early Change,Month 6,6,58,Male,,1.35,108.04,96.69,1.53,66,39.47,6.33,7860,4.98,5.24,0.94,1.31,2.83,0.91,25.44,87.3,21.93,30.42,7.42,44.8,Moderate persistent change,0.0,86.9,41.1,25.6,Recovery / activity,Metabolic trend,"Prioritize regular activity, sleep consistency and recovery; investigate persistent deterioration with an appropriate professional.","Prioritize nutrition, activity and weight-management habits; confirm persistent/abnormal laboratory changes with an appropriate clinician.",Review wearable trend over the next measurement window.,Small changes are emerging across domains; prioritize the highest-weight issues and re-measure.
SA-041,Early Change,Month 9,9,58,Male,,1.33,106.3,96.05,1.57,69,34.97,6.14,7069,5.07,5.35,1.07,1.3,2.88,1.0,25.72,88.82,22.42,30.1,7.62,67.3,High demo priority,11.8,100.0,85.0,40.2,Recovery / activity,Metabolic trend,"Prioritize regular activity, sleep consistency and recovery; investigate persistent deterioration with an appropriate professional.","Prioritize nutrition, activity and weight-management habits; confirm persistent/abnormal laboratory changes with an appropriate clinician.",Review wearable trend over the next measurement window.,Small changes are emerging across domains; prioritize the highest-weight issues and re-measure.
SA-041,Early Change,Month 12,12,58,Male,,1.29,104.37,95.25,1.65,71,29.44,5.91,6456,5.22,5.42,1.17,1.27,3.02,1.15,26.02,90.2,23.53,30.09,8.14,81.3,High demo priority,33.4,100.0,100.0,65.0,Recovery / activity,Metabolic trend,"Prioritize regular activity, sleep consistency and recovery; investigate persistent deterioration with an appropriate professional.","Prioritize nutrition, activity and weight-management habits; confirm persistent/abnormal laboratory changes with an appropriate clinician.",Review wearable trend over the next measurement window.,Small changes are emerging across domains; prioritize the highest-weight issues and re-measure.
SA-042,Early Change,Baseline,0,44,Female,,1.3,110.07,96.83,1.72,66,42.6,7.31,9044,5.05,5.16,1.11,1.56,3.08,0.73,24.19,74.25,24.11,32.52,7.56,0.0,Stable / monitor,0.0,0.0,0.0,0.0,Function / mobility,Recovery / activity,"Maintain or progressively build walking, balance and resistance activity; reassess function.","Prioritize regular activity, sleep consistency and recovery; investigate persistent deterioration with an appropriate professional.",Repeat camera/function assessment.,Small changes are emerging across domains; prioritize the highest-weight issues and re-measure.
SA-042,Early Change,Month 1,1,44,Female,,1.3,109.65,96.6,1.72,66,42.21,7.31,8838,5.05,5.17,1.08,1.55,3.06,0.72,24.19,74.27,24.67,31.97,7.61,4.0,Stable / monitor,1.2,6.4,0.0,7.5,Body composition,Recovery / activity,"Prioritize resistance exercise, activity and nutrition aimed at preserving muscle and reducing central adiposity.","Prioritize regular activity, sleep consistency and recovery; investigate persistent deterioration with an appropriate professional.",Repeat waist/BIA under standardized conditions.,Small changes are emerging across domains; prioritize the highest-weight issues and re-measure.
SA-042,Early Change,Month 3,3,44,Female,,1.3,110.12,96.52,1.72,68,39.26,7.08,8414,5.04,5.18,1.11,1.55,3.07,0.73,24.37,74.22,25.22,32.87,7.58,14.7,Early change,0.5,42.0,0.7,7.2,Recovery / activity,Body composition,"Prioritize regular activity, sleep consistency and recovery; investigate persistent deterioration with an appropriate professional.","Prioritize resistance exercise, activity and nutrition aimed at preserving muscle and reducing central adiposity.",Review wearable trend over the next measurement window.,Small changes are emerging across domains; prioritize the highest-weight issues and re-measure.
SA-042,Early Change,Month 6,6,44,Female,,1.3,110.32,96.71,1.72,70,34.06,6.89,7652,5.09,5.23,1.19,1.51,3.16,0.81,24.34,75.95,25.04,32.31,8.16,44.9,Moderate persistent change,0.0,94.5,34.8,24.6,Recovery / activity,Metabolic trend,"Prioritize regular activity, sleep consistency and recovery; investigate persistent deterioration with an appropriate professional.","Prioritize nutrition, activity and weight-management habits; confirm persistent/abnormal laboratory changes with an appropriate clinician.",Review wearable trend over the next measurement window.,Small changes are emerging across domains; prioritize the highest-weight issues and re-measure.
SA-042,Early Change,Month 9,9,44,Female,,1.27,109.1,96.19,1.76,72,29.64,6.71,6825,5.23,5.31,1.26,1.51,3.2,0.96,25.12,77.32,25.39,31.98,8.51,66.3,High demo priority,12.4,100.0,78.1,44.0,Recovery / activity,Metabolic trend,"Prioritize regular activity, sleep consistency and recovery; investigate persistent deterioration with an appropriate professional.","Prioritize nutrition, activity and weight-management habits; confirm persistent/abnormal laboratory changes with an appropriate clinician.",Review wearable trend over the next measurement window.,Small changes are emerging across domains; prioritize the highest-weight issues and re-measure.
SA-042,Early Change,Month 12,12,44,Female,,1.24,106.68,95.48,1.81,74,25.08,6.47,6204,5.32,5.4,1.36,1.47,3.3,1.09,25.17,78.2,26.4,30.86,8.93,81.1,High demo priority,28.6,100.0,100.0,67.4,Recovery / activity,Metabolic trend,"Prioritize regular activity, sleep consistency and recovery; investigate persistent deterioration with an appropriate professional.","Prioritize nutrition, activity and weight-management habits; confirm persistent/abnormal laboratory changes with an appropriate clinician.",Review wearable trend over the next measurement window.,Small changes are emerging across domains; prioritize the highest-weight issues and re-measure.
SA-043,Early Change,Baseline,0,66,Male,,1.4,111.13,98.94,1.52,59,47.86,7.29,9141,4.58,5.24,0.88,1.51,2.37,0.77,24.07,87.16,31.43,28.16,6.68,0.0,Stable / monitor,0.0,0.0,0.0,0.0,Function / mobility,Recovery / activity,"Maintain or progressively build walking, balance and resistance activity; reassess function.","Prioritize regular activity, sleep consistency and recovery; investigate persistent deterioration with an appropriate professional.",Repeat camera/function assessment.,Small changes are emerging across domains; prioritize the highest-weight issues and re-measure.
SA-043,Early Change,Month 1,1,66,Male,,1.4,111.15,98.99,1.51,60,46.23,7.27,9186,4.55,5.22,0.87,1.5,2.42,0.79,23.99,86.5,30.81,29.16,6.77,4.2,Stable / monitor,0.0,9.8,4.3,0.0,Recovery / activity,Metabolic trend,"Prioritize regular activity, sleep consistency and recovery; investigate persistent deterioration with an appropriate professional.","Prioritize nutrition, activity and weight-management habits; confirm persistent/abnormal laboratory changes with an appropriate clinician.",Review wearable trend over the next measurement window.,Small changes are emerging across domains; prioritize the highest-weight issues and re-measure.
SA-043,Early Change,Month 3,3,66,Male,,1.41,110.68,99.03,1.5,61,44.24,7.09,8606,4.57,5.21,0.88,1.52,2.46,0.74,24.28,87.21,31.35,29.0,6.76,11.7,Stable / monitor,0.0,39.1,0.0,0.0,Recovery / activity,Function / mobility,"Prioritize regular activity, sleep consistency and recovery; investigate persistent deterioration with an appropriate professional.","Maintain or progressively build walking, balance and resistance activity; reassess function.",Review wearable trend over the next measurement window.,Small changes are emerging across domains; prioritize the highest-weight issues and re-measure.
SA-043,Early Change,Month 6,6,66,Male,,1.41,111.4,98.99,1.52,63,38.5,6.8,7786,4.65,5.28,0.94,1.49,2.48,0.78,24.47,86.86,31.81,27.81,7.2,39.9,Moderate persistent change,0.0,95.8,21.8,18.5,Recovery / activity,Metabolic trend,"Prioritize regular activity, sleep consistency and recovery; investigate persistent deterioration with an appropriate professional.","Prioritize nutrition, activity and weight-management habits; confirm persistent/abnormal laboratory changes with an appropriate clinician.",Review wearable trend over the next measurement window.,Small changes are emerging across domains; prioritize the highest-weight issues and re-measure.
SA-043,Early Change,Month 9,9,66,Male,,1.39,109.62,98.44,1.56,64,34.43,6.66,7173,4.74,5.36,1.03,1.44,2.51,0.98,24.46,89.22,32.19,27.82,7.52,63.9,High demo priority,10.4,100.0,80.9,32.3,Recovery / activity,Metabolic trend,"Prioritize regular activity, sleep consistency and recovery; investigate persistent deterioration with an appropriate professional.","Prioritize nutrition, activity and weight-management habits; confirm persistent/abnormal laboratory changes with an appropriate clinician.",Review wearable trend over the next measurement window.,Small changes are emerging across domains; prioritize the highest-weight issues and re-measure.
SA-043,Early Change,Month 12,12,66,Male,,1.35,107.38,97.56,1.61,67,29.1,6.45,6308,4.89,5.45,1.18,1.45,2.61,1.12,24.68,90.72,33.23,27.96,7.98,77.3,High demo priority,28.5,100.0,100.0,52.0,Recovery / activity,Metabolic trend,"Prioritize regular activity, sleep consistency and recovery; investigate persistent deterioration with an appropriate professional.","Prioritize nutrition, activity and weight-management habits; confirm persistent/abnormal laboratory changes with an appropriate clinician.",Review wearable trend over the next measurement window.,Small changes are emerging across domains; prioritize the highest-weight issues and re-measure.
SA-044,Early Change,Baseline,0,55,Male,,1.35,110.97,97.27,1.56,68,46.87,7.05,9076,5.08,5.41,1.1,1.57,2.16,0.54,23.94,82.71,21.43,20.83,6.55,0.0,Stable / monitor,0.0,0.0,0.0,0.0,Function / mobility,Recovery / activity,"Maintain or progressively build walking, balance and resistance activity; reassess function.","Prioritize regular activity, sleep consistency and recovery; investigate persistent deterioration with an appropriate professional.",Repeat camera/function assessment.,Small changes are emerging across domains; prioritize the highest-weight issues and re-measure.
SA-044,Early Change,Month 1,1,55,Male,,1.35,110.9,97.47,1.54,68,45.18,7.0,8987,5.1,5.41,1.1,1.58,2.15,0.6,23.86,82.57,21.51,21.14,6.33,7.3,Stable / monitor,0.0,10.6,13.9,0.0,Metabolic trend,Recovery / activity,"Prioritize nutrition, activity and weight-management habits; confirm persistent/abnormal laboratory changes with an appropriate clinician.","Prioritize regular activity, sleep consistency and recovery; investigate persistent deterioration with an appropriate professional.",Repeat relevant laboratory measures as appropriate.,Small changes are emerging across domains; prioritize the highest-weight issues and re-measure.
SA-044,Early Change,Month 3,3,55,Male,,1.34,111.19,97.35,1.55,70,42.14,6.82,8481,5.04,5.41,1.14,1.58,2.12,0.61,23.6,82.36,21.21,21.75,6.49,19.1,Early change,0.0,45.7,17.8,0.0,Recovery / activity,Metabolic trend,"Prioritize regular activity, sleep consistency and recovery; investigate persistent deterioration with an appropriate professional.","Prioritize nutrition, activity and weight-management habits; confirm persistent/abnormal laboratory changes with an appropriate clinician.",Review wearable trend over the next measurement window.,Small changes are emerging across domains; prioritize the highest-weight issues and re-measure.
SA-044,Early Change,Month 6,6,55,Male,,1.35,110.45,97.42,1.53,72,37.42,6.56,7837,5.13,5.43,1.21,1.56,2.21,0.67,24.39,84.22,21.73,20.65,6.92,48.0,Moderate persistent change,0.0,93.3,51.2,18.6,Recovery / activity,Metabolic trend,"Prioritize regular activity, sleep consistency and recovery; investigate persistent deterioration with an appropriate professional.","Prioritize nutrition, activity and weight-management habits; confirm persistent/abnormal laboratory changes with an appropriate clinician.",Review wearable trend over the next measurement window.,Small changes are emerging across domains; prioritize the highest-weight issues and re-measure.
SA-044,Early Change,Month 9,9,55,Male,,1.32,109.64,96.71,1.6,74,32.69,6.36,7017,5.26,5.57,1.28,1.51,2.26,0.85,24.77,84.94,22.55,20.63,7.26,71.2,High demo priority,13.1,100.0,100.0,37.1,Recovery / activity,Metabolic trend,"Prioritize regular activity, sleep consistency and recovery; investigate persistent deterioration with an appropriate professional.","Prioritize nutrition, activity and weight-management habits; confirm persistent/abnormal laboratory changes with an appropriate clinician.",Review wearable trend over the next measurement window.,Small changes are emerging across domains; prioritize the highest-weight issues and re-measure.
SA-044,Early Change,Month 12,12,55,Male,,1.3,107.68,96.07,1.65,76,27.93,6.21,6364,5.32,5.64,1.37,1.48,2.37,0.96,24.77,85.73,22.71,20.78,7.7,76.4,High demo priority,27.3,100.0,100.0,49.4,Recovery / activity,Metabolic trend,"Prioritize regular activity, sleep consistency and recovery; investigate persistent deterioration with an appropriate professional.","Prioritize nutrition, activity and weight-management habits; confirm persistent/abnormal laboratory changes with an appropriate clinician.",Review wearable trend over the next measurement window.,Small changes are emerging across domains; prioritize the highest-weight issues and re-measure.
SA-045,Early Change,Baseline,0,55,Male,,1.34,107.37,96.69,1.53,68,46.21,7.12,9540,5.12,5.51,0.93,1.63,2.79,0.63,24.54,82.29,29.91,28.17,6.34,0.0,Stable / monitor,0.0,0.0,0.0,0.0,Function / mobility,Recovery / activity,"Maintain or progressively build walking, balance and resistance activity; reassess function.","Prioritize regular activity, sleep consistency and recovery; investigate persistent deterioration with an appropriate professional.",Repeat camera/function assessment.,Small changes are emerging across domains; prioritize the highest-weight issues and re-measure.
SA-045,Early Change,Month 1,1,55,Male,,1.34,107.62,96.4,1.54,68,47.24,7.04,9487,5.1,5.52,0.9,1.65,2.7,0.62,24.28,82.17,29.64,28.15,6.22,0.2,Stable / monitor,1.4,0.0,0.0,0.0,Function / mobility,Recovery / activity,"Maintain or progressively build walking, balance and resistance activity; reassess function.","Prioritize regular activity, sleep consistency and recovery; investigate persistent deterioration with an appropriate professional.",Repeat camera/function assessment.,Small changes are emerging across domains; prioritize the highest-weight issues and re-measure.
SA-045,Early Change,Month 3,3,55,Male,,1.34,107.12,96.4,1.55,70,42.5,7.0,9028,5.11,5.52,0.89,1.62,2.72,0.64,24.56,82.87,30.1,29.25,6.54,11.7,Stable / monitor,3.7,36.0,0.0,1.2,Recovery / activity,Function / mobility,"Prioritize regular activity, sleep consistency and recovery; investigate persistent deterioration with an appropriate professional.","Maintain or progressively build walking, balance and resistance activity; reassess function.",Review wearable trend over the next measurement window.,Small changes are emerging across domains; prioritize the highest-weight issues and re-measure.
SA-045,Early Change,Month 6,6,55,Male,,1.34,107.8,96.31,1.55,72,37.53,6.62,8277,5.2,5.55,1.0,1.62,2.77,0.73,24.73,83.38,30.79,28.01,7.01,44.1,Moderate persistent change,2.6,89.9,34.1,25.9,Recovery / activity,Metabolic trend,"Prioritize regular activity, sleep consistency and recovery; investigate persistent deterioration with an appropriate professional.","Prioritize nutrition, activity and weight-management habits; confirm persistent/abnormal laboratory changes with an appropriate clinician.",Review wearable trend over the next measurement window.,Small changes are emerging across domains; prioritize the highest-weight issues and re-measure.
SA-045,Early Change,Month 9,9,55,Male,,1.31,105.99,95.91,1.56,74,32.56,6.45,7541,5.3,5.65,1.1,1.6,2.84,0.84,25.09,85.5,30.55,27.89,7.31,66.2,High demo priority,12.6,100.0,81.7,39.3,Recovery / activity,Metabolic trend,"Prioritize regular activity, sleep consistency and recovery; investigate persistent deterioration with an appropriate professional.","Prioritize nutrition, activity and weight-management habits; confirm persistent/abnormal laboratory changes with an appropriate clinician.",Review wearable trend over the next measurement window.,Small changes are emerging across domains; prioritize the highest-weight issues and re-measure.
SA-045,Early Change,Month 12,12,55,Male,,1.28,104.22,94.85,1.64,75,27.78,6.28,6853,5.42,5.75,1.18,1.55,2.93,0.98,25.47,86.51,31.4,28.03,7.46,77.8,High demo priority,33.0,100.0,100.0,51.3,Recovery / activity,Metabolic trend,"Prioritize regular activity, sleep consistency and recovery; investigate persistent deterioration with an appropriate professional.","Prioritize nutrition, activity and weight-management habits; confirm persistent/abnormal laboratory changes with an appropriate clinician.",Review wearable trend over the next measurement window.,Small changes are emerging across domains; prioritize the highest-weight issues and re-measure.
SA-046,Early Change,Baseline,0,57,Male,,1.33,112.4,98.43,1.48,61,54.05,7.68,9227,5.0,5.16,1.11,1.35,2.38,0.55,25.72,83.59,23.77,28.67,7.96,0.0,Stable / monitor,0.0,0.0,0.0,0.0,Function / mobility,Recovery / activity,"Maintain or progressively build walking, balance and resistance activity; reassess function.","Prioritize regular activity, sleep consistency and recovery; investigate persistent deterioration with an appropriate professional.",Repeat camera/function assessment.,Small changes are emerging across domains; prioritize the highest-weight issues and re-measure.
SA-046,Early Change,Month 1,1,57,Male,,1.32,112.84,98.4,1.48,61,53.41,7.64,8886,4.97,5.16,1.11,1.35,2.38,0.5,25.9,84.59,23.64,28.67,7.81,3.4,Stable / monitor,0.8,10.8,0.0,0.0,Recovery / activity,Function / mobility,"Prioritize regular activity, sleep consistency and recovery; investigate persistent deterioration with an appropriate professional.","Maintain or progressively build walking, balance and resistance activity; reassess function.",Review wearable trend over the next measurement window.,Small changes are emerging across domains; prioritize the highest-weight issues and re-measure.
SA-046,Early Change,Month 3,3,57,Male,,1.34,111.94,98.19,1.48,62,49.64,7.47,8567,4.98,5.16,1.11,1.35,2.45,0.56,25.84,83.67,23.56,28.89,7.97,13.6,Early change,0.0,39.4,5.8,0.0,Recovery / activity,Metabolic trend,"Prioritize regular activity, sleep consistency and recovery; investigate persistent deterioration with an appropriate professional.","Prioritize nutrition, activity and weight-management habits; confirm persistent/abnormal laboratory changes with an appropriate clinician.",Review wearable trend over the next measurement window.,Small changes are emerging across domains; prioritize the highest-weight issues and re-measure.
SA-046,Early Change,Month 6,6,57,Male,,1.33,112.89,98.27,1.49,65,44.76,7.23,7704,5.03,5.23,1.19,1.31,2.47,0.63,26.01,85.38,24.52,27.24,8.37,46.6,Moderate persistent change,0.8,92.2,40.6,26.5,Recovery / activity,Metabolic trend,"Prioritize regular activity, sleep consistency and recovery; investigate persistent deterioration with an appropriate professional.","Prioritize nutrition, activity and weight-management habits; confirm persistent/abnormal laboratory changes with an appropriate clinician.",Review wearable trend over the next measurement window.,Small changes are emerging across domains; prioritize the highest-weight issues and re-measure.
SA-046,Early Change,Month 9,9,57,Male,,1.32,111.79,97.71,1.52,66,41.89,7.04,7057,5.16,5.3,1.28,1.3,2.51,0.77,26.54,85.46,24.62,27.87,8.82,68.6,High demo priority,9.5,100.0,93.9,36.2,Recovery / activity,Metabolic trend,"Prioritize regular activity, sleep consistency and recovery; investigate persistent deterioration with an appropriate professional.","Prioritize nutrition, activity and weight-management habits; confirm persistent/abnormal laboratory changes with an appropriate clinician.",Review wearable trend over the next measurement window.,Small changes are emerging across domains; prioritize the highest-weight issues and re-measure.
SA-046,Early Change,Month 12,12,57,Male,,1.27,109.16,96.77,1.57,68,36.33,6.83,6314,5.25,5.38,1.38,1.27,2.56,0.84,26.64,88.21,25.68,27.74,9.06,78.2,High demo priority,30.3,100.0,100.0,54.7,Recovery / activity,Metabolic trend,"Prioritize regular activity, sleep consistency and recovery; investigate persistent deterioration with an appropriate professional.","Prioritize nutrition, activity and weight-management habits; confirm persistent/abnormal laboratory changes with an appropriate clinician.",Review wearable trend over the next measurement window.,Small changes are emerging across domains; prioritize the highest-weight issues and re-measure.
SA-047,Early Change,Baseline,0,46,Female,,1.32,110.91,96.36,1.47,58,43.82,7.39,9454,5.13,5.5,1.05,1.67,2.67,0.54,25.9,76.94,20.23,29.75,5.84,0.0,Stable / monitor,0.0,0.0,0.0,0.0,Function / mobility,Recovery / activity,"Maintain or progressively build walking, balance and resistance activity; reassess function.","Prioritize regular activity, sleep consistency and recovery; investigate persistent deterioration with an appropriate professional.",Repeat camera/function assessment.,Small changes are emerging across domains; prioritize the highest-weight issues and re-measure.
SA-047,Early Change,Month 1,1,46,Female,,1.3,110.85,96.25,1.49,57,42.42,7.34,9330,5.14,5.51,1.04,1.67,2.71,0.54,25.77,77.64,20.84,30.1,5.82,4.1,Stable / monitor,6.1,6.9,1.2,3.0,Recovery / activity,Function / mobility,"Prioritize regular activity, sleep consistency and recovery; investigate persistent deterioration with an appropriate professional.","Maintain or progressively build walking, balance and resistance activity; reassess function.",Review wearable trend over the next measurement window.,Small changes are emerging across domains; prioritize the highest-weight issues and re-measure.
SA-047,Early Change,Month 3,3,46,Female,,1.32,111.04,96.27,1.49,59,39.17,7.26,8800,5.12,5.5,1.03,1.65,2.66,0.52,25.92,78.74,20.68,29.19,6.1,17.4,Early change,2.7,42.0,0.0,17.6,Recovery / activity,Body composition,"Prioritize regular activity, sleep consistency and recovery; investigate persistent deterioration with an appropriate professional.","Prioritize resistance exercise, activity and nutrition aimed at preserving muscle and reducing central adiposity.",Review wearable trend over the next measurement window.,Small changes are emerging across domains; prioritize the highest-weight issues and re-measure.
SA-047,Early Change,Month 6,6,46,Female,,1.32,110.7,96.38,1.47,61,34.49,7.02,8138,5.2,5.55,1.1,1.65,2.74,0.67,26.16,78.23,21.81,29.39,6.65,51.5,Moderate persistent change,0.3,90.8,46.6,40.9,Recovery / activity,Metabolic trend,"Prioritize regular activity, sleep consistency and recovery; investigate persistent deterioration with an appropriate professional.","Prioritize nutrition, activity and weight-management habits; confirm persistent/abnormal laboratory changes with an appropriate clinician.",Review wearable trend over the next measurement window.,Small changes are emerging across domains; prioritize the highest-weight issues and re-measure.
SA-047,Early Change,Month 9,9,46,Female,,1.29,110.0,95.78,1.54,63,30.29,6.76,7439,5.31,5.64,1.18,1.62,2.82,0.82,26.7,81.16,21.61,28.91,6.84,76.7,High demo priority,16.9,100.0,100.0,56.5,Recovery / activity,Metabolic trend,"Prioritize regular activity, sleep consistency and recovery; investigate persistent deterioration with an appropriate professional.","Prioritize nutrition, activity and weight-management habits; confirm persistent/abnormal laboratory changes with an appropriate clinician.",Review wearable trend over the next measurement window.,Small changes are emerging across domains; prioritize the highest-weight issues and re-measure.
SA-047,Early Change,Month 12,12,46,Female,,1.26,108.32,94.8,1.58,65,24.48,6.56,6683,5.45,5.72,1.28,1.59,2.85,0.92,26.74,80.96,22.65,28.47,7.18,83.9,High demo priority,32.0,100.0,100.0,76.3,Recovery / activity,Metabolic trend,"Prioritize regular activity, sleep consistency and recovery; investigate persistent deterioration with an appropriate professional.","Prioritize nutrition, activity and weight-management habits; confirm persistent/abnormal laboratory changes with an appropriate clinician.",Review wearable trend over the next measurement window.,Small changes are emerging across domains; prioritize the highest-weight issues and re-measure.
SA-048,Early Change,Baseline,0,54,Male,,1.34,110.15,96.8,1.65,59,45.64,7.21,8807,4.88,5.31,0.91,1.62,2.66,0.87,25.43,83.26,23.87,34.06,6.49,0.0,Stable / monitor,0.0,0.0,0.0,0.0,Function / mobility,Recovery / activity,"Maintain or progressively build walking, balance and resistance activity; reassess function.","Prioritize regular activity, sleep consistency and recovery; investigate persistent deterioration with an appropriate professional.",Repeat camera/function assessment.,Small changes are emerging across domains; prioritize the highest-weight issues and re-measure.
SA-048,Early Change,Month 1,1,54,Male,,1.34,110.75,97.07,1.65,59,44.82,7.15,8691,4.92,5.31,0.9,1.63,2.61,0.84,25.19,82.66,23.57,34.84,6.4,2.4,Stable / monitor,0.0,7.9,0.0,0.0,Recovery / activity,Function / mobility,"Prioritize regular activity, sleep consistency and recovery; investigate persistent deterioration with an appropriate professional.","Maintain or progressively build walking, balance and resistance activity; reassess function.",Review wearable trend over the next measurement window.,Small changes are emerging across domains; prioritize the highest-weight issues and re-measure.
SA-048,Early Change,Month 3,3,54,Male,,1.34,110.32,96.68,1.64,60,41.1,7.03,8310,4.89,5.3,0.91,1.58,2.69,0.86,25.35,82.97,24.13,34.73,6.75,13.8,Early change,0.0,39.6,3.3,3.9,Recovery / activity,Body composition,"Prioritize regular activity, sleep consistency and recovery; investigate persistent deterioration with an appropriate professional.","Prioritize resistance exercise, activity and nutrition aimed at preserving muscle and reducing central adiposity.",Review wearable trend over the next measurement window.,Small changes are emerging across domains; prioritize the highest-weight issues and re-measure.
SA-048,Early Change,Month 6,6,54,Male,,1.34,110.41,96.89,1.65,63,37.11,6.81,7544,4.98,5.36,1.0,1.57,2.74,0.96,25.6,84.39,24.89,34.74,7.13,44.6,Moderate persistent change,0.0,90.7,39.1,22.7,Recovery / activity,Metabolic trend,"Prioritize regular activity, sleep consistency and recovery; investigate persistent deterioration with an appropriate professional.","Prioritize nutrition, activity and weight-management habits; confirm persistent/abnormal laboratory changes with an appropriate clinician.",Review wearable trend over the next measurement window.,Small changes are emerging across domains; prioritize the highest-weight issues and re-measure.
SA-048,Early Change,Month 9,9,54,Male,,1.31,108.45,96.16,1.67,65,32.47,6.54,6702,5.1,5.45,1.09,1.55,2.78,1.08,25.99,86.97,25.05,33.96,7.41,66.1,High demo priority,11.3,100.0,79.9,41.7,Recovery / activity,Metabolic trend,"Prioritize regular activity, sleep consistency and recovery; investigate persistent deterioration with an appropriate professional.","Prioritize nutrition, activity and weight-management habits; confirm persistent/abnormal laboratory changes with an appropriate clinician.",Review wearable trend over the next measurement window.,Small changes are emerging across domains; prioritize the highest-weight issues and re-measure.
SA-048,Early Change,Month 12,12,54,Male,,1.27,106.78,95.46,1.74,67,28.34,6.35,6054,5.16,5.53,1.17,1.48,2.87,1.19,26.58,87.48,25.39,33.63,7.83,79.7,High demo priority,30.2,100.0,100.0,60.6,Recovery / activity,Metabolic trend,"Prioritize regular activity, sleep consistency and recovery; investigate persistent deterioration with an appropriate professional.","Prioritize nutrition, activity and weight-management habits; confirm persistent/abnormal laboratory changes with an appropriate clinician.",Review wearable trend over the next measurement window.,Small changes are emerging across domains; prioritize the highest-weight issues and re-measure.
SA-049,Early Change,Baseline,0,54,Female,,1.45,113.53,96.34,1.44,60,40.32,7.54,9098,5.21,5.38,0.91,1.46,2.52,0.99,24.69,81.33,25.66,31.6,5.14,0.0,Stable / monitor,0.0,0.0,0.0,0.0,Function / mobility,Recovery / activity,"Maintain or progressively build walking, balance and resistance activity; reassess function.","Prioritize regular activity, sleep consistency and recovery; investigate persistent deterioration with an appropriate professional.",Repeat camera/function assessment.,Small changes are emerging across domains; prioritize the highest-weight issues and re-measure.
SA-049,Early Change,Month 1,1,54,Female,,1.44,114.11,96.3,1.42,60,39.11,7.53,9124,5.18,5.4,0.89,1.47,2.52,1.01,24.68,80.43,25.86,31.76,5.07,1.7,Stable / monitor,0.0,5.7,0.0,0.0,Recovery / activity,Function / mobility,"Prioritize regular activity, sleep consistency and recovery; investigate persistent deterioration with an appropriate professional.","Maintain or progressively build walking, balance and resistance activity; reassess function.",Review wearable trend over the next measurement window.,Small changes are emerging across domains; prioritize the highest-weight issues and re-measure.
SA-049,Early Change,Month 3,3,54,Female,,1.45,113.89,96.39,1.42,62,35.83,7.32,8564,5.19,5.41,0.89,1.48,2.48,1.01,24.7,81.24,26.35,31.57,5.32,16.4,Early change,0.0,46.5,0.0,9.9,Recovery / activity,Body composition,"Prioritize regular activity, sleep consistency and recovery; investigate persistent deterioration with an appropriate professional.","Prioritize resistance exercise, activity and nutrition aimed at preserving muscle and reducing central adiposity.",Review wearable trend over the next measurement window.,Small changes are emerging across domains; prioritize the highest-weight issues and re-measure.
SA-049,Early Change,Month 6,6,54,Female,,1.46,113.67,96.35,1.44,64,31.7,7.08,7743,5.25,5.46,0.95,1.45,2.56,1.13,24.9,82.84,26.95,31.82,5.75,46.2,Moderate persistent change,0.0,98.1,30.8,30.2,Recovery / activity,Metabolic trend,"Prioritize regular activity, sleep consistency and recovery; investigate persistent deterioration with an appropriate professional.","Prioritize nutrition, activity and weight-management habits; confirm persistent/abnormal laboratory changes with an appropriate clinician.",Review wearable trend over the next measurement window.,Small changes are emerging across domains; prioritize the highest-weight issues and re-measure.
SA-049,Early Change,Month 9,9,54,Female,,1.44,113.61,95.64,1.48,65,26.22,6.93,7088,5.39,5.55,1.07,1.42,2.6,1.25,25.31,84.46,26.91,31.56,5.88,64.1,High demo priority,8.2,100.0,75.2,41.2,Recovery / activity,Metabolic trend,"Prioritize regular activity, sleep consistency and recovery; investigate persistent deterioration with an appropriate professional.","Prioritize nutrition, activity and weight-management habits; confirm persistent/abnormal laboratory changes with an appropriate clinician.",Review wearable trend over the next measurement window.,Small changes are emerging across domains; prioritize the highest-weight issues and re-measure.
SA-049,Early Change,Month 12,12,54,Female,,1.4,110.93,94.93,1.54,68,21.05,6.64,6330,5.46,5.63,1.14,1.38,2.73,1.4,25.56,83.97,27.61,31.07,6.14,78.4,High demo priority,28.3,100.0,100.0,56.8,Recovery / activity,Metabolic trend,"Prioritize regular activity, sleep consistency and recovery; investigate persistent deterioration with an appropriate professional.","Prioritize nutrition, activity and weight-management habits; confirm persistent/abnormal laboratory changes with an appropriate clinician.",Review wearable trend over the next measurement window.,Small changes are emerging across domains; prioritize the highest-weight issues and re-measure.
SA-050,Early Change,Baseline,0,47,Female,,1.39,103.84,97.11,1.61,62,45.77,6.96,9577,4.86,5.52,0.89,1.47,2.76,0.61,23.14,76.95,28.29,27.69,8.17,0.0,Stable / monitor,0.0,0.0,0.0,0.0,Function / mobility,Recovery / activity,"Maintain or progressively build walking, balance and resistance activity; reassess function.","Prioritize regular activity, sleep consistency and recovery; investigate persistent deterioration with an appropriate professional.",Repeat camera/function assessment.,Small changes are emerging across domains; prioritize the highest-weight issues and re-measure.
SA-050,Early Change,Month 1,1,47,Female,,1.39,104.21,96.92,1.59,62,44.42,6.85,9581,4.85,5.51,0.88,1.5,2.72,0.63,23.04,76.91,27.14,27.76,8.13,2.7,Stable / monitor,0.0,9.0,0.0,0.0,Recovery / activity,Function / mobility,"Prioritize regular activity, sleep consistency and recovery; investigate persistent deterioration with an appropriate professional.","Maintain or progressively build walking, balance and resistance activity; reassess function.",Review wearable trend over the next measurement window.,Small changes are emerging across domains; prioritize the highest-weight issues and re-measure.
SA-050,Early Change,Month 3,3,47,Female,,1.4,104.85,96.92,1.6,63,40.3,6.73,8945,4.84,5.53,0.86,1.45,2.72,0.67,22.97,78.68,27.42,27.19,8.26,17.1,Early change,0.0,46.9,8.2,2.2,Recovery / activity,Metabolic trend,"Prioritize regular activity, sleep consistency and recovery; investigate persistent deterioration with an appropriate professional.","Prioritize nutrition, activity and weight-management habits; confirm persistent/abnormal laboratory changes with an appropriate clinician.",Review wearable trend over the next measurement window.,Small changes are emerging across domains; prioritize the highest-weight issues and re-measure.
SA-050,Early Change,Month 6,6,47,Female,,1.4,103.29,96.98,1.62,66,35.14,6.48,8282,4.89,5.58,0.95,1.45,2.77,0.7,23.49,79.86,28.52,27.79,8.5,44.0,Moderate persistent change,1.1,100.0,33.2,15.7,Recovery / activity,Metabolic trend,"Prioritize regular activity, sleep consistency and recovery; investigate persistent deterioration with an appropriate professional.","Prioritize nutrition, activity and weight-management habits; confirm persistent/abnormal laboratory changes with an appropriate clinician.",Review wearable trend over the next measurement window.,Small changes are emerging across domains; prioritize the highest-weight issues and re-measure.
SA-050,Early Change,Month 9,9,47,Female,,1.38,103.23,96.53,1.67,68,30.34,6.31,7567,5.03,5.66,1.02,1.42,2.86,0.83,23.79,80.57,28.28,26.52,8.98,65.8,High demo priority,11.3,100.0,85.0,34.6,Recovery / activity,Metabolic trend,"Prioritize regular activity, sleep consistency and recovery; investigate persistent deterioration with an appropriate professional.","Prioritize nutrition, activity and weight-management habits; confirm persistent/abnormal laboratory changes with an appropriate clinician.",Review wearable trend over the next measurement window.,Small changes are emerging across domains; prioritize the highest-weight issues and re-measure.
SA-050,Early Change,Month 12,12,47,Female,,1.33,100.7,95.62,1.7,71,26.62,6.06,6908,5.13,5.76,1.14,1.39,2.87,0.98,24.07,81.71,28.62,26.9,9.4,76.0,High demo priority,28.9,100.0,100.0,46.8,Recovery / activity,Metabolic trend,"Prioritize regular activity, sleep consistency and recovery; investigate persistent deterioration with an appropriate professional.","Prioritize nutrition, activity and weight-management habits; confirm persistent/abnormal laboratory changes with an appropriate clinician.",Review wearable trend over the next measurement window.,Small changes are emerging across domains; prioritize the highest-weight issues and re-measure.
SA-051,Early Change,Baseline,0,56,Female,,1.29,113.73,95.46,1.69,64,37.24,7.09,9391,5.1,5.34,1.05,1.37,2.96,0.64,24.47,75.09,28.03,22.89,5.77,0.0,Stable / monitor,0.0,0.0,0.0,0.0,Function / mobility,Recovery / activity,"Maintain or progressively build walking, balance and resistance activity; reassess function.","Prioritize regular activity, sleep consistency and recovery; investigate persistent deterioration with an appropriate professional.",Repeat camera/function assessment.,Small changes are emerging across domains; prioritize the highest-weight issues and re-measure.
SA-051,Early Change,Month 1,1,56,Female,,1.29,113.56,95.58,1.67,64,37.08,7.07,9213,5.13,5.34,1.04,1.4,2.96,0.63,24.51,75.58,27.35,21.01,5.68,3.6,Stable / monitor,0.0,5.2,0.0,8.1,Body composition,Recovery / activity,"Prioritize resistance exercise, activity and nutrition aimed at preserving muscle and reducing central adiposity.","Prioritize regular activity, sleep consistency and recovery; investigate persistent deterioration with an appropriate professional.",Repeat waist/BIA under standardized conditions.,Small changes are emerging across domains; prioritize the highest-weight issues and re-measure.
SA-051,Early Change,Month 3,3,56,Female,,1.27,113.54,95.63,1.68,65,33.35,6.87,8683,5.08,5.35,1.02,1.35,2.97,0.61,24.61,75.84,26.95,22.96,6.26,16.2,Early change,1.9,45.3,0.0,9.4,Recovery / activity,Body composition,"Prioritize regular activity, sleep consistency and recovery; investigate persistent deterioration with an appropriate professional.","Prioritize resistance exercise, activity and nutrition aimed at preserving muscle and reducing central adiposity.",Review wearable trend over the next measurement window.,Small changes are emerging across domains; prioritize the highest-weight issues and re-measure.
SA-051,Early Change,Month 6,6,56,Female,,1.28,113.79,95.65,1.67,67,28.54,6.67,7877,5.19,5.41,1.1,1.34,3.02,0.67,24.91,76.83,28.01,21.37,6.32,44.8,Moderate persistent change,0.0,100.0,22.3,32.3,Recovery / activity,Body composition,"Prioritize regular activity, sleep consistency and recovery; investigate persistent deterioration with an appropriate professional.","Prioritize resistance exercise, activity and nutrition aimed at preserving muscle and reducing central adiposity.",Review wearable trend over the next measurement window.,Small changes are emerging across domains; prioritize the highest-weight issues and re-measure.
SA-051,Early Change,Month 9,9,56,Female,,1.26,112.35,95.0,1.7,70,23.06,6.45,7259,5.29,5.49,1.2,1.31,3.12,0.83,25.0,78.06,28.55,21.19,6.71,68.2,High demo priority,9.2,100.0,80.4,50.7,Recovery / activity,Metabolic trend,"Prioritize regular activity, sleep consistency and recovery; investigate persistent deterioration with an appropriate professional.","Prioritize nutrition, activity and weight-management habits; confirm persistent/abnormal laboratory changes with an appropriate clinician.",Review wearable trend over the next measurement window.,Small changes are emerging across domains; prioritize the highest-weight issues and re-measure.
SA-051,Early Change,Month 12,12,56,Female,,1.23,110.1,94.08,1.75,72,18.39,6.22,6503,5.4,5.6,1.32,1.28,3.17,1.01,25.41,79.11,29.07,21.29,7.07,80.8,High demo priority,25.7,100.0,100.0,67.9,Recovery / activity,Metabolic trend,"Prioritize regular activity, sleep consistency and recovery; investigate persistent deterioration with an appropriate professional.","Prioritize nutrition, activity and weight-management habits; confirm persistent/abnormal laboratory changes with an appropriate clinician.",Review wearable trend over the next measurement window.,Small changes are emerging across domains; prioritize the highest-weight issues and re-measure.
SA-052,Early Change,Baseline,0,54,Male,,1.27,107.62,97.92,1.47,63,52.64,7.06,8448,5.08,4.94,1.06,1.55,2.48,0.85,23.0,90.06,24.55,28.91,4.4,0.0,Stable / monitor,0.0,0.0,0.0,0.0,Function / mobility,Recovery / activity,"Maintain or progressively build walking, balance and resistance activity; reassess function.","Prioritize regular activity, sleep consistency and recovery; investigate persistent deterioration with an appropriate professional.",Repeat camera/function assessment.,Small changes are emerging across domains; prioritize the highest-weight issues and re-measure.
SA-052,Early Change,Month 1,1,54,Male,,1.27,106.7,97.8,1.49,64,52.23,7.03,8425,5.07,4.96,1.08,1.54,2.47,0.82,22.94,90.16,25.01,28.03,4.25,3.1,Stable / monitor,4.7,6.1,0.0,2.2,Recovery / activity,Function / mobility,"Prioritize regular activity, sleep consistency and recovery; investigate persistent deterioration with an appropriate professional.","Maintain or progressively build walking, balance and resistance activity; reassess function.",Review wearable trend over the next measurement window.,Small changes are emerging across domains; prioritize the highest-weight issues and re-measure.
SA-052,Early Change,Month 3,3,54,Male,,1.28,107.5,97.81,1.47,65,47.9,6.84,7853,5.07,4.95,1.07,1.55,2.43,0.84,22.79,89.94,24.63,28.28,4.16,13.4,Early change,0.0,44.7,0.0,0.0,Recovery / activity,Function / mobility,"Prioritize regular activity, sleep consistency and recovery; investigate persistent deterioration with an appropriate professional.","Maintain or progressively build walking, balance and resistance activity; reassess function.",Review wearable trend over the next measurement window.,Small changes are emerging across domains; prioritize the highest-weight issues and re-measure.
SA-052,Early Change,Month 6,6,54,Male,,1.26,107.28,98.08,1.47,67,43.66,6.71,7045,5.17,5.01,1.12,1.51,2.5,0.89,23.47,90.62,24.75,27.98,4.81,40.4,Moderate persistent change,1.9,89.9,22.6,25.6,Recovery / activity,Body composition,"Prioritize regular activity, sleep consistency and recovery; investigate persistent deterioration with an appropriate professional.","Prioritize resistance exercise, activity and nutrition aimed at preserving muscle and reducing central adiposity.",Review wearable trend over the next measurement window.,Small changes are emerging across domains; prioritize the highest-weight issues and re-measure.
SA-052,Early Change,Month 9,9,54,Male,,1.25,105.67,97.51,1.53,69,38.61,6.44,6375,5.25,5.09,1.24,1.49,2.58,1.07,23.77,92.52,25.6,28.12,5.07,66.6,High demo priority,15.8,100.0,76.2,45.3,Recovery / activity,Metabolic trend,"Prioritize regular activity, sleep consistency and recovery; investigate persistent deterioration with an appropriate professional.","Prioritize nutrition, activity and weight-management habits; confirm persistent/abnormal laboratory changes with an appropriate clinician.",Review wearable trend over the next measurement window.,Small changes are emerging across domains; prioritize the highest-weight issues and re-measure.
SA-052,Early Change,Month 12,12,54,Male,,1.22,103.94,96.37,1.57,71,34.94,6.21,5533,5.36,5.21,1.35,1.45,2.66,1.21,23.94,93.85,26.07,28.19,5.37,80.3,High demo priority,31.5,100.0,100.0,62.4,Recovery / activity,Metabolic trend,"Prioritize regular activity, sleep consistency and recovery; investigate persistent deterioration with an appropriate professional.","Prioritize nutrition, activity and weight-management habits; confirm persistent/abnormal laboratory changes with an appropriate clinician.",Review wearable trend over the next measurement window.,Small changes are emerging across domains; prioritize the highest-weight issues and re-measure.
SA-053,Early Change,Baseline,0,42,Female,,1.43,112.53,97.41,1.75,60,52.61,6.93,9649,5.08,5.23,1.01,1.76,2.17,0.94,22.69,80.85,21.15,29.88,6.4,0.0,Stable / monitor,0.0,0.0,0.0,0.0,Function / mobility,Recovery / activity,"Maintain or progressively build walking, balance and resistance activity; reassess function.","Prioritize regular activity, sleep consistency and recovery; investigate persistent deterioration with an appropriate professional.",Repeat camera/function assessment.,Small changes are emerging across domains; prioritize the highest-weight issues and re-measure.
SA-053,Early Change,Month 1,1,42,Female,,1.43,113.32,97.09,1.74,60,52.05,6.83,9422,5.14,5.21,1.03,1.76,2.21,0.93,22.94,80.12,20.97,29.67,6.41,4.4,Stable / monitor,0.0,9.7,4.7,0.3,Recovery / activity,Metabolic trend,"Prioritize regular activity, sleep consistency and recovery; investigate persistent deterioration with an appropriate professional.","Prioritize nutrition, activity and weight-management habits; confirm persistent/abnormal laboratory changes with an appropriate clinician.",Review wearable trend over the next measurement window.,Small changes are emerging across domains; prioritize the highest-weight issues and re-measure.
SA-053,Early Change,Month 3,3,42,Female,,1.43,113.47,97.3,1.78,62,48.8,6.71,8908,5.13,5.17,1.02,1.77,2.16,0.95,22.71,80.58,21.32,30.07,6.43,13.6,Early change,2.0,42.9,1.1,0.6,Recovery / activity,Function / mobility,"Prioritize regular activity, sleep consistency and recovery; investigate persistent deterioration with an appropriate professional.","Maintain or progressively build walking, balance and resistance activity; reassess function.",Review wearable trend over the next measurement window.,Small changes are emerging across domains; prioritize the highest-weight issues and re-measure.
SA-053,Early Change,Month 6,6,42,Female,,1.43,113.51,97.15,1.77,63,43.91,6.49,8348,5.22,5.24,1.1,1.75,2.22,1.05,23.3,82.28,22.07,29.2,6.94,43.3,Moderate persistent change,1.1,82.7,35.2,31.2,Recovery / activity,Metabolic trend,"Prioritize regular activity, sleep consistency and recovery; investigate persistent deterioration with an appropriate professional.","Prioritize nutrition, activity and weight-management habits; confirm persistent/abnormal laboratory changes with an appropriate clinician.",Review wearable trend over the next measurement window.,Small changes are emerging across domains; prioritize the highest-weight issues and re-measure.
SA-053,Early Change,Month 9,9,42,Female,,1.42,111.57,96.56,1.82,66,39.29,6.24,7458,5.31,5.34,1.22,1.7,2.25,1.15,23.65,82.5,23.0,29.62,7.08,65.3,High demo priority,12.9,100.0,75.8,42.4,Recovery / activity,Metabolic trend,"Prioritize regular activity, sleep consistency and recovery; investigate persistent deterioration with an appropriate professional.","Prioritize nutrition, activity and weight-management habits; confirm persistent/abnormal laboratory changes with an appropriate clinician.",Review wearable trend over the next measurement window.,Small changes are emerging across domains; prioritize the highest-weight issues and re-measure.
SA-053,Early Change,Month 12,12,42,Female,,1.38,110.36,95.89,1.85,67,34.77,6.06,6821,5.42,5.45,1.29,1.68,2.37,1.28,23.97,84.95,22.9,28.96,7.68,80.6,High demo priority,25.4,100.0,100.0,67.3,Recovery / activity,Metabolic trend,"Prioritize regular activity, sleep consistency and recovery; investigate persistent deterioration with an appropriate professional.","Prioritize nutrition, activity and weight-management habits; confirm persistent/abnormal laboratory changes with an appropriate clinician.",Review wearable trend over the next measurement window.,Small changes are emerging across domains; prioritize the highest-weight issues and re-measure.
SA-054,Early Change,Baseline,0,66,Female,,1.34,112.35,97.81,1.54,62,53.26,7.06,9179,5.01,5.51,0.9,1.33,2.64,0.86,24.41,85.86,19.23,26.42,6.94,0.0,Stable / monitor,0.0,0.0,0.0,0.0,Function / mobility,Recovery / activity,"Maintain or progressively build walking, balance and resistance activity; reassess function.","Prioritize regular activity, sleep consistency and recovery; investigate persistent deterioration with an appropriate professional.",Repeat camera/function assessment.,Small changes are emerging across domains; prioritize the highest-weight issues and re-measure.
SA-054,Early Change,Month 1,1,66,Female,,1.35,111.34,97.83,1.56,63,52.95,7.05,9183,4.99,5.52,0.88,1.33,2.65,0.86,24.42,86.89,19.36,26.18,6.72,1.8,Stable / monitor,2.9,4.6,0.0,0.0,Recovery / activity,Function / mobility,"Prioritize regular activity, sleep consistency and recovery; investigate persistent deterioration with an appropriate professional.","Maintain or progressively build walking, balance and resistance activity; reassess function.",Review wearable trend over the next measurement window.,Small changes are emerging across domains; prioritize the highest-weight issues and re-measure.
SA-054,Early Change,Month 3,3,66,Female,,1.35,111.62,97.81,1.55,63,50.52,6.9,8450,5.01,5.54,0.9,1.34,2.6,0.86,24.32,85.94,19.48,26.42,6.95,10.8,Stable / monitor,1.1,33.9,0.0,1.9,Recovery / activity,Body composition,"Prioritize regular activity, sleep consistency and recovery; investigate persistent deterioration with an appropriate professional.","Prioritize resistance exercise, activity and nutrition aimed at preserving muscle and reducing central adiposity.",Review wearable trend over the next measurement window.,Small changes are emerging across domains; prioritize the highest-weight issues and re-measure.
SA-054,Early Change,Month 6,6,66,Female,,1.36,111.85,97.88,1.54,65,45.42,6.65,7932,5.09,5.58,0.99,1.33,2.66,0.91,24.73,88.15,19.46,25.95,7.58,37.6,Moderate persistent change,0.0,77.9,25.9,25.9,Recovery / activity,Metabolic trend,"Prioritize regular activity, sleep consistency and recovery; investigate persistent deterioration with an appropriate professional.","Prioritize nutrition, activity and weight-management habits; confirm persistent/abnormal laboratory changes with an appropriate clinician.",Review wearable trend over the next measurement window.,Small changes are emerging across domains; prioritize the highest-weight issues and re-measure.
SA-054,Early Change,Month 9,9,66,Female,,1.34,110.48,97.28,1.58,67,40.49,6.46,7106,5.2,5.67,1.09,1.3,2.74,1.06,24.81,88.13,20.63,25.76,7.53,63.3,High demo priority,9.6,100.0,76.1,36.1,Recovery / activity,Metabolic trend,"Prioritize regular activity, sleep consistency and recovery; investigate persistent deterioration with an appropriate professional.","Prioritize nutrition, activity and weight-management habits; confirm persistent/abnormal laboratory changes with an appropriate clinician.",Review wearable trend over the next measurement window.,Small changes are emerging across domains; prioritize the highest-weight issues and re-measure.
SA-054,Early Change,Month 12,12,66,Female,,1.29,108.81,96.43,1.65,70,35.82,6.24,6349,5.28,5.75,1.17,1.25,2.83,1.16,25.24,90.12,21.22,25.05,7.93,79.9,High demo priority,30.9,100.0,100.0,61.1,Recovery / activity,Metabolic trend,"Prioritize regular activity, sleep consistency and recovery; investigate persistent deterioration with an appropriate professional.","Prioritize nutrition, activity and weight-management habits; confirm persistent/abnormal laboratory changes with an appropriate clinician.",Review wearable trend over the next measurement window.,Small changes are emerging across domains; prioritize the highest-weight issues and re-measure.
SA-055,Early Change,Baseline,0,55,Female,,1.35,112.99,97.36,1.56,62,48.52,7.39,10191,4.64,5.32,0.87,1.33,2.74,0.7,20.05,78.04,23.77,26.14,6.69,0.0,Stable / monitor,0.0,0.0,0.0,0.0,Function / mobility,Recovery / activity,"Maintain or progressively build walking, balance and resistance activity; reassess function.","Prioritize regular activity, sleep consistency and recovery; investigate persistent deterioration with an appropriate professional.",Repeat camera/function assessment.,Small changes are emerging across domains; prioritize the highest-weight issues and re-measure.
SA-055,Early Change,Month 1,1,55,Female,,1.36,113.26,96.93,1.53,63,46.68,7.33,9952,4.59,5.34,0.9,1.31,2.75,0.74,20.24,78.75,23.71,25.26,6.71,11.4,Stable / monitor,0.0,17.1,13.8,8.4,Recovery / activity,Metabolic trend,"Prioritize regular activity, sleep consistency and recovery; investigate persistent deterioration with an appropriate professional.","Prioritize nutrition, activity and weight-management habits; confirm persistent/abnormal laboratory changes with an appropriate clinician.",Review wearable trend over the next measurement window.,Small changes are emerging across domains; prioritize the highest-weight issues and re-measure.
SA-055,Early Change,Month 3,3,55,Female,,1.35,113.22,97.28,1.52,64,43.95,7.22,9504,4.64,5.34,0.88,1.33,2.72,0.69,20.19,78.68,24.22,26.26,6.99,16.0,Early change,0.0,43.4,0.0,11.9,Recovery / activity,Body composition,"Prioritize regular activity, sleep consistency and recovery; investigate persistent deterioration with an appropriate professional.","Prioritize resistance exercise, activity and nutrition aimed at preserving muscle and reducing central adiposity.",Review wearable trend over the next measurement window.,Small changes are emerging across domains; prioritize the highest-weight issues and re-measure.
SA-055,Early Change,Month 6,6,55,Female,,1.37,112.74,97.3,1.54,66,39.44,6.98,8850,4.68,5.39,0.94,1.31,2.79,0.81,20.36,80.66,24.37,26.44,7.28,44.1,Moderate persistent change,0.0,87.7,39.0,24.2,Recovery / activity,Metabolic trend,"Prioritize regular activity, sleep consistency and recovery; investigate persistent deterioration with an appropriate professional.","Prioritize nutrition, activity and weight-management habits; confirm persistent/abnormal laboratory changes with an appropriate clinician.",Review wearable trend over the next measurement window.,Small changes are emerging across domains; prioritize the highest-weight issues and re-measure.
SA-055,Early Change,Month 9,9,55,Female,,1.33,111.92,96.65,1.59,68,33.55,6.76,8096,4.82,5.46,1.05,1.27,2.88,0.99,20.45,81.75,24.97,25.01,7.54,73.1,High demo priority,10.2,100.0,100.0,46.1,Recovery / activity,Metabolic trend,"Prioritize regular activity, sleep consistency and recovery; investigate persistent deterioration with an appropriate professional.","Prioritize nutrition, activity and weight-management habits; confirm persistent/abnormal laboratory changes with an appropriate clinician.",Review wearable trend over the next measurement window.,Small changes are emerging across domains; prioritize the highest-weight issues and re-measure.
SA-055,Early Change,Month 12,12,55,Female,,1.3,109.75,95.72,1.65,70,29.74,6.55,7254,4.93,5.58,1.17,1.23,2.93,1.1,20.92,82.48,26.0,25.01,7.91,81.0,High demo priority,28.0,100.0,100.0,67.2,Recovery / activity,Metabolic trend,"Prioritize regular activity, sleep consistency and recovery; investigate persistent deterioration with an appropriate professional.","Prioritize nutrition, activity and weight-management habits; confirm persistent/abnormal laboratory changes with an appropriate clinician.",Review wearable trend over the next measurement window.,Small changes are emerging across domains; prioritize the highest-weight issues and re-measure.
SA-056,Early Change,Baseline,0,47,Male,,1.35,110.64,95.29,1.56,64,50.98,7.27,9120,5.01,5.36,1.14,1.3,2.78,0.44,24.89,86.01,26.45,28.95,6.95,0.0,Stable / monitor,0.0,0.0,0.0,0.0,Function / mobility,Recovery / activity,"Maintain or progressively build walking, balance and resistance activity; reassess function.","Prioritize regular activity, sleep consistency and recovery; investigate persistent deterioration with an appropriate professional.",Repeat camera/function assessment.,Small changes are emerging across domains; prioritize the highest-weight issues and re-measure.
SA-056,Early Change,Month 1,1,47,Male,,1.35,110.2,95.44,1.55,64,49.66,7.28,9051,5.02,5.38,1.12,1.31,2.83,0.47,24.56,85.86,26.07,28.89,6.98,4.6,Stable / monitor,0.0,6.4,8.9,0.0,Metabolic trend,Recovery / activity,"Prioritize nutrition, activity and weight-management habits; confirm persistent/abnormal laboratory changes with an appropriate clinician.","Prioritize regular activity, sleep consistency and recovery; investigate persistent deterioration with an appropriate professional.",Repeat relevant laboratory measures as appropriate.,Small changes are emerging across domains; prioritize the highest-weight issues and re-measure.
SA-056,Early Change,Month 3,3,47,Male,,1.35,110.99,95.39,1.56,65,46.86,7.14,8607,5.06,5.4,1.17,1.33,2.78,0.48,24.58,86.01,26.72,28.84,6.91,14.7,Early change,0.0,34.1,14.9,0.0,Recovery / activity,Metabolic trend,"Prioritize regular activity, sleep consistency and recovery; investigate persistent deterioration with an appropriate professional.","Prioritize nutrition, activity and weight-management habits; confirm persistent/abnormal laboratory changes with an appropriate clinician.",Review wearable trend over the next measurement window.,Small changes are emerging across domains; prioritize the highest-weight issues and re-measure.
SA-056,Early Change,Month 6,6,47,Male,,1.35,110.84,95.46,1.58,68,41.91,6.91,7634,5.1,5.44,1.21,1.31,2.9,0.55,25.0,87.63,27.41,28.39,7.07,46.5,Moderate persistent change,1.8,90.6,50.6,15.4,Recovery / activity,Metabolic trend,"Prioritize regular activity, sleep consistency and recovery; investigate persistent deterioration with an appropriate professional.","Prioritize nutrition, activity and weight-management habits; confirm persistent/abnormal laboratory changes with an appropriate clinician.",Review wearable trend over the next measurement window.,Small changes are emerging across domains; prioritize the highest-weight issues and re-measure.
SA-056,Early Change,Month 9,9,47,Male,,1.33,109.78,94.8,1.6,69,36.74,6.69,7028,5.2,5.53,1.3,1.25,2.92,0.71,25.43,87.52,27.54,27.72,7.76,71.2,High demo priority,10.7,100.0,100.0,38.3,Recovery / activity,Metabolic trend,"Prioritize regular activity, sleep consistency and recovery; investigate persistent deterioration with an appropriate professional.","Prioritize nutrition, activity and weight-management habits; confirm persistent/abnormal laboratory changes with an appropriate clinician.",Review wearable trend over the next measurement window.,Small changes are emerging across domains; prioritize the highest-weight issues and re-measure.
SA-056,Early Change,Month 12,12,47,Male,,1.29,107.3,93.99,1.67,71,32.51,6.43,6346,5.34,5.6,1.41,1.22,3.0,0.84,25.61,89.91,28.31,28.39,8.1,77.9,High demo priority,31.8,100.0,100.0,52.7,Recovery / activity,Metabolic trend,"Prioritize regular activity, sleep consistency and recovery; investigate persistent deterioration with an appropriate professional.","Prioritize nutrition, activity and weight-management habits; confirm persistent/abnormal laboratory changes with an appropriate clinician.",Review wearable trend over the next measurement window.,Small changes are emerging across domains; prioritize the highest-weight issues and re-measure.
SA-057,Early Change,Baseline,0,46,Female,,1.37,107.75,96.71,1.58,66,41.46,7.05,9226,5.39,5.32,0.89,1.73,2.89,0.69,24.38,90.01,26.28,25.55,5.51,0.0,Stable / monitor,0.0,0.0,0.0,0.0,Function / mobility,Recovery / activity,"Maintain or progressively build walking, balance and resistance activity; reassess function.","Prioritize regular activity, sleep consistency and recovery; investigate persistent deterioration with an appropriate professional.",Repeat camera/function assessment.,Small changes are emerging across domains; prioritize the highest-weight issues and re-measure.
SA-057,Early Change,Month 1,1,46,Female,,1.37,107.87,96.83,1.58,66,40.95,7.08,9082,5.39,5.33,0.91,1.75,2.9,0.65,24.57,88.94,25.84,25.77,5.37,1.4,Stable / monitor,0.0,4.7,0.0,0.0,Recovery / activity,Function / mobility,"Prioritize regular activity, sleep consistency and recovery; investigate persistent deterioration with an appropriate professional.","Maintain or progressively build walking, balance and resistance activity; reassess function.",Review wearable trend over the next measurement window.,Small changes are emerging across domains; prioritize the highest-weight issues and re-measure.
SA-057,Early Change,Month 3,3,46,Female,,1.36,107.76,96.71,1.6,68,38.4,6.92,8661,5.41,5.3,0.87,1.75,2.9,0.68,24.56,89.53,26.86,25.19,5.78,15.1,Early change,4.0,36.8,0.0,14.0,Recovery / activity,Body composition,"Prioritize regular activity, sleep consistency and recovery; investigate persistent deterioration with an appropriate professional.","Prioritize resistance exercise, activity and nutrition aimed at preserving muscle and reducing central adiposity.",Review wearable trend over the next measurement window.,Small changes are emerging across domains; prioritize the highest-weight issues and re-measure.
SA-057,Early Change,Month 6,6,46,Female,,1.37,107.87,96.82,1.6,70,34.41,6.67,7767,5.46,5.38,0.96,1.73,2.95,0.75,24.61,90.72,27.03,24.86,6.18,43.1,Moderate persistent change,2.1,88.5,28.1,31.1,Recovery / activity,Body composition,"Prioritize regular activity, sleep consistency and recovery; investigate persistent deterioration with an appropriate professional.","Prioritize resistance exercise, activity and nutrition aimed at preserving muscle and reducing central adiposity.",Review wearable trend over the next measurement window.,Small changes are emerging across domains; prioritize the highest-weight issues and re-measure.
SA-057,Early Change,Month 9,9,46,Female,,1.34,106.19,96.41,1.64,72,28.87,6.51,7140,5.56,5.46,1.05,1.69,3.05,0.87,24.88,92.4,27.25,24.71,6.3,65.8,High demo priority,15.5,100.0,76.9,41.6,Recovery / activity,Metabolic trend,"Prioritize regular activity, sleep consistency and recovery; investigate persistent deterioration with an appropriate professional.","Prioritize nutrition, activity and weight-management habits; confirm persistent/abnormal laboratory changes with an appropriate clinician.",Review wearable trend over the next measurement window.,Small changes are emerging across domains; prioritize the highest-weight issues and re-measure.
SA-057,Early Change,Month 12,12,46,Female,,1.31,104.65,95.34,1.69,73,23.11,6.22,6390,5.68,5.56,1.15,1.67,3.08,0.99,25.19,93.5,28.17,24.05,6.74,81.7,High demo priority,31.3,100.0,100.0,68.1,Recovery / activity,Metabolic trend,"Prioritize regular activity, sleep consistency and recovery; investigate persistent deterioration with an appropriate professional.","Prioritize nutrition, activity and weight-management habits; confirm persistent/abnormal laboratory changes with an appropriate clinician.",Review wearable trend over the next measurement window.,Small changes are emerging across domains; prioritize the highest-weight issues and re-measure.
SA-058,Early Change,Baseline,0,70,Male,,1.32,109.28,96.87,1.62,60,43.54,7.41,8907,5.0,5.2,1.01,1.55,2.74,1.45,23.4,70.87,29.7,27.04,6.82,0.0,Stable / monitor,0.0,0.0,0.0,0.0,Function / mobility,Recovery / activity,"Maintain or progressively build walking, balance and resistance activity; reassess function.","Prioritize regular activity, sleep consistency and recovery; investigate persistent deterioration with an appropriate professional.",Repeat camera/function assessment.,Small changes are emerging across domains; prioritize the highest-weight issues and re-measure.
SA-058,Early Change,Month 1,1,70,Male,,1.33,109.21,96.76,1.62,60,41.22,7.32,8788,5.07,5.19,1.04,1.54,2.71,1.38,23.55,71.06,30.0,27.38,6.52,4.7,Stable / monitor,0.0,15.8,0.0,0.0,Recovery / activity,Function / mobility,"Prioritize regular activity, sleep consistency and recovery; investigate persistent deterioration with an appropriate professional.","Maintain or progressively build walking, balance and resistance activity; reassess function.",Review wearable trend over the next measurement window.,Small changes are emerging across domains; prioritize the highest-weight issues and re-measure.
SA-058,Early Change,Month 3,3,70,Male,,1.33,109.38,96.67,1.61,62,39.25,7.21,8349,5.01,5.18,1.03,1.55,2.75,1.39,23.47,72.11,29.83,27.13,6.68,13.3,Early change,0.0,44.3,0.0,0.2,Recovery / activity,Body composition,"Prioritize regular activity, sleep consistency and recovery; investigate persistent deterioration with an appropriate professional.","Prioritize resistance exercise, activity and nutrition aimed at preserving muscle and reducing central adiposity.",Review wearable trend over the next measurement window.,Small changes are emerging across domains; prioritize the highest-weight issues and re-measure.
SA-058,Early Change,Month 6,6,70,Male,,1.32,108.82,96.64,1.61,64,34.47,7.04,7641,5.14,5.24,1.09,1.53,2.79,1.47,24.07,71.88,29.98,27.35,6.95,36.8,Moderate persistent change,0.1,93.4,21.3,9.6,Recovery / activity,Metabolic trend,"Prioritize regular activity, sleep consistency and recovery; investigate persistent deterioration with an appropriate professional.","Prioritize nutrition, activity and weight-management habits; confirm persistent/abnormal laboratory changes with an appropriate clinician.",Review wearable trend over the next measurement window.,Small changes are emerging across domains; prioritize the highest-weight issues and re-measure.
SA-058,Early Change,Month 9,9,70,Male,,1.31,107.82,96.2,1.66,66,29.72,6.76,6878,5.22,5.34,1.2,1.49,2.82,1.66,24.01,73.95,30.01,26.85,7.35,57.0,High demo priority,10.5,100.0,62.9,26.4,Recovery / activity,Metabolic trend,"Prioritize regular activity, sleep consistency and recovery; investigate persistent deterioration with an appropriate professional.","Prioritize nutrition, activity and weight-management habits; confirm persistent/abnormal laboratory changes with an appropriate clinician.",Review wearable trend over the next measurement window.,Small changes are emerging across domains; prioritize the highest-weight issues and re-measure.
SA-058,Early Change,Month 12,12,70,Male,,1.27,105.25,95.37,1.72,68,23.76,6.51,6109,5.31,5.43,1.28,1.44,2.94,1.75,24.42,76.0,31.19,26.36,7.72,76.5,High demo priority,30.4,100.0,96.6,51.7,Recovery / activity,Metabolic trend,"Prioritize regular activity, sleep consistency and recovery; investigate persistent deterioration with an appropriate professional.","Prioritize nutrition, activity and weight-management habits; confirm persistent/abnormal laboratory changes with an appropriate clinician.",Review wearable trend over the next measurement window.,Small changes are emerging across domains; prioritize the highest-weight issues and re-measure.
SA-059,Early Change,Baseline,0,59,Male,,1.4,114.67,95.78,1.48,63,42.76,7.19,9426,4.87,5.27,1.29,1.31,2.43,1.01,22.03,73.54,22.39,24.72,7.38,0.0,Stable / monitor,0.0,0.0,0.0,0.0,Function / mobility,Recovery / activity,"Maintain or progressively build walking, balance and resistance activity; reassess function.","Prioritize regular activity, sleep consistency and recovery; investigate persistent deterioration with an appropriate professional.",Repeat camera/function assessment.,Small changes are emerging across domains; prioritize the highest-weight issues and re-measure.
SA-059,Early Change,Month 1,1,59,Male,,1.4,114.69,95.7,1.48,63,42.07,7.05,9194,4.89,5.29,1.28,1.33,2.45,0.99,21.88,74.1,21.97,24.58,7.37,3.6,Stable / monitor,0.1,12.0,0.0,0.0,Recovery / activity,Function / mobility,"Prioritize regular activity, sleep consistency and recovery; investigate persistent deterioration with an appropriate professional.","Maintain or progressively build walking, balance and resistance activity; reassess function.",Review wearable trend over the next measurement window.,Small changes are emerging across domains; prioritize the highest-weight issues and re-measure.
SA-059,Early Change,Month 3,3,59,Male,,1.41,114.16,95.74,1.5,64,38.1,6.98,8830,4.87,5.27,1.31,1.33,2.42,1.04,22.54,72.92,21.88,24.26,7.39,14.9,Early change,2.2,43.5,3.4,1.9,Recovery / activity,Metabolic trend,"Prioritize regular activity, sleep consistency and recovery; investigate persistent deterioration with an appropriate professional.","Prioritize nutrition, activity and weight-management habits; confirm persistent/abnormal laboratory changes with an appropriate clinician.",Review wearable trend over the next measurement window.,Small changes are emerging across domains; prioritize the highest-weight issues and re-measure.
SA-059,Early Change,Month 6,6,59,Male,,1.4,114.92,95.56,1.48,66,33.28,6.75,8089,4.94,5.35,1.35,1.35,2.46,1.06,22.55,75.18,22.88,23.7,7.67,38.6,Moderate persistent change,0.0,94.5,14.3,23.7,Recovery / activity,Body composition,"Prioritize regular activity, sleep consistency and recovery; investigate persistent deterioration with an appropriate professional.","Prioritize resistance exercise, activity and nutrition aimed at preserving muscle and reducing central adiposity.",Review wearable trend over the next measurement window.,Small changes are emerging across domains; prioritize the highest-weight issues and re-measure.
SA-059,Early Change,Month 9,9,59,Male,,1.38,113.27,95.19,1.51,68,28.91,6.54,7315,5.05,5.44,1.44,1.27,2.58,1.17,22.87,76.24,23.38,24.84,8.13,57.7,High demo priority,10.6,100.0,58.2,34.5,Recovery / activity,Metabolic trend,"Prioritize regular activity, sleep consistency and recovery; investigate persistent deterioration with an appropriate professional.","Prioritize nutrition, activity and weight-management habits; confirm persistent/abnormal laboratory changes with an appropriate clinician.",Review wearable trend over the next measurement window.,Small changes are emerging across domains; prioritize the highest-weight issues and re-measure.
SA-059,Early Change,Month 12,12,59,Male,,1.35,111.21,94.32,1.6,70,23.99,6.32,6610,5.14,5.49,1.55,1.26,2.65,1.34,22.94,77.5,23.64,23.33,8.66,80.1,High demo priority,32.4,100.0,100.0,60.9,Recovery / activity,Metabolic trend,"Prioritize regular activity, sleep consistency and recovery; investigate persistent deterioration with an appropriate professional.","Prioritize nutrition, activity and weight-management habits; confirm persistent/abnormal laboratory changes with an appropriate clinician.",Review wearable trend over the next measurement window.,Small changes are emerging across domains; prioritize the highest-weight issues and re-measure.
SA-060,Early Change,Baseline,0,57,Female,,1.38,112.5,95.18,1.51,63,43.77,7.27,8006,4.9,5.36,0.75,1.49,2.48,0.79,23.26,82.83,23.76,33.03,7.69,0.0,Stable / monitor,0.0,0.0,0.0,0.0,Function / mobility,Recovery / activity,"Maintain or progressively build walking, balance and resistance activity; reassess function.","Prioritize regular activity, sleep consistency and recovery; investigate persistent deterioration with an appropriate professional.",Repeat camera/function assessment.,Small changes are emerging across domains; prioritize the highest-weight issues and re-measure.
SA-060,Early Change,Month 1,1,57,Female,,1.37,112.62,95.22,1.5,63,43.56,7.2,7884,4.9,5.35,0.77,1.49,2.53,0.81,23.34,81.89,23.36,31.97,7.62,4.6,Stable / monitor,0.0,5.9,9.4,0.0,Metabolic trend,Recovery / activity,"Prioritize nutrition, activity and weight-management habits; confirm persistent/abnormal laboratory changes with an appropriate clinician.","Prioritize regular activity, sleep consistency and recovery; investigate persistent deterioration with an appropriate professional.",Repeat relevant laboratory measures as appropriate.,Small changes are emerging across domains; prioritize the highest-weight issues and re-measure.
SA-060,Early Change,Month 3,3,57,Female,,1.38,113.19,95.08,1.5,64,40.05,7.16,7456,4.9,5.35,0.74,1.52,2.51,0.8,23.5,81.73,23.14,32.59,7.67,11.1,Stable / monitor,0.0,36.9,0.0,0.0,Recovery / activity,Function / mobility,"Prioritize regular activity, sleep consistency and recovery; investigate persistent deterioration with an appropriate professional.","Maintain or progressively build walking, balance and resistance activity; reassess function.",Review wearable trend over the next measurement window.,Small changes are emerging across domains; prioritize the highest-weight issues and re-measure.
SA-060,Early Change,Month 6,6,57,Female,,1.37,112.98,95.44,1.52,67,35.41,6.84,6694,5.0,5.43,0.82,1.48,2.56,0.87,23.65,84.18,25.0,32.63,8.06,45.4,Moderate persistent change,1.4,95.5,35.6,23.3,Recovery / activity,Metabolic trend,"Prioritize regular activity, sleep consistency and recovery; investigate persistent deterioration with an appropriate professional.","Prioritize nutrition, activity and weight-management habits; confirm persistent/abnormal laboratory changes with an appropriate clinician.",Review wearable trend over the next measurement window.,Small changes are emerging across domains; prioritize the highest-weight issues and re-measure.
SA-060,Early Change,Month 9,9,57,Female,,1.35,112.05,94.56,1.54,69,29.9,6.67,5967,5.08,5.48,0.92,1.44,2.61,1.05,23.96,85.57,25.25,32.43,8.56,69.9,High demo priority,10.4,100.0,93.5,41.1,Recovery / activity,Metabolic trend,"Prioritize regular activity, sleep consistency and recovery; investigate persistent deterioration with an appropriate professional.","Prioritize nutrition, activity and weight-management habits; confirm persistent/abnormal laboratory changes with an appropriate clinician.",Review wearable trend over the next measurement window.,Small changes are emerging across domains; prioritize the highest-weight issues and re-measure.
SA-060,Early Change,Month 12,12,57,Female,,1.32,110.12,93.78,1.6,71,25.51,6.43,5249,5.19,5.6,1.02,1.41,2.72,1.1,24.37,86.58,25.38,31.71,8.92,78.6,High demo priority,27.8,100.0,100.0,57.8,Recovery / activity,Metabolic trend,"Prioritize regular activity, sleep consistency and recovery; investigate persistent deterioration with an appropriate professional.","Prioritize nutrition, activity and weight-management habits; confirm persistent/abnormal laboratory changes with an appropriate clinician.",Review wearable trend over the next measurement window.,Small changes are emerging across domains; prioritize the highest-weight issues and re-measure.
SA-061,Persistent Risk,Baseline,0,62,Female,,1.26,115.75,96.68,1.7,61,45.04,6.81,8824,5.09,5.33,1.2,1.61,2.96,0.68,24.55,83.01,24.16,16.76,8.14,0.0,Stable / monitor,0.0,0.0,0.0,0.0,Function / mobility,Recovery / activity,"Maintain or progressively build walking, balance and resistance activity; reassess function.","Prioritize regular activity, sleep consistency and recovery; investigate persistent deterioration with an appropriate professional.",Repeat camera/function assessment.,Persistent multidomain pattern; preventive follow-up and confirmation of relevant measures recommended.
SA-061,Persistent Risk,Month 1,1,62,Female,,1.26,115.52,96.41,1.71,60,46.24,6.79,8643,5.18,5.3,1.2,1.59,2.94,0.69,24.7,82.69,24.16,17.27,7.88,1.6,Stable / monitor,2.1,0.0,4.3,0.0,Metabolic trend,Function / mobility,"Prioritize nutrition, activity and weight-management habits; confirm persistent/abnormal laboratory changes with an appropriate clinician.","Maintain or progressively build walking, balance and resistance activity; reassess function.",Repeat relevant laboratory measures as appropriate.,Persistent multidomain pattern; preventive follow-up and confirmation of relevant measures recommended.
SA-061,Persistent Risk,Month 3,3,62,Female,,1.24,115.23,96.23,1.71,62,44.51,6.83,8615,5.18,5.34,1.22,1.57,2.95,0.72,24.76,84.73,24.63,16.7,8.03,10.1,Stable / monitor,6.2,9.8,15.5,6.2,Metabolic trend,Recovery / activity,"Prioritize nutrition, activity and weight-management habits; confirm persistent/abnormal laboratory changes with an appropriate clinician.","Prioritize regular activity, sleep consistency and recovery; investigate persistent deterioration with an appropriate professional.",Repeat relevant laboratory measures as appropriate.,Persistent multidomain pattern; preventive follow-up and confirmation of relevant measures recommended.
SA-061,Persistent Risk,Month 6,6,62,Female,,1.24,115.33,96.22,1.72,62,44.88,6.83,8396,5.23,5.35,1.24,1.55,2.97,0.69,24.8,84.1,24.28,16.41,8.17,11.9,Stable / monitor,7.2,13.1,16.0,8.5,Metabolic trend,Recovery / activity,"Prioritize nutrition, activity and weight-management habits; confirm persistent/abnormal laboratory changes with an appropriate clinician.","Prioritize regular activity, sleep consistency and recovery; investigate persistent deterioration with an appropriate professional.",Repeat relevant laboratory measures as appropriate.,Persistent multidomain pattern; preventive follow-up and confirmation of relevant measures recommended.
SA-061,Persistent Risk,Month 9,9,62,Female,,1.24,114.41,96.08,1.76,62,43.27,6.68,8355,5.26,5.35,1.29,1.57,2.97,0.71,24.95,84.17,24.44,16.97,8.35,19.3,Early change,13.8,25.6,24.6,8.8,Recovery / activity,Metabolic trend,"Prioritize regular activity, sleep consistency and recovery; investigate persistent deterioration with an appropriate professional.","Prioritize nutrition, activity and weight-management habits; confirm persistent/abnormal laboratory changes with an appropriate clinician.",Review wearable trend over the next measurement window.,Persistent multidomain pattern; preventive follow-up and confirmation of relevant measures recommended.
SA-061,Persistent Risk,Month 12,12,62,Female,,1.22,113.09,95.74,1.76,62,43.3,6.73,8243,5.25,5.37,1.29,1.57,3.0,0.73,25.02,84.87,24.56,16.25,8.55,25.5,Early change,19.9,26.5,30.1,22.2,Metabolic trend,Recovery / activity,"Prioritize nutrition, activity and weight-management habits; confirm persistent/abnormal laboratory changes with an appropriate clinician.","Prioritize regular activity, sleep consistency and recovery; investigate persistent deterioration with an appropriate professional.",Repeat relevant laboratory measures as appropriate.,Persistent multidomain pattern; preventive follow-up and confirmation of relevant measures recommended.
SA-062,Persistent Risk,Baseline,0,45,Male,,1.19,108.05,95.95,1.6,58,43.14,7.64,8428,5.16,5.53,1.18,1.54,2.59,1.15,22.99,85.3,24.0,25.87,8.56,0.0,Stable / monitor,0.0,0.0,0.0,0.0,Function / mobility,Recovery / activity,"Maintain or progressively build walking, balance and resistance activity; reassess function.","Prioritize regular activity, sleep consistency and recovery; investigate persistent deterioration with an appropriate professional.",Repeat camera/function assessment.,Persistent multidomain pattern; preventive follow-up and confirmation of relevant measures recommended.
SA-062,Persistent Risk,Month 1,1,45,Male,,1.18,107.97,95.75,1.61,58,43.7,7.68,8478,5.18,5.55,1.17,1.52,2.63,1.12,23.15,85.4,23.88,25.14,8.48,1.5,Stable / monitor,3.5,0.0,0.2,3.5,Function / mobility,Body composition,"Maintain or progressively build walking, balance and resistance activity; reassess function.","Prioritize resistance exercise, activity and nutrition aimed at preserving muscle and reducing central adiposity.",Repeat camera/function assessment.,Persistent multidomain pattern; preventive follow-up and confirmation of relevant measures recommended.
SA-062,Persistent Risk,Month 3,3,45,Male,,1.18,107.3,95.66,1.62,58,42.3,7.67,8356,5.2,5.53,1.18,1.51,2.62,1.14,23.23,84.41,24.2,24.64,8.56,5.8,Stable / monitor,6.2,4.8,4.0,8.9,Body composition,Function / mobility,"Prioritize resistance exercise, activity and nutrition aimed at preserving muscle and reducing central adiposity.","Maintain or progressively build walking, balance and resistance activity; reassess function.",Repeat waist/BIA under standardized conditions.,Persistent multidomain pattern; preventive follow-up and confirmation of relevant measures recommended.
SA-062,Persistent Risk,Month 6,6,45,Male,,1.18,106.29,95.43,1.65,58,41.29,7.55,8192,5.24,5.55,1.2,1.49,2.65,1.18,23.1,85.54,23.8,24.97,8.63,13.2,Early change,12.3,16.5,15.7,6.8,Recovery / activity,Metabolic trend,"Prioritize regular activity, sleep consistency and recovery; investigate persistent deterioration with an appropriate professional.","Prioritize nutrition, activity and weight-management habits; confirm persistent/abnormal laboratory changes with an appropriate clinician.",Review wearable trend over the next measurement window.,Persistent multidomain pattern; preventive follow-up and confirmation of relevant measures recommended.
SA-062,Persistent Risk,Month 9,9,45,Male,,1.17,106.21,95.16,1.66,59,42.37,7.57,8218,5.23,5.57,1.22,1.51,2.64,1.23,23.13,86.06,24.27,24.77,8.69,16.4,Early change,15.9,13.8,21.7,13.4,Metabolic trend,Function / mobility,"Prioritize nutrition, activity and weight-management habits; confirm persistent/abnormal laboratory changes with an appropriate clinician.","Maintain or progressively build walking, balance and resistance activity; reassess function.",Repeat relevant laboratory measures as appropriate.,Persistent multidomain pattern; preventive follow-up and confirmation of relevant measures recommended.
SA-062,Persistent Risk,Month 12,12,45,Male,,1.16,106.18,95.14,1.68,60,40.84,7.55,8018,5.27,5.63,1.27,1.52,2.66,1.27,23.21,86.42,24.07,25.16,8.84,25.7,Early change,20.2,29.6,34.7,13.7,Metabolic trend,Recovery / activity,"Prioritize nutrition, activity and weight-management habits; confirm persistent/abnormal laboratory changes with an appropriate clinician.","Prioritize regular activity, sleep consistency and recovery; investigate persistent deterioration with an appropriate professional.",Repeat relevant laboratory measures as appropriate.,Persistent multidomain pattern; preventive follow-up and confirmation of relevant measures recommended.
SA-063,Persistent Risk,Baseline,0,67,Female,,1.11,113.73,96.84,1.5,70,41.9,7.28,7793,5.42,5.27,1.28,1.41,2.19,0.75,23.85,90.7,22.51,27.6,6.64,0.0,Stable / monitor,0.0,0.0,0.0,0.0,Function / mobility,Recovery / activity,"Maintain or progressively build walking, balance and resistance activity; reassess function.","Prioritize regular activity, sleep consistency and recovery; investigate persistent deterioration with an appropriate professional.",Repeat camera/function assessment.,Persistent multidomain pattern; preventive follow-up and confirmation of relevant measures recommended.
SA-063,Persistent Risk,Month 1,1,67,Female,,1.11,113.32,96.88,1.5,70,41.67,7.23,7685,5.41,5.28,1.3,1.39,2.21,0.73,23.88,92.03,22.27,27.58,6.81,3.4,Stable / monitor,0.6,5.2,1.6,5.1,Recovery / activity,Body composition,"Prioritize regular activity, sleep consistency and recovery; investigate persistent deterioration with an appropriate professional.","Prioritize resistance exercise, activity and nutrition aimed at preserving muscle and reducing central adiposity.",Review wearable trend over the next measurement window.,Persistent multidomain pattern; preventive follow-up and confirmation of relevant measures recommended.
SA-063,Persistent Risk,Month 3,3,67,Female,,1.1,113.41,96.91,1.51,70,41.29,7.26,7734,5.47,5.3,1.3,1.41,2.21,0.75,23.88,91.37,22.31,27.4,6.68,4.2,Stable / monitor,3.6,5.0,5.3,2.1,Metabolic trend,Recovery / activity,"Prioritize nutrition, activity and weight-management habits; confirm persistent/abnormal laboratory changes with an appropriate clinician.","Prioritize regular activity, sleep consistency and recovery; investigate persistent deterioration with an appropriate professional.",Repeat relevant laboratory measures as appropriate.,Persistent multidomain pattern; preventive follow-up and confirmation of relevant measures recommended.
SA-063,Persistent Risk,Month 6,6,67,Female,,1.1,113.31,96.6,1.54,71,40.3,7.19,7586,5.5,5.31,1.33,1.36,2.21,0.81,24.02,92.43,22.78,27.41,6.92,17.7,Early change,8.4,18.3,24.8,14.0,Metabolic trend,Recovery / activity,"Prioritize nutrition, activity and weight-management habits; confirm persistent/abnormal laboratory changes with an appropriate clinician.","Prioritize regular activity, sleep consistency and recovery; investigate persistent deterioration with an appropriate professional.",Repeat relevant laboratory measures as appropriate.,Persistent multidomain pattern; preventive follow-up and confirmation of relevant measures recommended.
SA-063,Persistent Risk,Month 9,9,67,Female,,1.09,112.21,96.31,1.55,71,39.56,7.17,7350,5.52,5.33,1.38,1.37,2.25,0.85,24.03,92.51,22.63,27.21,6.81,25.4,Early change,14.0,28.4,39.6,11.6,Metabolic trend,Recovery / activity,"Prioritize nutrition, activity and weight-management habits; confirm persistent/abnormal laboratory changes with an appropriate clinician.","Prioritize regular activity, sleep consistency and recovery; investigate persistent deterioration with an appropriate professional.",Repeat relevant laboratory measures as appropriate.,Persistent multidomain pattern; preventive follow-up and confirmation of relevant measures recommended.
SA-063,Persistent Risk,Month 12,12,67,Female,,1.08,111.87,96.13,1.57,72,39.44,7.11,7241,5.53,5.37,1.39,1.36,2.29,0.89,24.23,92.35,22.38,27.76,7.09,33.2,Moderate persistent change,19.5,36.3,52.4,14.5,Metabolic trend,Recovery / activity,"Prioritize nutrition, activity and weight-management habits; confirm persistent/abnormal laboratory changes with an appropriate clinician.","Prioritize regular activity, sleep consistency and recovery; investigate persistent deterioration with an appropriate professional.",Repeat relevant laboratory measures as appropriate.,Persistent multidomain pattern; preventive follow-up and confirmation of relevant measures recommended.
SA-064,Persistent Risk,Baseline,0,55,Male,,1.3,104.45,95.13,1.67,71,39.96,7.13,7596,5.1,5.66,0.78,1.43,2.86,1.24,22.86,80.0,27.24,28.12,5.74,0.0,Stable / monitor,0.0,0.0,0.0,0.0,Function / mobility,Recovery / activity,"Maintain or progressively build walking, balance and resistance activity; reassess function.","Prioritize regular activity, sleep consistency and recovery; investigate persistent deterioration with an appropriate professional.",Repeat camera/function assessment.,Persistent multidomain pattern; preventive follow-up and confirmation of relevant measures recommended.
SA-064,Persistent Risk,Month 1,1,55,Male,,1.3,103.56,95.08,1.68,72,38.81,7.12,7671,5.15,5.66,0.77,1.43,2.76,1.23,22.42,79.7,27.14,26.77,5.82,3.9,Stable / monitor,3.0,6.9,0.0,5.6,Recovery / activity,Body composition,"Prioritize regular activity, sleep consistency and recovery; investigate persistent deterioration with an appropriate professional.","Prioritize resistance exercise, activity and nutrition aimed at preserving muscle and reducing central adiposity.",Review wearable trend over the next measurement window.,Persistent multidomain pattern; preventive follow-up and confirmation of relevant measures recommended.
SA-064,Persistent Risk,Month 3,3,55,Male,,1.28,103.57,94.85,1.69,72,38.23,7.12,7644,5.13,5.68,0.77,1.44,2.84,1.23,22.59,79.93,27.07,27.46,5.92,5.7,Stable / monitor,7.7,10.5,0.0,5.7,Recovery / activity,Function / mobility,"Prioritize regular activity, sleep consistency and recovery; investigate persistent deterioration with an appropriate professional.","Maintain or progressively build walking, balance and resistance activity; reassess function.",Review wearable trend over the next measurement window.,Persistent multidomain pattern; preventive follow-up and confirmation of relevant measures recommended.
SA-064,Persistent Risk,Month 6,6,55,Male,,1.27,103.45,94.66,1.7,72,38.08,7.07,7542,5.17,5.71,0.8,1.41,2.86,1.26,22.64,80.61,27.65,28.21,5.79,10.1,Stable / monitor,11.1,15.3,10.4,3.0,Recovery / activity,Function / mobility,"Prioritize regular activity, sleep consistency and recovery; investigate persistent deterioration with an appropriate professional.","Maintain or progressively build walking, balance and resistance activity; reassess function.",Review wearable trend over the next measurement window.,Persistent multidomain pattern; preventive follow-up and confirmation of relevant measures recommended.
SA-064,Persistent Risk,Month 9,9,55,Male,,1.27,102.68,94.48,1.72,72,37.65,6.98,7375,5.2,5.71,0.83,1.43,2.92,1.31,22.71,80.62,27.29,27.25,5.74,17.8,Early change,15.4,24.4,22.7,5.4,Recovery / activity,Metabolic trend,"Prioritize regular activity, sleep consistency and recovery; investigate persistent deterioration with an appropriate professional.","Prioritize nutrition, activity and weight-management habits; confirm persistent/abnormal laboratory changes with an appropriate clinician.",Review wearable trend over the next measurement window.,Persistent multidomain pattern; preventive follow-up and confirmation of relevant measures recommended.
SA-064,Persistent Risk,Month 12,12,55,Male,,1.27,102.49,94.39,1.73,73,35.92,7.03,7190,5.22,5.76,0.86,1.42,2.88,1.35,22.65,79.57,27.73,27.87,6.07,27.0,Early change,17.1,39.3,32.9,11.2,Recovery / activity,Metabolic trend,"Prioritize regular activity, sleep consistency and recovery; investigate persistent deterioration with an appropriate professional.","Prioritize nutrition, activity and weight-management habits; confirm persistent/abnormal laboratory changes with an appropriate clinician.",Review wearable trend over the next measurement window.,Persistent multidomain pattern; preventive follow-up and confirmation of relevant measures recommended.
SA-065,Persistent Risk,Baseline,0,64,Female,,1.28,110.99,95.91,1.6,66,46.63,7.2,8353,5.19,5.43,1.11,1.62,2.3,0.65,22.95,87.77,24.2,27.83,6.96,0.0,Stable / monitor,0.0,0.0,0.0,0.0,Function / mobility,Recovery / activity,"Maintain or progressively build walking, balance and resistance activity; reassess function.","Prioritize regular activity, sleep consistency and recovery; investigate persistent deterioration with an appropriate professional.",Repeat camera/function assessment.,Persistent multidomain pattern; preventive follow-up and confirmation of relevant measures recommended.
SA-065,Persistent Risk,Month 1,1,64,Female,,1.29,110.68,95.71,1.62,67,46.65,7.21,8354,5.19,5.42,1.16,1.65,2.31,0.72,22.8,88.56,24.57,27.87,6.95,7.1,Stable / monitor,1.9,2.6,18.2,2.4,Metabolic trend,Recovery / activity,"Prioritize nutrition, activity and weight-management habits; confirm persistent/abnormal laboratory changes with an appropriate clinician.","Prioritize regular activity, sleep consistency and recovery; investigate persistent deterioration with an appropriate professional.",Repeat relevant laboratory measures as appropriate.,Persistent multidomain pattern; preventive follow-up and confirmation of relevant measures recommended.
SA-065,Persistent Risk,Month 3,3,64,Female,,1.28,110.04,95.57,1.62,67,44.74,7.17,8368,5.23,5.44,1.13,1.6,2.31,0.69,23.11,88.06,24.06,28.04,7.0,8.5,Stable / monitor,4.9,11.6,14.1,0.4,Metabolic trend,Recovery / activity,"Prioritize nutrition, activity and weight-management habits; confirm persistent/abnormal laboratory changes with an appropriate clinician.","Prioritize regular activity, sleep consistency and recovery; investigate persistent deterioration with an appropriate professional.",Repeat relevant laboratory measures as appropriate.,Persistent multidomain pattern; preventive follow-up and confirmation of relevant measures recommended.
SA-065,Persistent Risk,Month 6,6,64,Female,,1.28,110.27,95.23,1.63,67,45.43,7.14,8177,5.23,5.46,1.16,1.62,2.34,0.75,23.29,88.14,24.12,28.79,7.02,14.4,Early change,6.5,14.1,30.6,0.0,Metabolic trend,Recovery / activity,"Prioritize nutrition, activity and weight-management habits; confirm persistent/abnormal laboratory changes with an appropriate clinician.","Prioritize regular activity, sleep consistency and recovery; investigate persistent deterioration with an appropriate professional.",Repeat relevant laboratory measures as appropriate.,Persistent multidomain pattern; preventive follow-up and confirmation of relevant measures recommended.
SA-065,Persistent Risk,Month 9,9,64,Female,,1.26,109.29,95.14,1.66,67,44.61,7.08,8129,5.28,5.49,1.2,1.6,2.4,0.72,23.21,88.51,24.84,28.21,7.03,21.0,Early change,15.3,20.4,36.4,6.8,Metabolic trend,Recovery / activity,"Prioritize nutrition, activity and weight-management habits; confirm persistent/abnormal laboratory changes with an appropriate clinician.","Prioritize regular activity, sleep consistency and recovery; investigate persistent deterioration with an appropriate professional.",Repeat relevant laboratory measures as appropriate.,Persistent multidomain pattern; preventive follow-up and confirmation of relevant measures recommended.
SA-065,Persistent Risk,Month 12,12,64,Female,,1.26,109.05,94.84,1.67,68,42.57,7.06,7979,5.33,5.5,1.23,1.58,2.34,0.81,23.43,88.54,24.26,27.96,7.29,34.0,Moderate persistent change,17.6,36.3,58.2,12.0,Metabolic trend,Recovery / activity,"Prioritize nutrition, activity and weight-management habits; confirm persistent/abnormal laboratory changes with an appropriate clinician.","Prioritize regular activity, sleep consistency and recovery; investigate persistent deterioration with an appropriate professional.",Repeat relevant laboratory measures as appropriate.,Persistent multidomain pattern; preventive follow-up and confirmation of relevant measures recommended.
SA-066,Persistent Risk,Baseline,0,70,Female,,1.34,104.27,97.04,1.5,62,31.16,6.5,7954,5.01,5.24,1.16,1.25,2.8,1.16,23.99,87.97,29.32,27.54,4.55,0.0,Stable / monitor,0.0,0.0,0.0,0.0,Function / mobility,Recovery / activity,"Maintain or progressively build walking, balance and resistance activity; reassess function.","Prioritize regular activity, sleep consistency and recovery; investigate persistent deterioration with an appropriate professional.",Repeat camera/function assessment.,Persistent multidomain pattern; preventive follow-up and confirmation of relevant measures recommended.
SA-066,Persistent Risk,Month 1,1,70,Female,,1.34,104.81,96.82,1.5,62,31.6,6.51,7876,5.03,5.21,1.17,1.25,2.78,1.18,23.86,87.58,29.2,26.73,4.76,3.2,Stable / monitor,0.0,0.0,2.3,9.9,Body composition,Metabolic trend,"Prioritize resistance exercise, activity and nutrition aimed at preserving muscle and reducing central adiposity.","Prioritize nutrition, activity and weight-management habits; confirm persistent/abnormal laboratory changes with an appropriate clinician.",Repeat waist/BIA under standardized conditions.,Persistent multidomain pattern; preventive follow-up and confirmation of relevant measures recommended.
SA-066,Persistent Risk,Month 3,3,70,Female,,1.33,103.93,96.53,1.5,62,31.48,6.5,7954,5.02,5.26,1.17,1.24,2.78,1.21,24.13,89.5,29.98,27.37,4.83,7.4,Stable / monitor,3.2,0.0,7.8,18.2,Body composition,Metabolic trend,"Prioritize resistance exercise, activity and nutrition aimed at preserving muscle and reducing central adiposity.","Prioritize nutrition, activity and weight-management habits; confirm persistent/abnormal laboratory changes with an appropriate clinician.",Repeat waist/BIA under standardized conditions.,Persistent multidomain pattern; preventive follow-up and confirmation of relevant measures recommended.
SA-066,Persistent Risk,Month 6,6,70,Female,,1.32,103.53,96.39,1.52,62,31.86,6.45,7783,5.06,5.28,1.22,1.24,2.8,1.21,24.33,89.05,29.65,27.34,4.89,11.3,Stable / monitor,8.4,1.3,16.1,19.2,Body composition,Metabolic trend,"Prioritize resistance exercise, activity and nutrition aimed at preserving muscle and reducing central adiposity.","Prioritize nutrition, activity and weight-management habits; confirm persistent/abnormal laboratory changes with an appropriate clinician.",Repeat waist/BIA under standardized conditions.,Persistent multidomain pattern; preventive follow-up and confirmation of relevant measures recommended.
SA-066,Persistent Risk,Month 9,9,70,Female,,1.31,103.15,96.14,1.54,63,29.37,6.4,7629,5.1,5.31,1.26,1.22,2.83,1.26,24.04,90.41,29.38,28.43,5.07,24.0,Early change,13.8,26.0,31.8,18.2,Metabolic trend,Recovery / activity,"Prioritize nutrition, activity and weight-management habits; confirm persistent/abnormal laboratory changes with an appropriate clinician.","Prioritize regular activity, sleep consistency and recovery; investigate persistent deterioration with an appropriate professional.",Repeat relevant laboratory measures as appropriate.,Persistent multidomain pattern; preventive follow-up and confirmation of relevant measures recommended.
SA-066,Persistent Risk,Month 12,12,70,Female,,1.3,102.32,96.09,1.56,63,29.01,6.39,7498,5.09,5.31,1.28,1.22,2.83,1.29,24.39,89.68,29.71,27.56,4.88,28.6,Early change,19.7,31.9,37.3,19.4,Metabolic trend,Recovery / activity,"Prioritize nutrition, activity and weight-management habits; confirm persistent/abnormal laboratory changes with an appropriate clinician.","Prioritize regular activity, sleep consistency and recovery; investigate persistent deterioration with an appropriate professional.",Repeat relevant laboratory measures as appropriate.,Persistent multidomain pattern; preventive follow-up and confirmation of relevant measures recommended.
SA-067,Persistent Risk,Baseline,0,62,Female,,1.22,105.91,95.49,1.58,65,37.34,7.27,8686,5.28,5.39,1.15,1.21,2.67,1.12,24.75,89.39,25.51,27.17,8.05,0.0,Stable / monitor,0.0,0.0,0.0,0.0,Function / mobility,Recovery / activity,"Maintain or progressively build walking, balance and resistance activity; reassess function.","Prioritize regular activity, sleep consistency and recovery; investigate persistent deterioration with an appropriate professional.",Repeat camera/function assessment.,Persistent multidomain pattern; preventive follow-up and confirmation of relevant measures recommended.
SA-067,Persistent Risk,Month 1,1,62,Female,,1.23,106.56,95.44,1.57,65,37.13,7.19,8713,5.31,5.4,1.15,1.22,2.67,1.14,24.68,90.55,26.12,28.36,8.07,1.5,Stable / monitor,0.0,2.7,2.3,0.0,Recovery / activity,Metabolic trend,"Prioritize regular activity, sleep consistency and recovery; investigate persistent deterioration with an appropriate professional.","Prioritize nutrition, activity and weight-management habits; confirm persistent/abnormal laboratory changes with an appropriate clinician.",Review wearable trend over the next measurement window.,Persistent multidomain pattern; preventive follow-up and confirmation of relevant measures recommended.
SA-067,Persistent Risk,Month 3,3,62,Female,,1.22,106.44,95.22,1.61,64,37.02,7.23,8732,5.33,5.42,1.16,1.2,2.66,1.17,24.83,90.57,25.38,28.04,8.13,3.4,Stable / monitor,3.4,0.0,9.7,0.0,Metabolic trend,Function / mobility,"Prioritize nutrition, activity and weight-management habits; confirm persistent/abnormal laboratory changes with an appropriate clinician.","Maintain or progressively build walking, balance and resistance activity; reassess function.",Repeat relevant laboratory measures as appropriate.,Persistent multidomain pattern; preventive follow-up and confirmation of relevant measures recommended.
SA-067,Persistent Risk,Month 6,6,62,Female,,1.22,105.81,94.95,1.62,64,35.93,7.27,8491,5.36,5.47,1.19,1.22,2.67,1.21,25.04,90.01,25.72,27.55,8.07,9.7,Stable / monitor,6.4,9.0,18.2,2.5,Metabolic trend,Recovery / activity,"Prioritize nutrition, activity and weight-management habits; confirm persistent/abnormal laboratory changes with an appropriate clinician.","Prioritize regular activity, sleep consistency and recovery; investigate persistent deterioration with an appropriate professional.",Repeat relevant laboratory measures as appropriate.,Persistent multidomain pattern; preventive follow-up and confirmation of relevant measures recommended.
SA-067,Persistent Risk,Month 9,9,62,Female,,1.19,105.01,94.74,1.66,65,35.63,7.21,8301,5.37,5.49,1.19,1.22,2.7,1.24,25.09,90.13,25.68,29.07,8.48,16.4,Early change,18.3,19.7,24.1,1.9,Metabolic trend,Recovery / activity,"Prioritize nutrition, activity and weight-management habits; confirm persistent/abnormal laboratory changes with an appropriate clinician.","Prioritize regular activity, sleep consistency and recovery; investigate persistent deterioration with an appropriate professional.",Repeat relevant laboratory measures as appropriate.,Persistent multidomain pattern; preventive follow-up and confirmation of relevant measures recommended.
SA-067,Persistent Risk,Month 12,12,62,Female,,1.19,104.7,94.62,1.66,65,34.83,7.13,8211,5.38,5.48,1.25,1.21,2.74,1.24,25.01,90.67,25.75,27.86,8.57,24.5,Early change,19.2,28.2,34.1,11.7,Metabolic trend,Recovery / activity,"Prioritize nutrition, activity and weight-management habits; confirm persistent/abnormal laboratory changes with an appropriate clinician.","Prioritize regular activity, sleep consistency and recovery; investigate persistent deterioration with an appropriate professional.",Repeat relevant laboratory measures as appropriate.,Persistent multidomain pattern; preventive follow-up and confirmation of relevant measures recommended.
SA-068,Persistent Risk,Baseline,0,57,Female,,1.27,110.63,95.06,1.67,62,43.45,7.07,7791,4.84,5.35,1.14,1.54,2.53,1.2,24.79,84.73,23.86,25.78,7.57,0.0,Stable / monitor,0.0,0.0,0.0,0.0,Function / mobility,Recovery / activity,"Maintain or progressively build walking, balance and resistance activity; reassess function.","Prioritize regular activity, sleep consistency and recovery; investigate persistent deterioration with an appropriate professional.",Repeat camera/function assessment.,Persistent multidomain pattern; preventive follow-up and confirmation of relevant measures recommended.
SA-068,Persistent Risk,Month 1,1,57,Female,,1.27,109.79,94.8,1.71,63,44.61,7.06,7785,4.82,5.38,1.16,1.53,2.6,1.16,24.85,84.55,23.54,25.71,7.69,2.0,Stable / monitor,6.9,0.0,2.6,0.9,Function / mobility,Metabolic trend,"Maintain or progressively build walking, balance and resistance activity; reassess function.","Prioritize nutrition, activity and weight-management habits; confirm persistent/abnormal laboratory changes with an appropriate clinician.",Repeat camera/function assessment.,Persistent multidomain pattern; preventive follow-up and confirmation of relevant measures recommended.
SA-068,Persistent Risk,Month 3,3,57,Female,,1.26,109.79,94.72,1.72,63,42.83,7.09,7747,4.87,5.39,1.17,1.53,2.56,1.22,24.73,84.05,24.23,25.41,7.6,7.4,Stable / monitor,9.8,6.6,10.0,3.7,Metabolic trend,Function / mobility,"Prioritize nutrition, activity and weight-management habits; confirm persistent/abnormal laboratory changes with an appropriate clinician.","Maintain or progressively build walking, balance and resistance activity; reassess function.",Repeat relevant laboratory measures as appropriate.,Persistent multidomain pattern; preventive follow-up and confirmation of relevant measures recommended.
SA-068,Persistent Risk,Month 6,6,57,Female,,1.25,109.52,94.42,1.74,65,42.57,6.98,7677,4.87,5.4,1.2,1.51,2.59,1.2,24.72,85.44,24.73,25.93,7.76,14.9,Early change,14.9,19.2,14.8,9.8,Recovery / activity,Function / mobility,"Prioritize regular activity, sleep consistency and recovery; investigate persistent deterioration with an appropriate professional.","Maintain or progressively build walking, balance and resistance activity; reassess function.",Review wearable trend over the next measurement window.,Persistent multidomain pattern; preventive follow-up and confirmation of relevant measures recommended.
SA-068,Persistent Risk,Month 9,9,57,Female,,1.24,109.12,94.32,1.75,64,41.13,6.99,7577,4.92,5.42,1.23,1.52,2.62,1.29,24.99,85.79,24.33,25.27,7.93,23.8,Early change,18.6,24.9,30.9,17.2,Metabolic trend,Recovery / activity,"Prioritize nutrition, activity and weight-management habits; confirm persistent/abnormal laboratory changes with an appropriate clinician.","Prioritize regular activity, sleep consistency and recovery; investigate persistent deterioration with an appropriate professional.",Repeat relevant laboratory measures as appropriate.,Persistent multidomain pattern; preventive follow-up and confirmation of relevant measures recommended.
SA-068,Persistent Risk,Month 12,12,57,Female,,1.24,108.13,94.06,1.77,65,41.1,7.05,7461,4.97,5.47,1.23,1.51,2.64,1.32,25.01,86.5,24.53,25.43,7.74,27.7,Early change,23.3,29.5,38.8,15.0,Metabolic trend,Recovery / activity,"Prioritize nutrition, activity and weight-management habits; confirm persistent/abnormal laboratory changes with an appropriate clinician.","Prioritize regular activity, sleep consistency and recovery; investigate persistent deterioration with an appropriate professional.",Repeat relevant laboratory measures as appropriate.,Persistent multidomain pattern; preventive follow-up and confirmation of relevant measures recommended.
SA-069,Persistent Risk,Baseline,0,69,Male,,1.27,107.46,94.36,1.71,64,49.61,7.22,8251,4.81,5.29,1.19,1.35,2.99,1.01,23.14,82.79,26.33,23.96,9.03,0.0,Stable / monitor,0.0,0.0,0.0,0.0,Function / mobility,Recovery / activity,"Maintain or progressively build walking, balance and resistance activity; reassess function.","Prioritize regular activity, sleep consistency and recovery; investigate persistent deterioration with an appropriate professional.",Repeat camera/function assessment.,Persistent multidomain pattern; preventive follow-up and confirmation of relevant measures recommended.
SA-069,Persistent Risk,Month 1,1,69,Male,,1.26,107.84,94.29,1.72,65,50.84,7.24,8281,4.82,5.33,1.19,1.36,2.99,1.05,23.35,82.6,26.55,23.74,9.04,3.0,Stable / monitor,2.2,0.0,5.6,4.1,Metabolic trend,Body composition,"Prioritize nutrition, activity and weight-management habits; confirm persistent/abnormal laboratory changes with an appropriate clinician.","Prioritize resistance exercise, activity and nutrition aimed at preserving muscle and reducing central adiposity.",Repeat relevant laboratory measures as appropriate.,Persistent multidomain pattern; preventive follow-up and confirmation of relevant measures recommended.
SA-069,Persistent Risk,Month 3,3,69,Male,,1.25,107.24,94.05,1.72,64,49.7,7.22,8215,4.88,5.31,1.22,1.33,3.05,1.05,23.03,82.79,26.28,23.77,9.02,5.7,Stable / monitor,5.4,0.5,15.7,0.0,Metabolic trend,Function / mobility,"Prioritize nutrition, activity and weight-management habits; confirm persistent/abnormal laboratory changes with an appropriate clinician.","Maintain or progressively build walking, balance and resistance activity; reassess function.",Repeat relevant laboratory measures as appropriate.,Persistent multidomain pattern; preventive follow-up and confirmation of relevant measures recommended.
SA-069,Persistent Risk,Month 6,6,69,Male,,1.25,105.99,93.82,1.72,65,49.36,7.19,7917,4.86,5.35,1.27,1.32,3.04,1.06,23.24,82.92,26.7,23.92,9.06,13.3,Early change,8.2,13.1,23.7,4.0,Metabolic trend,Recovery / activity,"Prioritize nutrition, activity and weight-management habits; confirm persistent/abnormal laboratory changes with an appropriate clinician.","Prioritize regular activity, sleep consistency and recovery; investigate persistent deterioration with an appropriate professional.",Repeat relevant laboratory measures as appropriate.,Persistent multidomain pattern; preventive follow-up and confirmation of relevant measures recommended.
SA-069,Persistent Risk,Month 9,9,69,Male,,1.23,105.79,93.46,1.76,65,47.84,7.2,7856,4.89,5.34,1.27,1.3,3.06,1.13,23.42,82.91,26.89,23.97,9.06,21.1,Early change,17.2,20.4,36.3,6.0,Metabolic trend,Recovery / activity,"Prioritize nutrition, activity and weight-management habits; confirm persistent/abnormal laboratory changes with an appropriate clinician.","Prioritize regular activity, sleep consistency and recovery; investigate persistent deterioration with an appropriate professional.",Repeat relevant laboratory measures as appropriate.,Persistent multidomain pattern; preventive follow-up and confirmation of relevant measures recommended.
SA-069,Persistent Risk,Month 12,12,69,Male,,1.22,105.34,93.53,1.77,66,47.64,7.1,7659,4.9,5.38,1.3,1.31,3.11,1.14,23.2,83.14,27.24,23.35,9.2,29.2,Early change,20.6,31.9,43.6,13.7,Metabolic trend,Recovery / activity,"Prioritize nutrition, activity and weight-management habits; confirm persistent/abnormal laboratory changes with an appropriate clinician.","Prioritize regular activity, sleep consistency and recovery; investigate persistent deterioration with an appropriate professional.",Repeat relevant laboratory measures as appropriate.,Persistent multidomain pattern; preventive follow-up and confirmation of relevant measures recommended.
SA-070,Persistent Risk,Baseline,0,48,Male,,1.25,110.5,95.67,1.8,69,37.6,6.84,8834,5.0,5.2,1.38,1.53,2.78,1.44,23.83,101.02,24.86,36.75,7.84,0.0,Stable / monitor,0.0,0.0,0.0,0.0,Function / mobility,Recovery / activity,"Maintain or progressively build walking, balance and resistance activity; reassess function.","Prioritize regular activity, sleep consistency and recovery; investigate persistent deterioration with an appropriate professional.",Repeat camera/function assessment.,Persistent multidomain pattern; preventive follow-up and confirmation of relevant measures recommended.
SA-070,Persistent Risk,Month 1,1,48,Male,,1.24,110.27,95.45,1.78,68,37.24,6.83,8845,5.01,5.22,1.45,1.53,2.81,1.41,23.63,100.49,25.13,36.67,7.72,1.9,Stable / monitor,0.3,0.0,6.2,0.0,Metabolic trend,Function / mobility,"Prioritize nutrition, activity and weight-management habits; confirm persistent/abnormal laboratory changes with an appropriate clinician.","Maintain or progressively build walking, balance and resistance activity; reassess function.",Repeat relevant laboratory measures as appropriate.,Persistent multidomain pattern; preventive follow-up and confirmation of relevant measures recommended.
SA-070,Persistent Risk,Month 3,3,48,Male,,1.23,110.04,95.3,1.8,69,36.73,6.81,8824,5.05,5.23,1.45,1.5,2.76,1.46,23.91,100.25,24.9,36.12,7.77,6.4,Stable / monitor,4.8,5.7,12.4,0.9,Metabolic trend,Recovery / activity,"Prioritize nutrition, activity and weight-management habits; confirm persistent/abnormal laboratory changes with an appropriate clinician.","Prioritize regular activity, sleep consistency and recovery; investigate persistent deterioration with an appropriate professional.",Repeat relevant laboratory measures as appropriate.,Persistent multidomain pattern; preventive follow-up and confirmation of relevant measures recommended.
SA-070,Persistent Risk,Month 6,6,48,Male,,1.23,109.82,94.95,1.83,69,35.77,6.81,8627,5.03,5.24,1.46,1.51,2.78,1.5,23.69,100.17,25.17,37.05,7.82,11.1,Stable / monitor,9.3,15.3,16.9,0.0,Metabolic trend,Recovery / activity,"Prioritize nutrition, activity and weight-management habits; confirm persistent/abnormal laboratory changes with an appropriate clinician.","Prioritize regular activity, sleep consistency and recovery; investigate persistent deterioration with an appropriate professional.",Repeat relevant laboratory measures as appropriate.,Persistent multidomain pattern; preventive follow-up and confirmation of relevant measures recommended.
SA-070,Persistent Risk,Month 9,9,48,Male,,1.22,108.86,94.92,1.83,69,34.18,6.72,8434,5.13,5.27,1.52,1.49,2.82,1.52,23.52,101.01,25.29,36.43,8.05,22.2,Early change,12.7,30.8,31.6,6.3,Metabolic trend,Recovery / activity,"Prioritize nutrition, activity and weight-management habits; confirm persistent/abnormal laboratory changes with an appropriate clinician.","Prioritize regular activity, sleep consistency and recovery; investigate persistent deterioration with an appropriate professional.",Repeat relevant laboratory measures as appropriate.,Persistent multidomain pattern; preventive follow-up and confirmation of relevant measures recommended.
SA-070,Persistent Risk,Month 12,12,48,Male,,1.21,108.42,94.84,1.84,70,34.67,6.73,8350,5.14,5.31,1.53,1.49,2.89,1.57,23.9,101.34,24.9,36.79,8.17,26.7,Early change,16.3,32.7,41.8,7.8,Metabolic trend,Recovery / activity,"Prioritize nutrition, activity and weight-management habits; confirm persistent/abnormal laboratory changes with an appropriate clinician.","Prioritize regular activity, sleep consistency and recovery; investigate persistent deterioration with an appropriate professional.",Repeat relevant laboratory measures as appropriate.,Persistent multidomain pattern; preventive follow-up and confirmation of relevant measures recommended.
SA-071,Persistent Risk,Baseline,0,60,Female,,1.3,112.22,96.63,1.72,66,41.63,7.48,8267,5.08,5.5,0.82,1.32,2.52,1.11,25.34,79.05,27.82,32.36,5.72,0.0,Stable / monitor,0.0,0.0,0.0,0.0,Function / mobility,Recovery / activity,"Maintain or progressively build walking, balance and resistance activity; reassess function.","Prioritize regular activity, sleep consistency and recovery; investigate persistent deterioration with an appropriate professional.",Repeat camera/function assessment.,Persistent multidomain pattern; preventive follow-up and confirmation of relevant measures recommended.
SA-071,Persistent Risk,Month 1,1,60,Female,,1.31,112.31,96.75,1.72,66,42.55,7.44,8239,5.04,5.48,0.8,1.28,2.59,1.12,25.14,80.1,27.72,32.12,5.93,3.1,Stable / monitor,0.0,0.0,4.2,7.3,Body composition,Metabolic trend,"Prioritize resistance exercise, activity and nutrition aimed at preserving muscle and reducing central adiposity.","Prioritize nutrition, activity and weight-management habits; confirm persistent/abnormal laboratory changes with an appropriate clinician.",Repeat waist/BIA under standardized conditions.,Persistent multidomain pattern; preventive follow-up and confirmation of relevant measures recommended.
SA-071,Persistent Risk,Month 3,3,60,Female,,1.3,112.03,96.73,1.7,66,41.36,7.39,8174,5.09,5.5,0.85,1.29,2.59,1.1,25.34,79.08,28.1,32.02,5.73,5.9,Stable / monitor,0.0,6.0,10.7,3.6,Metabolic trend,Recovery / activity,"Prioritize nutrition, activity and weight-management habits; confirm persistent/abnormal laboratory changes with an appropriate clinician.","Prioritize regular activity, sleep consistency and recovery; investigate persistent deterioration with an appropriate professional.",Repeat relevant laboratory measures as appropriate.,Persistent multidomain pattern; preventive follow-up and confirmation of relevant measures recommended.
SA-071,Persistent Risk,Month 6,6,60,Female,,1.29,111.14,96.37,1.76,67,40.33,7.39,8066,5.11,5.5,0.84,1.29,2.57,1.16,25.09,80.8,28.92,32.46,5.99,14.8,Early change,8.7,16.5,15.7,15.3,Recovery / activity,Metabolic trend,"Prioritize regular activity, sleep consistency and recovery; investigate persistent deterioration with an appropriate professional.","Prioritize nutrition, activity and weight-management habits; confirm persistent/abnormal laboratory changes with an appropriate clinician.",Review wearable trend over the next measurement window.,Persistent multidomain pattern; preventive follow-up and confirmation of relevant measures recommended.
SA-071,Persistent Risk,Month 9,9,60,Female,,1.29,111.26,96.12,1.74,67,40.21,7.34,7888,5.13,5.53,0.88,1.28,2.6,1.16,25.39,80.41,28.17,31.73,5.89,18.9,Early change,6.6,22.8,26.1,13.0,Metabolic trend,Recovery / activity,"Prioritize nutrition, activity and weight-management habits; confirm persistent/abnormal laboratory changes with an appropriate clinician.","Prioritize regular activity, sleep consistency and recovery; investigate persistent deterioration with an appropriate professional.",Repeat relevant laboratory measures as appropriate.,Persistent multidomain pattern; preventive follow-up and confirmation of relevant measures recommended.
SA-071,Persistent Risk,Month 12,12,60,Female,,1.28,110.45,95.91,1.77,67,39.34,7.31,7706,5.16,5.58,0.9,1.29,2.65,1.24,25.47,81.92,28.47,31.65,6.09,30.5,Moderate persistent change,13.5,32.1,42.6,24.2,Metabolic trend,Recovery / activity,"Prioritize nutrition, activity and weight-management habits; confirm persistent/abnormal laboratory changes with an appropriate clinician.","Prioritize regular activity, sleep consistency and recovery; investigate persistent deterioration with an appropriate professional.",Repeat relevant laboratory measures as appropriate.,Persistent multidomain pattern; preventive follow-up and confirmation of relevant measures recommended.
SA-072,Persistent Risk,Baseline,0,47,Female,,1.26,107.85,95.39,1.46,62,47.47,6.99,8370,5.25,5.41,1.19,1.25,2.64,0.63,24.55,81.48,25.16,29.53,7.16,0.0,Stable / monitor,0.0,0.0,0.0,0.0,Function / mobility,Recovery / activity,"Maintain or progressively build walking, balance and resistance activity; reassess function.","Prioritize regular activity, sleep consistency and recovery; investigate persistent deterioration with an appropriate professional.",Repeat camera/function assessment.,Persistent multidomain pattern; preventive follow-up and confirmation of relevant measures recommended.
SA-072,Persistent Risk,Month 1,1,47,Female,,1.26,107.94,95.2,1.47,62,46.76,6.92,8372,5.19,5.4,1.21,1.23,2.64,0.66,24.52,81.68,26.31,29.31,7.38,7.8,Stable / monitor,1.6,4.9,9.0,13.6,Body composition,Metabolic trend,"Prioritize resistance exercise, activity and nutrition aimed at preserving muscle and reducing central adiposity.","Prioritize nutrition, activity and weight-management habits; confirm persistent/abnormal laboratory changes with an appropriate clinician.",Repeat waist/BIA under standardized conditions.,Persistent multidomain pattern; preventive follow-up and confirmation of relevant measures recommended.
SA-072,Persistent Risk,Month 3,3,47,Female,,1.26,106.81,95.11,1.47,62,46.05,6.95,8332,5.26,5.42,1.2,1.26,2.69,0.69,24.59,81.65,26.04,28.94,7.49,11.9,Stable / monitor,3.9,8.0,15.8,16.8,Body composition,Metabolic trend,"Prioritize resistance exercise, activity and nutrition aimed at preserving muscle and reducing central adiposity.","Prioritize nutrition, activity and weight-management habits; confirm persistent/abnormal laboratory changes with an appropriate clinician.",Repeat waist/BIA under standardized conditions.,Persistent multidomain pattern; preventive follow-up and confirmation of relevant measures recommended.
SA-072,Persistent Risk,Month 6,6,47,Female,,1.25,106.2,94.85,1.5,63,44.74,6.91,8233,5.25,5.44,1.23,1.23,2.68,0.71,24.76,81.69,26.09,29.3,7.38,19.1,Early change,11.3,20.3,26.3,13.9,Metabolic trend,Recovery / activity,"Prioritize nutrition, activity and weight-management habits; confirm persistent/abnormal laboratory changes with an appropriate clinician.","Prioritize regular activity, sleep consistency and recovery; investigate persistent deterioration with an appropriate professional.",Repeat relevant laboratory measures as appropriate.,Persistent multidomain pattern; preventive follow-up and confirmation of relevant measures recommended.
SA-072,Persistent Risk,Month 9,9,47,Female,,1.24,105.48,94.72,1.51,63,45.17,6.85,8127,5.29,5.47,1.26,1.24,2.71,0.71,24.6,82.03,26.29,29.71,7.51,22.6,Early change,15.8,22.7,31.9,15.4,Metabolic trend,Recovery / activity,"Prioritize nutrition, activity and weight-management habits; confirm persistent/abnormal laboratory changes with an appropriate clinician.","Prioritize regular activity, sleep consistency and recovery; investigate persistent deterioration with an appropriate professional.",Repeat relevant laboratory measures as appropriate.,Persistent multidomain pattern; preventive follow-up and confirmation of relevant measures recommended.
SA-072,Persistent Risk,Month 12,12,47,Female,,1.22,105.04,94.4,1.54,64,43.99,6.8,8092,5.31,5.5,1.31,1.23,2.69,0.83,24.45,81.26,26.52,28.9,7.5,37.6,Moderate persistent change,24.6,33.2,64.2,18.6,Metabolic trend,Recovery / activity,"Prioritize nutrition, activity and weight-management habits; confirm persistent/abnormal laboratory changes with an appropriate clinician.","Prioritize regular activity, sleep consistency and recovery; investigate persistent deterioration with an appropriate professional.",Repeat relevant laboratory measures as appropriate.,Persistent multidomain pattern; preventive follow-up and confirmation of relevant measures recommended.
SA-073,Persistent Risk,Baseline,0,68,Female,,1.31,111.21,96.82,1.6,68,46.66,7.56,7346,4.88,5.41,1.4,1.37,2.44,0.9,24.35,85.9,24.07,34.38,5.84,0.0,Stable / monitor,0.0,0.0,0.0,0.0,Function / mobility,Recovery / activity,"Maintain or progressively build walking, balance and resistance activity; reassess function.","Prioritize regular activity, sleep consistency and recovery; investigate persistent deterioration with an appropriate professional.",Repeat camera/function assessment.,Persistent multidomain pattern; preventive follow-up and confirmation of relevant measures recommended.
SA-073,Persistent Risk,Month 1,1,68,Female,,1.31,110.19,96.76,1.6,67,46.68,7.51,7229,4.9,5.43,1.42,1.35,2.43,0.92,24.15,86.35,24.31,34.27,5.73,2.9,Stable / monitor,2.0,1.5,7.3,0.0,Metabolic trend,Function / mobility,"Prioritize nutrition, activity and weight-management habits; confirm persistent/abnormal laboratory changes with an appropriate clinician.","Maintain or progressively build walking, balance and resistance activity; reassess function.",Repeat relevant laboratory measures as appropriate.,Persistent multidomain pattern; preventive follow-up and confirmation of relevant measures recommended.
SA-073,Persistent Risk,Month 3,3,68,Female,,1.29,110.0,96.57,1.62,67,44.57,7.48,7209,4.89,5.44,1.45,1.35,2.41,0.92,24.22,86.62,24.74,34.69,5.92,8.9,Stable / monitor,8.2,11.9,9.0,5.7,Recovery / activity,Metabolic trend,"Prioritize regular activity, sleep consistency and recovery; investigate persistent deterioration with an appropriate professional.","Prioritize nutrition, activity and weight-management habits; confirm persistent/abnormal laboratory changes with an appropriate clinician.",Review wearable trend over the next measurement window.,Persistent multidomain pattern; preventive follow-up and confirmation of relevant measures recommended.
SA-073,Persistent Risk,Month 6,6,68,Female,,1.29,109.92,96.28,1.64,68,45.57,7.5,7102,4.92,5.49,1.46,1.35,2.49,0.91,24.25,85.82,24.5,34.82,6.1,11.8,Stable / monitor,11.5,12.9,14.9,7.1,Metabolic trend,Recovery / activity,"Prioritize nutrition, activity and weight-management habits; confirm persistent/abnormal laboratory changes with an appropriate clinician.","Prioritize regular activity, sleep consistency and recovery; investigate persistent deterioration with an appropriate professional.",Repeat relevant laboratory measures as appropriate.,Persistent multidomain pattern; preventive follow-up and confirmation of relevant measures recommended.
SA-073,Persistent Risk,Month 9,9,68,Female,,1.28,109.25,96.22,1.63,68,44.61,7.43,7023,4.93,5.48,1.51,1.34,2.51,0.99,24.39,87.31,24.68,33.65,6.08,22.6,Early change,13.1,21.0,33.6,16.9,Metabolic trend,Recovery / activity,"Prioritize nutrition, activity and weight-management habits; confirm persistent/abnormal laboratory changes with an appropriate clinician.","Prioritize regular activity, sleep consistency and recovery; investigate persistent deterioration with an appropriate professional.",Repeat relevant laboratory measures as appropriate.,Persistent multidomain pattern; preventive follow-up and confirmation of relevant measures recommended.
SA-073,Persistent Risk,Month 12,12,68,Female,,1.28,108.39,96.19,1.67,69,43.8,7.43,6766,4.97,5.52,1.53,1.34,2.55,1.03,24.38,86.49,24.78,34.73,6.1,29.9,Early change,19.7,34.4,45.7,11.5,Metabolic trend,Recovery / activity,"Prioritize nutrition, activity and weight-management habits; confirm persistent/abnormal laboratory changes with an appropriate clinician.","Prioritize regular activity, sleep consistency and recovery; investigate persistent deterioration with an appropriate professional.",Repeat relevant laboratory measures as appropriate.,Persistent multidomain pattern; preventive follow-up and confirmation of relevant measures recommended.
SA-074,Persistent Risk,Baseline,0,41,Male,,1.32,110.31,94.18,1.42,60,42.94,7.07,8028,5.45,5.26,1.17,1.28,2.61,0.78,22.88,80.49,29.68,25.0,7.82,0.0,Stable / monitor,0.0,0.0,0.0,0.0,Function / mobility,Recovery / activity,"Maintain or progressively build walking, balance and resistance activity; reassess function.","Prioritize regular activity, sleep consistency and recovery; investigate persistent deterioration with an appropriate professional.",Repeat camera/function assessment.,Persistent multidomain pattern; preventive follow-up and confirmation of relevant measures recommended.
SA-074,Persistent Risk,Month 1,1,41,Male,,1.31,110.26,94.2,1.44,61,42.14,7.01,8056,5.39,5.26,1.17,1.28,2.62,0.84,23.08,81.74,29.74,24.74,7.95,8.0,Stable / monitor,4.4,8.1,9.3,8.5,Metabolic trend,Body composition,"Prioritize nutrition, activity and weight-management habits; confirm persistent/abnormal laboratory changes with an appropriate clinician.","Prioritize resistance exercise, activity and nutrition aimed at preserving muscle and reducing central adiposity.",Repeat relevant laboratory measures as appropriate.,Persistent multidomain pattern; preventive follow-up and confirmation of relevant measures recommended.
SA-074,Persistent Risk,Month 3,3,41,Male,,1.31,109.62,94.08,1.47,60,42.34,7.02,7972,5.44,5.29,1.2,1.29,2.61,0.81,22.92,80.92,30.09,25.68,7.89,5.7,Stable / monitor,10.0,5.6,8.0,0.4,Function / mobility,Metabolic trend,"Maintain or progressively build walking, balance and resistance activity; reassess function.","Prioritize nutrition, activity and weight-management habits; confirm persistent/abnormal laboratory changes with an appropriate clinician.",Repeat camera/function assessment.,Persistent multidomain pattern; preventive follow-up and confirmation of relevant measures recommended.
SA-074,Persistent Risk,Month 6,6,41,Male,,1.29,109.04,93.82,1.47,61,41.19,6.97,7684,5.44,5.33,1.22,1.29,2.68,0.9,22.7,81.01,29.66,24.92,8.08,19.5,Early change,14.7,22.9,30.3,5.5,Metabolic trend,Recovery / activity,"Prioritize nutrition, activity and weight-management habits; confirm persistent/abnormal laboratory changes with an appropriate clinician.","Prioritize regular activity, sleep consistency and recovery; investigate persistent deterioration with an appropriate professional.",Repeat relevant laboratory measures as appropriate.,Persistent multidomain pattern; preventive follow-up and confirmation of relevant measures recommended.
SA-074,Persistent Risk,Month 9,9,41,Male,,1.29,108.62,93.64,1.47,61,39.79,6.95,7530,5.48,5.34,1.26,1.29,2.72,0.91,22.94,82.26,29.65,25.44,8.07,26.0,Early change,15.8,33.8,39.8,6.1,Metabolic trend,Recovery / activity,"Prioritize nutrition, activity and weight-management habits; confirm persistent/abnormal laboratory changes with an appropriate clinician.","Prioritize regular activity, sleep consistency and recovery; investigate persistent deterioration with an appropriate professional.",Repeat relevant laboratory measures as appropriate.,Persistent multidomain pattern; preventive follow-up and confirmation of relevant measures recommended.
SA-074,Persistent Risk,Month 12,12,41,Male,,1.27,108.07,93.45,1.5,61,40.31,6.9,7554,5.5,5.36,1.26,1.25,2.68,0.98,23.07,82.79,30.05,25.08,8.25,33.9,Moderate persistent change,24.5,32.2,54.9,16.2,Metabolic trend,Recovery / activity,"Prioritize nutrition, activity and weight-management habits; confirm persistent/abnormal laboratory changes with an appropriate clinician.","Prioritize regular activity, sleep consistency and recovery; investigate persistent deterioration with an appropriate professional.",Repeat relevant laboratory measures as appropriate.,Persistent multidomain pattern; preventive follow-up and confirmation of relevant measures recommended.
SA-075,Persistent Risk,Baseline,0,62,Female,,1.18,111.64,95.88,1.66,59,39.0,7.04,8500,5.15,5.41,0.8,1.36,2.74,0.89,23.62,82.4,26.68,22.36,8.55,0.0,Stable / monitor,0.0,0.0,0.0,0.0,Function / mobility,Recovery / activity,"Maintain or progressively build walking, balance and resistance activity; reassess function.","Prioritize regular activity, sleep consistency and recovery; investigate persistent deterioration with an appropriate professional.",Repeat camera/function assessment.,Persistent multidomain pattern; preventive follow-up and confirmation of relevant measures recommended.
SA-075,Persistent Risk,Month 1,1,62,Female,,1.17,111.57,96.03,1.67,58,39.92,7.04,8384,5.2,5.43,0.81,1.36,2.7,0.91,23.53,81.44,26.72,21.89,8.23,1.8,Stable / monitor,2.7,0.0,4.5,0.0,Metabolic trend,Function / mobility,"Prioritize nutrition, activity and weight-management habits; confirm persistent/abnormal laboratory changes with an appropriate clinician.","Maintain or progressively build walking, balance and resistance activity; reassess function.",Repeat relevant laboratory measures as appropriate.,Persistent multidomain pattern; preventive follow-up and confirmation of relevant measures recommended.
SA-075,Persistent Risk,Month 3,3,62,Female,,1.18,111.26,95.82,1.68,58,38.39,7.03,8038,5.17,5.43,0.84,1.33,2.71,0.89,23.4,82.27,26.34,22.32,8.48,6.5,Stable / monitor,3.2,10.9,9.2,0.0,Recovery / activity,Metabolic trend,"Prioritize regular activity, sleep consistency and recovery; investigate persistent deterioration with an appropriate professional.","Prioritize nutrition, activity and weight-management habits; confirm persistent/abnormal laboratory changes with an appropriate clinician.",Review wearable trend over the next measurement window.,Persistent multidomain pattern; preventive follow-up and confirmation of relevant measures recommended.
SA-075,Persistent Risk,Month 6,6,62,Female,,1.16,110.65,95.44,1.69,59,38.73,6.97,8290,5.2,5.44,0.85,1.34,2.73,0.95,23.52,82.96,27.05,21.93,8.53,11.5,Stable / monitor,9.7,8.3,20.8,5.3,Metabolic trend,Function / mobility,"Prioritize nutrition, activity and weight-management habits; confirm persistent/abnormal laboratory changes with an appropriate clinician.","Maintain or progressively build walking, balance and resistance activity; reassess function.",Repeat relevant laboratory measures as appropriate.,Persistent multidomain pattern; preventive follow-up and confirmation of relevant measures recommended.
SA-075,Persistent Risk,Month 9,9,62,Female,,1.16,109.8,95.39,1.71,59,38.07,6.96,7933,5.24,5.49,0.88,1.34,2.78,1.03,23.49,82.12,26.65,22.75,8.61,20.9,Early change,13.7,20.4,42.5,0.0,Metabolic trend,Recovery / activity,"Prioritize nutrition, activity and weight-management habits; confirm persistent/abnormal laboratory changes with an appropriate clinician.","Prioritize regular activity, sleep consistency and recovery; investigate persistent deterioration with an appropriate professional.",Repeat relevant laboratory measures as appropriate.,Persistent multidomain pattern; preventive follow-up and confirmation of relevant measures recommended.
SA-075,Persistent Risk,Month 12,12,62,Female,,1.15,109.35,95.1,1.74,60,37.43,6.98,7974,5.25,5.49,0.9,1.33,2.79,1.0,23.9,83.45,27.16,22.27,8.84,26.9,Early change,20.5,25.5,43.1,12.9,Metabolic trend,Recovery / activity,"Prioritize nutrition, activity and weight-management habits; confirm persistent/abnormal laboratory changes with an appropriate clinician.","Prioritize regular activity, sleep consistency and recovery; investigate persistent deterioration with an appropriate professional.",Repeat relevant laboratory measures as appropriate.,Persistent multidomain pattern; preventive follow-up and confirmation of relevant measures recommended.
SA-076,Persistent Risk,Baseline,0,67,Female,,1.32,109.86,95.51,1.76,63,43.86,6.86,7639,5.2,5.37,1.04,1.47,2.42,1.15,23.01,82.14,26.47,34.89,5.97,0.0,Stable / monitor,0.0,0.0,0.0,0.0,Function / mobility,Recovery / activity,"Maintain or progressively build walking, balance and resistance activity; reassess function.","Prioritize regular activity, sleep consistency and recovery; investigate persistent deterioration with an appropriate professional.",Repeat camera/function assessment.,Persistent multidomain pattern; preventive follow-up and confirmation of relevant measures recommended.
SA-076,Persistent Risk,Month 1,1,67,Female,,1.31,109.71,95.56,1.79,63,43.77,6.77,7499,5.18,5.36,1.05,1.5,2.47,1.11,22.74,81.24,27.24,34.56,5.99,3.5,Stable / monitor,5.1,6.7,0.0,3.1,Recovery / activity,Function / mobility,"Prioritize regular activity, sleep consistency and recovery; investigate persistent deterioration with an appropriate professional.","Maintain or progressively build walking, balance and resistance activity; reassess function.",Review wearable trend over the next measurement window.,Persistent multidomain pattern; preventive follow-up and confirmation of relevant measures recommended.
SA-076,Persistent Risk,Month 3,3,67,Female,,1.31,110.29,95.36,1.79,63,43.62,6.8,7476,5.24,5.38,1.04,1.51,2.41,1.14,23.04,82.3,27.06,34.23,6.14,5.7,Stable / monitor,4.5,7.1,0.0,11.7,Body composition,Recovery / activity,"Prioritize resistance exercise, activity and nutrition aimed at preserving muscle and reducing central adiposity.","Prioritize regular activity, sleep consistency and recovery; investigate persistent deterioration with an appropriate professional.",Repeat waist/BIA under standardized conditions.,Persistent multidomain pattern; preventive follow-up and confirmation of relevant measures recommended.
SA-076,Persistent Risk,Month 6,6,67,Female,,1.3,109.24,95.17,1.8,63,42.32,6.78,7310,5.27,5.39,1.08,1.47,2.49,1.21,23.12,82.06,26.86,33.85,6.2,15.7,Early change,9.4,18.0,18.2,13.9,Metabolic trend,Recovery / activity,"Prioritize nutrition, activity and weight-management habits; confirm persistent/abnormal laboratory changes with an appropriate clinician.","Prioritize regular activity, sleep consistency and recovery; investigate persistent deterioration with an appropriate professional.",Repeat relevant laboratory measures as appropriate.,Persistent multidomain pattern; preventive follow-up and confirmation of relevant measures recommended.
SA-076,Persistent Risk,Month 9,9,67,Female,,1.29,109.13,94.86,1.82,64,41.79,6.76,7183,5.28,5.42,1.14,1.45,2.52,1.19,23.18,82.56,27.35,34.68,5.95,20.7,Early change,14.1,27.5,28.1,7.7,Metabolic trend,Recovery / activity,"Prioritize nutrition, activity and weight-management habits; confirm persistent/abnormal laboratory changes with an appropriate clinician.","Prioritize regular activity, sleep consistency and recovery; investigate persistent deterioration with an appropriate professional.",Repeat relevant laboratory measures as appropriate.,Persistent multidomain pattern; preventive follow-up and confirmation of relevant measures recommended.
SA-076,Persistent Risk,Month 12,12,67,Female,,1.28,108.29,94.68,1.83,64,40.55,6.68,7175,5.29,5.43,1.08,1.46,2.53,1.16,23.46,82.54,26.96,34.05,6.24,23.1,Early change,18.6,35.7,17.1,18.0,Recovery / activity,Function / mobility,"Prioritize regular activity, sleep consistency and recovery; investigate persistent deterioration with an appropriate professional.","Maintain or progressively build walking, balance and resistance activity; reassess function.",Review wearable trend over the next measurement window.,Persistent multidomain pattern; preventive follow-up and confirmation of relevant measures recommended.
SA-077,Persistent Risk,Baseline,0,70,Male,,1.17,103.07,95.66,1.5,70,45.96,7.04,7960,4.98,5.52,1.24,1.37,3.05,0.46,24.18,78.21,24.95,20.28,7.5,0.0,Stable / monitor,0.0,0.0,0.0,0.0,Function / mobility,Recovery / activity,"Maintain or progressively build walking, balance and resistance activity; reassess function.","Prioritize regular activity, sleep consistency and recovery; investigate persistent deterioration with an appropriate professional.",Repeat camera/function assessment.,Persistent multidomain pattern; preventive follow-up and confirmation of relevant measures recommended.
SA-077,Persistent Risk,Month 1,1,70,Male,,1.17,102.9,95.71,1.49,69,45.17,6.97,8056,4.99,5.53,1.27,1.37,2.97,0.5,24.25,78.96,25.36,19.84,7.72,6.8,Stable / monitor,0.0,0.2,11.8,12.8,Body composition,Metabolic trend,"Prioritize resistance exercise, activity and nutrition aimed at preserving muscle and reducing central adiposity.","Prioritize nutrition, activity and weight-management habits; confirm persistent/abnormal laboratory changes with an appropriate clinician.",Repeat waist/BIA under standardized conditions.,Persistent multidomain pattern; preventive follow-up and confirmation of relevant measures recommended.
SA-077,Persistent Risk,Month 3,3,70,Male,,1.16,102.62,95.48,1.52,70,44.05,6.94,7905,5.04,5.55,1.28,1.38,3.04,0.55,24.22,79.12,24.98,20.49,7.65,15.0,Early change,5.6,12.5,31.3,3.9,Metabolic trend,Recovery / activity,"Prioritize nutrition, activity and weight-management habits; confirm persistent/abnormal laboratory changes with an appropriate clinician.","Prioritize regular activity, sleep consistency and recovery; investigate persistent deterioration with an appropriate professional.",Repeat relevant laboratory measures as appropriate.,Persistent multidomain pattern; preventive follow-up and confirmation of relevant measures recommended.
SA-077,Persistent Risk,Month 6,6,70,Male,,1.16,102.12,95.17,1.53,70,44.09,6.94,7902,5.04,5.56,1.3,1.36,3.03,0.6,24.33,78.84,25.28,20.16,7.68,22.2,Early change,8.6,12.4,49.7,9.2,Metabolic trend,Recovery / activity,"Prioritize nutrition, activity and weight-management habits; confirm persistent/abnormal laboratory changes with an appropriate clinician.","Prioritize regular activity, sleep consistency and recovery; investigate persistent deterioration with an appropriate professional.",Repeat relevant laboratory measures as appropriate.,Persistent multidomain pattern; preventive follow-up and confirmation of relevant measures recommended.
SA-077,Persistent Risk,Month 9,9,70,Male,,1.14,101.46,95.01,1.55,70,42.93,6.95,7662,5.09,5.6,1.33,1.33,3.03,0.61,24.36,79.28,25.55,20.04,7.89,32.1,Moderate persistent change,16.3,23.2,61.1,17.4,Metabolic trend,Recovery / activity,"Prioritize nutrition, activity and weight-management habits; confirm persistent/abnormal laboratory changes with an appropriate clinician.","Prioritize regular activity, sleep consistency and recovery; investigate persistent deterioration with an appropriate professional.",Repeat relevant laboratory measures as appropriate.,Persistent multidomain pattern; preventive follow-up and confirmation of relevant measures recommended.
SA-077,Persistent Risk,Month 12,12,70,Male,,1.14,101.29,94.78,1.56,71,42.11,6.85,7569,5.07,5.62,1.36,1.32,3.06,0.62,24.31,79.56,25.49,20.53,8.12,38.6,Moderate persistent change,18.4,34.8,69.4,18.3,Metabolic trend,Recovery / activity,"Prioritize nutrition, activity and weight-management habits; confirm persistent/abnormal laboratory changes with an appropriate clinician.","Prioritize regular activity, sleep consistency and recovery; investigate persistent deterioration with an appropriate professional.",Repeat relevant laboratory measures as appropriate.,Persistent multidomain pattern; preventive follow-up and confirmation of relevant measures recommended.
SA-078,Persistent Risk,Baseline,0,66,Female,,1.28,106.63,95.14,1.63,64,45.11,7.05,7780,5.2,5.34,1.28,1.31,2.68,1.47,22.71,81.11,25.79,24.26,7.01,0.0,Stable / monitor,0.0,0.0,0.0,0.0,Function / mobility,Recovery / activity,"Maintain or progressively build walking, balance and resistance activity; reassess function.","Prioritize regular activity, sleep consistency and recovery; investigate persistent deterioration with an appropriate professional.",Repeat camera/function assessment.,Persistent multidomain pattern; preventive follow-up and confirmation of relevant measures recommended.
SA-078,Persistent Risk,Month 1,1,66,Female,,1.29,107.2,95.1,1.63,64,44.85,6.97,7626,5.17,5.31,1.28,1.32,2.73,1.47,22.98,81.46,25.91,24.75,7.25,3.6,Stable / monitor,0.0,7.4,0.0,5.6,Recovery / activity,Body composition,"Prioritize regular activity, sleep consistency and recovery; investigate persistent deterioration with an appropriate professional.","Prioritize resistance exercise, activity and nutrition aimed at preserving muscle and reducing central adiposity.",Review wearable trend over the next measurement window.,Persistent multidomain pattern; preventive follow-up and confirmation of relevant measures recommended.
SA-078,Persistent Risk,Month 3,3,66,Female,,1.28,105.55,94.83,1.65,64,45.01,6.98,7591,5.17,5.34,1.36,1.32,2.72,1.48,22.91,81.07,25.61,24.71,7.17,6.0,Stable / monitor,5.1,7.3,9.4,0.9,Metabolic trend,Recovery / activity,"Prioritize nutrition, activity and weight-management habits; confirm persistent/abnormal laboratory changes with an appropriate clinician.","Prioritize regular activity, sleep consistency and recovery; investigate persistent deterioration with an appropriate professional.",Repeat relevant laboratory measures as appropriate.,Persistent multidomain pattern; preventive follow-up and confirmation of relevant measures recommended.
SA-078,Persistent Risk,Month 6,6,66,Female,,1.25,105.77,94.57,1.65,64,43.95,6.93,7476,5.21,5.37,1.35,1.34,2.73,1.54,22.9,81.67,25.57,24.0,7.21,12.5,Early change,10.0,16.4,14.1,7.4,Recovery / activity,Metabolic trend,"Prioritize regular activity, sleep consistency and recovery; investigate persistent deterioration with an appropriate professional.","Prioritize nutrition, activity and weight-management habits; confirm persistent/abnormal laboratory changes with an appropriate clinician.",Review wearable trend over the next measurement window.,Persistent multidomain pattern; preventive follow-up and confirmation of relevant measures recommended.
SA-078,Persistent Risk,Month 9,9,66,Female,,1.24,104.97,94.38,1.67,64,43.34,6.97,7439,5.24,5.41,1.38,1.31,2.77,1.53,22.97,82.17,26.43,24.76,7.35,18.1,Early change,15.9,18.9,23.1,12.4,Metabolic trend,Recovery / activity,"Prioritize nutrition, activity and weight-management habits; confirm persistent/abnormal laboratory changes with an appropriate clinician.","Prioritize regular activity, sleep consistency and recovery; investigate persistent deterioration with an appropriate professional.",Repeat relevant laboratory measures as appropriate.,Persistent multidomain pattern; preventive follow-up and confirmation of relevant measures recommended.
SA-078,Persistent Risk,Month 12,12,66,Female,,1.24,104.11,94.13,1.71,64,41.86,6.91,7238,5.27,5.44,1.41,1.3,2.75,1.56,23.15,82.03,26.25,24.64,7.26,25.0,Early change,22.9,32.3,30.5,11.0,Recovery / activity,Metabolic trend,"Prioritize regular activity, sleep consistency and recovery; investigate persistent deterioration with an appropriate professional.","Prioritize nutrition, activity and weight-management habits; confirm persistent/abnormal laboratory changes with an appropriate clinician.",Review wearable trend over the next measurement window.,Persistent multidomain pattern; preventive follow-up and confirmation of relevant measures recommended.
SA-079,Persistent Risk,Baseline,0,43,Male,,1.22,111.18,95.96,1.79,65,39.37,7.06,8492,5.22,5.34,1.03,1.41,3.0,0.93,25.61,86.81,24.38,29.28,6.35,0.0,Stable / monitor,0.0,0.0,0.0,0.0,Function / mobility,Recovery / activity,"Maintain or progressively build walking, balance and resistance activity; reassess function.","Prioritize regular activity, sleep consistency and recovery; investigate persistent deterioration with an appropriate professional.",Repeat camera/function assessment.,Persistent multidomain pattern; preventive follow-up and confirmation of relevant measures recommended.
SA-079,Persistent Risk,Month 1,1,43,Male,,1.21,111.49,95.78,1.81,65,39.64,7.07,8274,5.21,5.35,1.05,1.44,2.96,0.96,25.73,87.16,24.73,28.53,6.3,3.9,Stable / monitor,3.7,3.5,2.3,6.5,Body composition,Function / mobility,"Prioritize resistance exercise, activity and nutrition aimed at preserving muscle and reducing central adiposity.","Maintain or progressively build walking, balance and resistance activity; reassess function.",Repeat waist/BIA under standardized conditions.,Persistent multidomain pattern; preventive follow-up and confirmation of relevant measures recommended.
SA-079,Persistent Risk,Month 3,3,43,Male,,1.2,110.48,95.78,1.78,65,39.16,6.98,8183,5.2,5.37,1.04,1.43,3.01,0.93,25.63,86.58,24.2,29.35,6.29,3.8,Stable / monitor,3.8,10.6,0.1,0.0,Recovery / activity,Function / mobility,"Prioritize regular activity, sleep consistency and recovery; investigate persistent deterioration with an appropriate professional.","Maintain or progressively build walking, balance and resistance activity; reassess function.",Review wearable trend over the next measurement window.,Persistent multidomain pattern; preventive follow-up and confirmation of relevant measures recommended.
SA-079,Persistent Risk,Month 6,6,43,Male,,1.2,109.8,95.54,1.8,66,38.68,6.94,8259,5.22,5.38,1.08,1.41,3.03,1.01,25.83,87.31,24.61,28.66,6.33,13.6,Early change,7.8,15.5,20.3,6.7,Metabolic trend,Recovery / activity,"Prioritize nutrition, activity and weight-management habits; confirm persistent/abnormal laboratory changes with an appropriate clinician.","Prioritize regular activity, sleep consistency and recovery; investigate persistent deterioration with an appropriate professional.",Repeat relevant laboratory measures as appropriate.,Persistent multidomain pattern; preventive follow-up and confirmation of relevant measures recommended.
SA-079,Persistent Risk,Month 9,9,43,Male,,1.19,109.55,95.24,1.84,66,38.9,6.93,8196,5.28,5.41,1.11,1.41,3.03,0.98,25.81,88.38,25.53,29.44,6.55,17.7,Early change,14.9,16.1,22.1,15.9,Metabolic trend,Recovery / activity,"Prioritize nutrition, activity and weight-management habits; confirm persistent/abnormal laboratory changes with an appropriate clinician.","Prioritize regular activity, sleep consistency and recovery; investigate persistent deterioration with an appropriate professional.",Repeat relevant laboratory measures as appropriate.,Persistent multidomain pattern; preventive follow-up and confirmation of relevant measures recommended.
SA-079,Persistent Risk,Month 12,12,43,Male,,1.18,108.76,95.09,1.86,66,36.06,6.89,8068,5.31,5.43,1.14,1.37,3.02,1.04,25.83,87.42,25.55,29.27,6.6,29.4,Early change,20.5,34.7,39.2,16.5,Metabolic trend,Recovery / activity,"Prioritize nutrition, activity and weight-management habits; confirm persistent/abnormal laboratory changes with an appropriate clinician.","Prioritize regular activity, sleep consistency and recovery; investigate persistent deterioration with an appropriate professional.",Repeat relevant laboratory measures as appropriate.,Persistent multidomain pattern; preventive follow-up and confirmation of relevant measures recommended.
SA-080,Persistent Risk,Baseline,0,50,Male,,1.25,105.44,95.84,1.79,60,41.38,7.01,6762,5.13,5.47,1.16,1.48,3.05,0.52,27.5,87.61,24.91,27.06,6.61,0.0,Stable / monitor,0.0,0.0,0.0,0.0,Function / mobility,Recovery / activity,"Maintain or progressively build walking, balance and resistance activity; reassess function.","Prioritize regular activity, sleep consistency and recovery; investigate persistent deterioration with an appropriate professional.",Repeat camera/function assessment.,Persistent multidomain pattern; preventive follow-up and confirmation of relevant measures recommended.
SA-080,Persistent Risk,Month 1,1,50,Male,,1.25,106.06,95.69,1.8,60,41.69,6.98,6876,5.13,5.48,1.18,1.47,3.06,0.54,27.51,87.64,24.46,26.15,6.84,4.8,Stable / monitor,0.3,0.0,9.0,8.2,Metabolic trend,Body composition,"Prioritize nutrition, activity and weight-management habits; confirm persistent/abnormal laboratory changes with an appropriate clinician.","Prioritize resistance exercise, activity and nutrition aimed at preserving muscle and reducing central adiposity.",Repeat relevant laboratory measures as appropriate.,Persistent multidomain pattern; preventive follow-up and confirmation of relevant measures recommended.
SA-080,Persistent Risk,Month 3,3,50,Male,,1.23,104.98,95.73,1.8,61,41.34,6.94,6674,5.16,5.5,1.2,1.47,3.04,0.53,27.31,88.88,24.6,26.45,6.6,6.6,Stable / monitor,5.4,8.1,9.1,2.6,Metabolic trend,Recovery / activity,"Prioritize nutrition, activity and weight-management habits; confirm persistent/abnormal laboratory changes with an appropriate clinician.","Prioritize regular activity, sleep consistency and recovery; investigate persistent deterioration with an appropriate professional.",Repeat relevant laboratory measures as appropriate.,Persistent multidomain pattern; preventive follow-up and confirmation of relevant measures recommended.
SA-080,Persistent Risk,Month 6,6,50,Male,,1.23,105.01,95.23,1.82,61,39.4,6.99,6445,5.19,5.52,1.23,1.44,3.09,0.6,27.47,89.3,24.95,26.74,6.78,21.4,Early change,8.6,22.8,36.7,9.2,Metabolic trend,Recovery / activity,"Prioritize nutrition, activity and weight-management habits; confirm persistent/abnormal laboratory changes with an appropriate clinician.","Prioritize regular activity, sleep consistency and recovery; investigate persistent deterioration with an appropriate professional.",Repeat relevant laboratory measures as appropriate.,Persistent multidomain pattern; preventive follow-up and confirmation of relevant measures recommended.
SA-080,Persistent Risk,Month 9,9,50,Male,,1.23,104.0,95.11,1.84,62,39.27,6.93,6514,5.18,5.54,1.23,1.43,3.09,0.66,27.48,88.43,24.56,25.92,6.76,28.2,Early change,13.0,26.5,53.2,9.5,Metabolic trend,Recovery / activity,"Prioritize nutrition, activity and weight-management habits; confirm persistent/abnormal laboratory changes with an appropriate clinician.","Prioritize regular activity, sleep consistency and recovery; investigate persistent deterioration with an appropriate professional.",Repeat relevant laboratory measures as appropriate.,Persistent multidomain pattern; preventive follow-up and confirmation of relevant measures recommended.
SA-080,Persistent Risk,Month 12,12,50,Male,,1.22,104.09,94.8,1.84,62,38.19,6.87,6431,5.2,5.54,1.25,1.44,3.1,0.63,27.68,88.55,25.66,25.88,6.94,33.0,Moderate persistent change,15.1,35.9,47.9,22.5,Metabolic trend,Recovery / activity,"Prioritize nutrition, activity and weight-management habits; confirm persistent/abnormal laboratory changes with an appropriate clinician.","Prioritize regular activity, sleep consistency and recovery; investigate persistent deterioration with an appropriate professional.",Repeat relevant laboratory measures as appropriate.,Persistent multidomain pattern; preventive follow-up and confirmation of relevant measures recommended.
SA-081,Persistent Risk,Baseline,0,49,Male,,1.28,104.54,96.97,1.59,57,36.77,7.18,8554,5.21,5.36,1.3,1.2,2.95,0.94,25.5,87.9,24.52,25.32,9.0,0.0,Stable / monitor,0.0,0.0,0.0,0.0,Function / mobility,Recovery / activity,"Maintain or progressively build walking, balance and resistance activity; reassess function.","Prioritize regular activity, sleep consistency and recovery; investigate persistent deterioration with an appropriate professional.",Repeat camera/function assessment.,Persistent multidomain pattern; preventive follow-up and confirmation of relevant measures recommended.
SA-081,Persistent Risk,Month 1,1,49,Male,,1.28,104.92,96.9,1.62,57,36.98,7.18,8488,5.2,5.36,1.33,1.2,2.92,0.94,25.63,87.32,24.6,25.4,9.13,1.6,Stable / monitor,3.2,0.4,1.5,2.1,Function / mobility,Body composition,"Maintain or progressively build walking, balance and resistance activity; reassess function.","Prioritize resistance exercise, activity and nutrition aimed at preserving muscle and reducing central adiposity.",Repeat camera/function assessment.,Persistent multidomain pattern; preventive follow-up and confirmation of relevant measures recommended.
SA-081,Persistent Risk,Month 3,3,49,Male,,1.29,105.04,96.72,1.6,57,35.66,7.15,8488,5.23,5.39,1.29,1.2,2.88,0.98,25.69,87.57,24.25,25.92,9.3,3.4,Stable / monitor,0.0,8.4,2.7,0.4,Recovery / activity,Metabolic trend,"Prioritize regular activity, sleep consistency and recovery; investigate persistent deterioration with an appropriate professional.","Prioritize nutrition, activity and weight-management habits; confirm persistent/abnormal laboratory changes with an appropriate clinician.",Review wearable trend over the next measurement window.,Persistent multidomain pattern; preventive follow-up and confirmation of relevant measures recommended.
SA-081,Persistent Risk,Month 6,6,49,Male,,1.27,103.92,96.45,1.63,57,35.39,7.08,8310,5.21,5.41,1.35,1.19,2.91,1.05,25.88,88.89,24.81,25.22,9.13,14.8,Early change,8.9,16.0,21.3,9.0,Metabolic trend,Recovery / activity,"Prioritize nutrition, activity and weight-management habits; confirm persistent/abnormal laboratory changes with an appropriate clinician.","Prioritize regular activity, sleep consistency and recovery; investigate persistent deterioration with an appropriate professional.",Repeat relevant laboratory measures as appropriate.,Persistent multidomain pattern; preventive follow-up and confirmation of relevant measures recommended.
SA-081,Persistent Risk,Month 9,9,49,Male,,1.27,103.69,96.22,1.64,57,34.88,7.05,8160,5.25,5.41,1.36,1.17,2.96,1.06,26.1,88.54,24.65,25.59,9.49,20.5,Early change,11.0,23.1,29.2,12.8,Metabolic trend,Recovery / activity,"Prioritize nutrition, activity and weight-management habits; confirm persistent/abnormal laboratory changes with an appropriate clinician.","Prioritize regular activity, sleep consistency and recovery; investigate persistent deterioration with an appropriate professional.",Repeat relevant laboratory measures as appropriate.,Persistent multidomain pattern; preventive follow-up and confirmation of relevant measures recommended.
SA-081,Persistent Risk,Month 12,12,49,Male,,1.25,103.49,96.06,1.67,58,33.59,7.02,8221,5.32,5.42,1.39,1.17,2.97,1.1,25.79,89.23,25.02,24.93,9.41,29.2,Early change,18.6,33.0,40.5,17.3,Metabolic trend,Recovery / activity,"Prioritize nutrition, activity and weight-management habits; confirm persistent/abnormal laboratory changes with an appropriate clinician.","Prioritize regular activity, sleep consistency and recovery; investigate persistent deterioration with an appropriate professional.",Repeat relevant laboratory measures as appropriate.,Persistent multidomain pattern; preventive follow-up and confirmation of relevant measures recommended.
SA-082,Persistent Risk,Baseline,0,57,Male,,1.31,107.02,95.21,1.68,59,52.44,7.12,8307,5.08,5.32,1.1,1.54,2.58,0.51,25.45,85.44,20.54,26.86,5.82,0.0,Stable / monitor,0.0,0.0,0.0,0.0,Function / mobility,Recovery / activity,"Maintain or progressively build walking, balance and resistance activity; reassess function.","Prioritize regular activity, sleep consistency and recovery; investigate persistent deterioration with an appropriate professional.",Repeat camera/function assessment.,Persistent multidomain pattern; preventive follow-up and confirmation of relevant measures recommended.
SA-082,Persistent Risk,Month 1,1,57,Male,,1.3,106.98,95.28,1.67,59,51.45,7.14,8153,5.11,5.3,1.14,1.51,2.56,0.53,25.27,84.68,21.68,26.45,5.61,6.4,Stable / monitor,0.3,6.9,11.9,3.0,Metabolic trend,Recovery / activity,"Prioritize nutrition, activity and weight-management habits; confirm persistent/abnormal laboratory changes with an appropriate clinician.","Prioritize regular activity, sleep consistency and recovery; investigate persistent deterioration with an appropriate professional.",Repeat relevant laboratory measures as appropriate.,Persistent multidomain pattern; preventive follow-up and confirmation of relevant measures recommended.
SA-082,Persistent Risk,Month 3,3,57,Male,,1.29,106.58,94.95,1.67,59,50.8,7.15,8116,5.1,5.35,1.15,1.52,2.61,0.54,25.29,85.87,21.49,27.16,5.8,10.3,Stable / monitor,3.2,10.0,18.5,4.9,Metabolic trend,Recovery / activity,"Prioritize nutrition, activity and weight-management habits; confirm persistent/abnormal laboratory changes with an appropriate clinician.","Prioritize regular activity, sleep consistency and recovery; investigate persistent deterioration with an appropriate professional.",Repeat relevant laboratory measures as appropriate.,Persistent multidomain pattern; preventive follow-up and confirmation of relevant measures recommended.
SA-082,Persistent Risk,Month 6,6,57,Male,,1.29,105.65,94.68,1.71,60,50.12,7.07,8038,5.11,5.35,1.17,1.47,2.67,0.59,25.15,86.38,21.98,27.18,5.84,22.5,Early change,10.3,20.1,41.7,9.7,Metabolic trend,Recovery / activity,"Prioritize nutrition, activity and weight-management habits; confirm persistent/abnormal laboratory changes with an appropriate clinician.","Prioritize regular activity, sleep consistency and recovery; investigate persistent deterioration with an appropriate professional.",Repeat relevant laboratory measures as appropriate.,Persistent multidomain pattern; preventive follow-up and confirmation of relevant measures recommended.
SA-082,Persistent Risk,Month 9,9,57,Male,,1.27,105.23,94.69,1.71,60,49.31,7.07,7785,5.11,5.38,1.22,1.47,2.64,0.62,25.15,86.83,22.04,25.88,5.95,32.8,Moderate persistent change,14.1,29.3,54.8,21.8,Metabolic trend,Recovery / activity,"Prioritize nutrition, activity and weight-management habits; confirm persistent/abnormal laboratory changes with an appropriate clinician.","Prioritize regular activity, sleep consistency and recovery; investigate persistent deterioration with an appropriate professional.",Repeat relevant laboratory measures as appropriate.,Persistent multidomain pattern; preventive follow-up and confirmation of relevant measures recommended.
SA-082,Persistent Risk,Month 12,12,57,Male,,1.27,104.63,94.38,1.76,60,49.59,6.96,7783,5.16,5.39,1.22,1.47,2.65,0.67,25.57,86.27,22.72,25.93,5.96,40.8,Moderate persistent change,21.8,31.4,69.9,28.7,Metabolic trend,Recovery / activity,"Prioritize nutrition, activity and weight-management habits; confirm persistent/abnormal laboratory changes with an appropriate clinician.","Prioritize regular activity, sleep consistency and recovery; investigate persistent deterioration with an appropriate professional.",Repeat relevant laboratory measures as appropriate.,Persistent multidomain pattern; preventive follow-up and confirmation of relevant measures recommended.
SA-083,Persistent Risk,Baseline,0,46,Male,,1.24,106.99,96.18,1.83,62,40.42,6.87,8212,5.12,5.58,1.38,1.31,2.63,0.76,26.65,91.79,24.54,20.91,8.08,0.0,Stable / monitor,0.0,0.0,0.0,0.0,Function / mobility,Recovery / activity,"Maintain or progressively build walking, balance and resistance activity; reassess function.","Prioritize regular activity, sleep consistency and recovery; investigate persistent deterioration with an appropriate professional.",Repeat camera/function assessment.,Persistent multidomain pattern; preventive follow-up and confirmation of relevant measures recommended.
SA-083,Persistent Risk,Month 1,1,46,Male,,1.25,107.1,95.88,1.85,62,39.72,6.91,8307,5.15,5.6,1.34,1.32,2.68,0.82,26.66,92.68,24.71,21.87,8.06,3.0,Stable / monitor,1.0,0.0,9.4,0.0,Metabolic trend,Function / mobility,"Prioritize nutrition, activity and weight-management habits; confirm persistent/abnormal laboratory changes with an appropriate clinician.","Maintain or progressively build walking, balance and resistance activity; reassess function.",Repeat relevant laboratory measures as appropriate.,Persistent multidomain pattern; preventive follow-up and confirmation of relevant measures recommended.
SA-083,Persistent Risk,Month 3,3,46,Male,,1.23,105.72,95.85,1.86,63,39.57,6.93,7977,5.21,5.61,1.37,1.3,2.7,0.82,26.79,93.52,25.29,21.37,8.17,11.5,Stable / monitor,8.0,11.4,17.2,7.0,Metabolic trend,Recovery / activity,"Prioritize nutrition, activity and weight-management habits; confirm persistent/abnormal laboratory changes with an appropriate clinician.","Prioritize regular activity, sleep consistency and recovery; investigate persistent deterioration with an appropriate professional.",Repeat relevant laboratory measures as appropriate.,Persistent multidomain pattern; preventive follow-up and confirmation of relevant measures recommended.
SA-083,Persistent Risk,Month 6,6,46,Male,,1.23,104.79,95.67,1.88,63,38.88,6.85,7997,5.19,5.62,1.39,1.28,2.75,0.86,26.97,93.49,25.24,20.9,8.03,18.1,Early change,12.3,16.7,30.4,8.5,Metabolic trend,Recovery / activity,"Prioritize nutrition, activity and weight-management habits; confirm persistent/abnormal laboratory changes with an appropriate clinician.","Prioritize regular activity, sleep consistency and recovery; investigate persistent deterioration with an appropriate professional.",Repeat relevant laboratory measures as appropriate.,Persistent multidomain pattern; preventive follow-up and confirmation of relevant measures recommended.
SA-083,Persistent Risk,Month 9,9,46,Male,,1.22,104.9,95.53,1.9,63,38.57,6.77,7838,5.23,5.66,1.42,1.3,2.75,0.83,26.93,94.49,25.27,21.27,8.33,21.5,Early change,16.1,24.4,28.0,13.3,Metabolic trend,Recovery / activity,"Prioritize nutrition, activity and weight-management habits; confirm persistent/abnormal laboratory changes with an appropriate clinician.","Prioritize regular activity, sleep consistency and recovery; investigate persistent deterioration with an appropriate professional.",Repeat relevant laboratory measures as appropriate.,Persistent multidomain pattern; preventive follow-up and confirmation of relevant measures recommended.
SA-083,Persistent Risk,Month 12,12,46,Male,,1.22,104.69,95.37,1.91,63,38.24,6.74,7706,5.25,5.69,1.44,1.29,2.77,0.93,27.03,93.25,25.13,21.17,8.26,29.5,Early change,18.0,30.1,50.8,10.2,Metabolic trend,Recovery / activity,"Prioritize nutrition, activity and weight-management habits; confirm persistent/abnormal laboratory changes with an appropriate clinician.","Prioritize regular activity, sleep consistency and recovery; investigate persistent deterioration with an appropriate professional.",Repeat relevant laboratory measures as appropriate.,Persistent multidomain pattern; preventive follow-up and confirmation of relevant measures recommended.
SA-084,Persistent Risk,Baseline,0,60,Male,,1.27,106.65,96.71,1.62,61,47.38,7.05,8338,4.83,5.56,1.5,1.59,2.87,1.23,21.59,83.72,27.14,20.13,7.51,0.0,Stable / monitor,0.0,0.0,0.0,0.0,Function / mobility,Recovery / activity,"Maintain or progressively build walking, balance and resistance activity; reassess function.","Prioritize regular activity, sleep consistency and recovery; investigate persistent deterioration with an appropriate professional.",Repeat camera/function assessment.,Persistent multidomain pattern; preventive follow-up and confirmation of relevant measures recommended.
SA-084,Persistent Risk,Month 1,1,60,Male,,1.27,106.47,96.79,1.61,61,46.38,7.03,8426,4.8,5.56,1.5,1.58,2.98,1.26,21.46,83.26,26.71,19.5,7.05,3.3,Stable / monitor,0.0,2.7,8.4,0.0,Metabolic trend,Recovery / activity,"Prioritize nutrition, activity and weight-management habits; confirm persistent/abnormal laboratory changes with an appropriate clinician.","Prioritize regular activity, sleep consistency and recovery; investigate persistent deterioration with an appropriate professional.",Repeat relevant laboratory measures as appropriate.,Persistent multidomain pattern; preventive follow-up and confirmation of relevant measures recommended.
SA-084,Persistent Risk,Month 3,3,60,Male,,1.26,106.29,96.48,1.65,61,45.41,7.03,8226,4.83,5.59,1.51,1.58,2.99,1.25,21.55,84.55,26.1,19.53,7.52,7.5,Stable / monitor,6.4,11.6,10.2,0.1,Recovery / activity,Metabolic trend,"Prioritize regular activity, sleep consistency and recovery; investigate persistent deterioration with an appropriate professional.","Prioritize nutrition, activity and weight-management habits; confirm persistent/abnormal laboratory changes with an appropriate clinician.",Review wearable trend over the next measurement window.,Persistent multidomain pattern; preventive follow-up and confirmation of relevant measures recommended.
SA-084,Persistent Risk,Month 6,6,60,Male,,1.25,105.51,96.5,1.66,61,45.13,7.02,8237,4.85,5.59,1.56,1.57,2.99,1.28,21.67,84.51,27.01,19.78,7.29,11.2,Stable / monitor,10.7,12.8,19.3,0.0,Metabolic trend,Recovery / activity,"Prioritize nutrition, activity and weight-management habits; confirm persistent/abnormal laboratory changes with an appropriate clinician.","Prioritize regular activity, sleep consistency and recovery; investigate persistent deterioration with an appropriate professional.",Repeat relevant laboratory measures as appropriate.,Persistent multidomain pattern; preventive follow-up and confirmation of relevant measures recommended.
SA-084,Persistent Risk,Month 9,9,60,Male,,1.25,105.27,96.13,1.67,61,43.89,6.97,7980,4.85,5.62,1.6,1.56,3.0,1.32,21.35,83.25,27.45,19.08,7.51,20.3,Early change,13.1,25.6,29.2,7.5,Metabolic trend,Recovery / activity,"Prioritize nutrition, activity and weight-management habits; confirm persistent/abnormal laboratory changes with an appropriate clinician.","Prioritize regular activity, sleep consistency and recovery; investigate persistent deterioration with an appropriate professional.",Repeat relevant laboratory measures as appropriate.,Persistent multidomain pattern; preventive follow-up and confirmation of relevant measures recommended.
SA-084,Persistent Risk,Month 12,12,60,Male,,1.22,104.71,95.89,1.69,63,44.05,6.95,8045,4.89,5.66,1.63,1.55,2.96,1.41,21.81,84.22,26.78,19.17,7.52,27.3,Early change,21.8,30.5,42.7,8.3,Metabolic trend,Recovery / activity,"Prioritize nutrition, activity and weight-management habits; confirm persistent/abnormal laboratory changes with an appropriate clinician.","Prioritize regular activity, sleep consistency and recovery; investigate persistent deterioration with an appropriate professional.",Repeat relevant laboratory measures as appropriate.,Persistent multidomain pattern; preventive follow-up and confirmation of relevant measures recommended.
SA-085,Persistent Risk,Baseline,0,50,Female,,1.29,105.29,94.31,1.65,70,47.01,6.72,7524,5.35,5.4,0.83,1.49,2.55,0.81,22.24,76.55,22.65,24.79,6.68,0.0,Stable / monitor,0.0,0.0,0.0,0.0,Function / mobility,Recovery / activity,"Maintain or progressively build walking, balance and resistance activity; reassess function.","Prioritize regular activity, sleep consistency and recovery; investigate persistent deterioration with an appropriate professional.",Repeat camera/function assessment.,Persistent multidomain pattern; preventive follow-up and confirmation of relevant measures recommended.
SA-085,Persistent Risk,Month 1,1,50,Female,,1.29,105.73,94.34,1.67,70,48.05,6.77,7408,5.36,5.41,0.85,1.44,2.59,0.8,22.59,76.7,22.08,25.39,6.62,2.8,Stable / monitor,1.5,0.0,8.6,0.0,Metabolic trend,Function / mobility,"Prioritize nutrition, activity and weight-management habits; confirm persistent/abnormal laboratory changes with an appropriate clinician.","Maintain or progressively build walking, balance and resistance activity; reassess function.",Repeat relevant laboratory measures as appropriate.,Persistent multidomain pattern; preventive follow-up and confirmation of relevant measures recommended.
SA-085,Persistent Risk,Month 3,3,50,Female,,1.29,105.17,94.02,1.66,69,47.23,6.73,7550,5.32,5.43,0.89,1.45,2.57,0.85,22.59,76.32,23.26,24.3,6.72,9.2,Stable / monitor,2.1,0.0,20.8,10.5,Metabolic trend,Body composition,"Prioritize nutrition, activity and weight-management habits; confirm persistent/abnormal laboratory changes with an appropriate clinician.","Prioritize resistance exercise, activity and nutrition aimed at preserving muscle and reducing central adiposity.",Repeat relevant laboratory measures as appropriate.,Persistent multidomain pattern; preventive follow-up and confirmation of relevant measures recommended.
SA-085,Persistent Risk,Month 6,6,50,Female,,1.27,104.57,93.86,1.7,70,47.21,6.64,7305,5.39,5.45,0.9,1.45,2.56,0.9,22.77,77.65,22.88,24.48,6.82,16.9,Early change,11.5,7.4,32.4,13.1,Metabolic trend,Body composition,"Prioritize nutrition, activity and weight-management habits; confirm persistent/abnormal laboratory changes with an appropriate clinician.","Prioritize resistance exercise, activity and nutrition aimed at preserving muscle and reducing central adiposity.",Repeat relevant laboratory measures as appropriate.,Persistent multidomain pattern; preventive follow-up and confirmation of relevant measures recommended.
SA-085,Persistent Risk,Month 9,9,50,Female,,1.25,103.74,93.81,1.72,70,46.82,6.59,7204,5.4,5.43,0.95,1.46,2.62,0.92,22.39,77.62,22.58,24.77,6.79,21.9,Early change,18.7,13.2,45.7,5.6,Metabolic trend,Function / mobility,"Prioritize nutrition, activity and weight-management habits; confirm persistent/abnormal laboratory changes with an appropriate clinician.","Maintain or progressively build walking, balance and resistance activity; reassess function.",Repeat relevant laboratory measures as appropriate.,Persistent multidomain pattern; preventive follow-up and confirmation of relevant measures recommended.
SA-085,Persistent Risk,Month 12,12,50,Female,,1.24,103.28,93.4,1.74,70,45.09,6.61,7182,5.4,5.47,0.94,1.43,2.69,0.94,22.79,77.53,23.6,24.48,6.81,30.7,Moderate persistent change,24.4,20.5,54.7,17.8,Metabolic trend,Function / mobility,"Prioritize nutrition, activity and weight-management habits; confirm persistent/abnormal laboratory changes with an appropriate clinician.","Maintain or progressively build walking, balance and resistance activity; reassess function.",Repeat relevant laboratory measures as appropriate.,Persistent multidomain pattern; preventive follow-up and confirmation of relevant measures recommended.
SA-086,Intervention Response,Baseline,0,63,Female,,1.28,109.6,94.61,1.64,64,45.76,6.71,8174,4.96,5.28,1.18,1.33,2.45,1.22,23.34,84.66,24.15,30.17,7.32,0.0,Stable / monitor,0.0,0.0,0.0,0.0,Function / mobility,Recovery / activity,"Maintain or progressively build walking, balance and resistance activity; reassess function.","Prioritize regular activity, sleep consistency and recovery; investigate persistent deterioration with an appropriate professional.",Repeat camera/function assessment.,Change detected; demo action plan initiated at Month 6.
SA-086,Intervention Response,Month 1,1,63,Female,,1.27,109.36,94.43,1.64,64,44.91,6.68,8062,4.98,5.3,1.17,1.31,2.46,1.27,23.55,83.59,23.97,29.79,7.17,4.9,Stable / monitor,2.4,7.3,7.9,0.0,Metabolic trend,Recovery / activity,"Prioritize nutrition, activity and weight-management habits; confirm persistent/abnormal laboratory changes with an appropriate clinician.","Prioritize regular activity, sleep consistency and recovery; investigate persistent deterioration with an appropriate professional.",Repeat relevant laboratory measures as appropriate.,Change detected; demo action plan initiated at Month 6.
SA-086,Intervention Response,Month 3,3,63,Female,,1.26,107.92,94.21,1.66,64,45.29,6.66,7972,4.99,5.34,1.21,1.31,2.51,1.28,23.72,84.26,24.43,29.39,7.39,11.6,Stable / monitor,9.5,8.5,17.5,9.4,Metabolic trend,Function / mobility,"Prioritize nutrition, activity and weight-management habits; confirm persistent/abnormal laboratory changes with an appropriate clinician.","Maintain or progressively build walking, balance and resistance activity; reassess function.",Repeat relevant laboratory measures as appropriate.,Change detected; demo action plan initiated at Month 6.
SA-086,Intervention Response,Month 6,6,63,Female,AI-guided preventive action plan,1.25,107.46,93.94,1.68,65,43.11,6.62,7873,5.05,5.36,1.28,1.3,2.58,1.35,23.81,85.11,24.85,28.83,7.71,27.8,Early change,14.9,24.8,40.0,24.3,Metabolic trend,Recovery / activity,"Prioritize nutrition, activity and weight-management habits; confirm persistent/abnormal laboratory changes with an appropriate clinician.","Prioritize regular activity, sleep consistency and recovery; investigate persistent deterioration with an appropriate professional.",Repeat relevant laboratory measures as appropriate.,Change detected; demo action plan initiated at Month 6.
SA-086,Intervention Response,Month 9,9,63,Female,,1.28,108.76,94.61,1.64,64,45.75,6.72,8057,5.01,5.31,1.17,1.3,2.46,1.22,23.49,84.74,24.46,29.31,7.47,5.1,Stable / monitor,1.5,2.6,4.5,11.1,Body composition,Metabolic trend,"Prioritize resistance exercise, activity and nutrition aimed at preserving muscle and reducing central adiposity.","Prioritize nutrition, activity and weight-management habits; confirm persistent/abnormal laboratory changes with an appropriate clinician.",Repeat waist/BIA under standardized conditions.,Post-action follow-up: compare trajectory with the Month 6 pre-action state.
SA-086,Intervention Response,Month 12,12,63,Female,,1.29,109.91,95.11,1.59,63,47.42,6.78,8435,4.89,5.24,1.11,1.35,2.48,1.15,23.27,84.3,23.47,29.43,7.25,0.0,Stable / monitor,0.0,0.0,0.0,0.0,Function / mobility,Recovery / activity,"Maintain or progressively build walking, balance and resistance activity; reassess function.","Prioritize regular activity, sleep consistency and recovery; investigate persistent deterioration with an appropriate professional.",Repeat camera/function assessment.,Post-action follow-up: compare trajectory with the Month 6 pre-action state.
SA-087,Intervention Response,Baseline,0,68,Male,,1.24,105.65,95.21,1.56,65,50.92,7.23,9136,5.17,5.52,1.16,1.4,2.85,1.45,24.45,82.83,23.93,25.07,7.24,0.0,Stable / monitor,0.0,0.0,0.0,0.0,Function / mobility,Recovery / activity,"Maintain or progressively build walking, balance and resistance activity; reassess function.","Prioritize regular activity, sleep consistency and recovery; investigate persistent deterioration with an appropriate professional.",Repeat camera/function assessment.,Change detected; demo action plan initiated at Month 6.
SA-087,Intervention Response,Month 1,1,68,Male,,1.24,105.93,94.93,1.59,65,49.4,7.25,9090,5.22,5.53,1.19,1.42,2.87,1.46,24.58,84.29,24.0,24.51,7.21,5.7,Stable / monitor,3.9,6.4,4.9,7.0,Body composition,Recovery / activity,"Prioritize resistance exercise, activity and nutrition aimed at preserving muscle and reducing central adiposity.","Prioritize regular activity, sleep consistency and recovery; investigate persistent deterioration with an appropriate professional.",Repeat waist/BIA under standardized conditions.,Change detected; demo action plan initiated at Month 6.
SA-087,Intervention Response,Month 3,3,68,Male,,1.23,105.9,94.67,1.59,65,49.51,7.22,8957,5.19,5.56,1.21,1.41,2.91,1.46,24.57,84.41,23.86,24.25,7.29,9.2,Stable / monitor,6.1,9.7,10.0,9.7,Metabolic trend,Recovery / activity,"Prioritize nutrition, activity and weight-management habits; confirm persistent/abnormal laboratory changes with an appropriate clinician.","Prioritize regular activity, sleep consistency and recovery; investigate persistent deterioration with an appropriate professional.",Repeat relevant laboratory measures as appropriate.,Change detected; demo action plan initiated at Month 6.
SA-087,Intervention Response,Month 6,6,68,Male,AI-guided preventive action plan,1.22,104.7,94.43,1.65,66,48.39,7.11,8787,5.24,5.58,1.24,1.38,2.92,1.54,24.76,84.49,23.98,24.79,7.35,20.1,Early change,18.2,24.0,25.9,9.8,Metabolic trend,Recovery / activity,"Prioritize nutrition, activity and weight-management habits; confirm persistent/abnormal laboratory changes with an appropriate clinician.","Prioritize regular activity, sleep consistency and recovery; investigate persistent deterioration with an appropriate professional.",Repeat relevant laboratory measures as appropriate.,Change detected; demo action plan initiated at Month 6.
SA-087,Intervention Response,Month 9,9,68,Male,,1.24,105.99,95.18,1.59,65,50.74,7.21,9015,5.14,5.5,1.17,1.43,2.87,1.42,24.38,83.48,24.22,24.56,7.36,3.8,Stable / monitor,3.3,3.9,0.0,8.6,Body composition,Recovery / activity,"Prioritize resistance exercise, activity and nutrition aimed at preserving muscle and reducing central adiposity.","Prioritize regular activity, sleep consistency and recovery; investigate persistent deterioration with an appropriate professional.",Repeat waist/BIA under standardized conditions.,Post-action follow-up: compare trajectory with the Month 6 pre-action state.
SA-087,Intervention Response,Month 12,12,68,Male,,1.26,107.94,95.91,1.53,64,52.5,7.28,9357,5.05,5.45,1.13,1.44,2.8,1.38,24.2,82.39,24.06,25.15,6.99,0.0,Stable / monitor,0.0,0.0,0.0,0.0,Function / mobility,Recovery / activity,"Maintain or progressively build walking, balance and resistance activity; reassess function.","Prioritize regular activity, sleep consistency and recovery; investigate persistent deterioration with an appropriate professional.",Repeat camera/function assessment.,Post-action follow-up: compare trajectory with the Month 6 pre-action state.
SA-088,Intervention Response,Baseline,0,65,Female,,1.27,110.88,95.26,1.68,66,43.68,7.24,7510,4.54,5.29,1.15,1.3,2.88,0.73,25.37,85.1,22.67,31.59,8.0,0.0,Stable / monitor,0.0,0.0,0.0,0.0,Function / mobility,Recovery / activity,"Maintain or progressively build walking, balance and resistance activity; reassess function.","Prioritize regular activity, sleep consistency and recovery; investigate persistent deterioration with an appropriate professional.",Repeat camera/function assessment.,Change detected; demo action plan initiated at Month 6.
SA-088,Intervention Response,Month 1,1,65,Female,,1.25,110.24,95.27,1.7,65,42.91,7.26,7486,4.55,5.29,1.2,1.3,2.86,0.69,25.41,84.69,23.2,30.96,7.72,1.4,Stable / monitor,6.7,0.6,0.0,0.8,Function / mobility,Body composition,"Maintain or progressively build walking, balance and resistance activity; reassess function.","Prioritize resistance exercise, activity and nutrition aimed at preserving muscle and reducing central adiposity.",Repeat camera/function assessment.,Change detected; demo action plan initiated at Month 6.
SA-088,Intervention Response,Month 3,3,65,Female,,1.25,109.84,95.03,1.72,66,41.91,7.17,7449,4.55,5.32,1.19,1.28,2.87,0.72,25.42,86.37,22.97,30.91,7.85,8.0,Stable / monitor,10.3,11.7,5.4,5.3,Recovery / activity,Function / mobility,"Prioritize regular activity, sleep consistency and recovery; investigate persistent deterioration with an appropriate professional.","Maintain or progressively build walking, balance and resistance activity; reassess function.",Review wearable trend over the next measurement window.,Change detected; demo action plan initiated at Month 6.
SA-088,Intervention Response,Month 6,6,65,Female,AI-guided preventive action plan,1.24,108.62,94.62,1.76,67,39.98,7.15,7179,4.63,5.35,1.22,1.27,2.94,0.79,25.69,86.85,23.32,31.63,8.06,23.8,Early change,19.7,31.3,29.1,10.9,Recovery / activity,Metabolic trend,"Prioritize regular activity, sleep consistency and recovery; investigate persistent deterioration with an appropriate professional.","Prioritize nutrition, activity and weight-management habits; confirm persistent/abnormal laboratory changes with an appropriate clinician.",Review wearable trend over the next measurement window.,Change detected; demo action plan initiated at Month 6.
SA-088,Intervention Response,Month 9,9,65,Female,,1.25,110.44,95.18,1.72,65,42.81,7.16,7454,4.55,5.29,1.15,1.3,2.87,0.69,25.45,85.94,22.28,31.71,7.8,2.7,Stable / monitor,8.9,4.7,0.0,0.0,Function / mobility,Recovery / activity,"Maintain or progressively build walking, balance and resistance activity; reassess function.","Prioritize regular activity, sleep consistency and recovery; investigate persistent deterioration with an appropriate professional.",Repeat camera/function assessment.,Post-action follow-up: compare trajectory with the Month 6 pre-action state.
SA-088,Intervention Response,Month 12,12,65,Female,,1.28,112.08,95.9,1.68,64,45.8,7.35,7775,4.51,5.22,1.1,1.31,2.84,0.54,25.13,84.63,22.53,31.39,7.66,0.0,Stable / monitor,0.0,0.0,0.0,0.0,Function / mobility,Recovery / activity,"Maintain or progressively build walking, balance and resistance activity; reassess function.","Prioritize regular activity, sleep consistency and recovery; investigate persistent deterioration with an appropriate professional.",Repeat camera/function assessment.,Post-action follow-up: compare trajectory with the Month 6 pre-action state.
SA-089,Intervention Response,Baseline,0,64,Male,,1.34,108.85,95.94,1.62,67,52.72,7.84,8300,5.05,5.37,1.2,1.57,2.87,0.98,23.48,77.09,24.65,26.1,6.7,0.0,Stable / monitor,0.0,0.0,0.0,0.0,Function / mobility,Recovery / activity,"Maintain or progressively build walking, balance and resistance activity; reassess function.","Prioritize regular activity, sleep consistency and recovery; investigate persistent deterioration with an appropriate professional.",Repeat camera/function assessment.,Change detected; demo action plan initiated at Month 6.
SA-089,Intervention Response,Month 1,1,64,Male,,1.35,108.76,95.81,1.63,68,51.21,7.82,8077,5.07,5.38,1.2,1.55,2.81,0.98,23.22,77.97,25.21,25.76,6.78,6.3,Stable / monitor,0.2,14.6,0.0,7.7,Recovery / activity,Body composition,"Prioritize regular activity, sleep consistency and recovery; investigate persistent deterioration with an appropriate professional.","Prioritize resistance exercise, activity and nutrition aimed at preserving muscle and reducing central adiposity.",Review wearable trend over the next measurement window.,Change detected; demo action plan initiated at Month 6.
SA-089,Intervention Response,Month 3,3,64,Male,,1.33,108.55,95.49,1.64,68,50.6,7.77,8048,5.06,5.4,1.27,1.52,2.87,1.05,23.35,78.08,25.98,26.6,6.93,16.3,Early change,5.5,18.9,22.6,12.2,Metabolic trend,Recovery / activity,"Prioritize nutrition, activity and weight-management habits; confirm persistent/abnormal laboratory changes with an appropriate clinician.","Prioritize regular activity, sleep consistency and recovery; investigate persistent deterioration with an appropriate professional.",Repeat relevant laboratory measures as appropriate.,Change detected; demo action plan initiated at Month 6.
SA-089,Intervention Response,Month 6,6,64,Male,AI-guided preventive action plan,1.32,107.15,95.12,1.68,68,49.88,7.75,7798,5.11,5.43,1.3,1.51,2.94,1.06,23.17,77.82,26.0,26.22,6.99,24.4,Early change,15.2,28.2,33.4,14.4,Metabolic trend,Recovery / activity,"Prioritize nutrition, activity and weight-management habits; confirm persistent/abnormal laboratory changes with an appropriate clinician.","Prioritize regular activity, sleep consistency and recovery; investigate persistent deterioration with an appropriate professional.",Repeat relevant laboratory measures as appropriate.,Change detected; demo action plan initiated at Month 6.
SA-089,Intervention Response,Month 9,9,64,Male,,1.34,108.43,95.5,1.62,68,52.49,7.84,8119,5.05,5.36,1.22,1.55,2.83,1.0,23.28,78.05,25.34,26.74,6.8,5.0,Stable / monitor,1.7,8.2,4.5,3.6,Recovery / activity,Metabolic trend,"Prioritize regular activity, sleep consistency and recovery; investigate persistent deterioration with an appropriate professional.","Prioritize nutrition, activity and weight-management habits; confirm persistent/abnormal laboratory changes with an appropriate clinician.",Review wearable trend over the next measurement window.,Post-action follow-up: compare trajectory with the Month 6 pre-action state.
SA-089,Intervention Response,Month 12,12,64,Male,,1.37,110.51,96.35,1.58,67,53.64,7.97,8441,4.98,5.32,1.18,1.58,2.77,0.92,23.11,76.81,24.94,26.58,6.58,0.0,Stable / monitor,0.0,0.0,0.0,0.0,Function / mobility,Recovery / activity,"Maintain or progressively build walking, balance and resistance activity; reassess function.","Prioritize regular activity, sleep consistency and recovery; investigate persistent deterioration with an appropriate professional.",Repeat camera/function assessment.,Post-action follow-up: compare trajectory with the Month 6 pre-action state.
SA-090,Intervention Response,Baseline,0,60,Female,,1.33,106.51,96.64,1.66,57,45.44,6.85,8547,4.89,5.49,0.94,1.34,2.51,0.8,22.74,89.86,24.27,21.17,7.02,0.0,Stable / monitor,0.0,0.0,0.0,0.0,Function / mobility,Recovery / activity,"Maintain or progressively build walking, balance and resistance activity; reassess function.","Prioritize regular activity, sleep consistency and recovery; investigate persistent deterioration with an appropriate professional.",Repeat camera/function assessment.,Change detected; demo action plan initiated at Month 6.
SA-090,Intervention Response,Month 1,1,60,Female,,1.31,106.2,96.81,1.69,57,45.01,6.83,8571,4.9,5.52,0.96,1.32,2.55,0.82,22.65,89.77,24.5,23.02,6.81,5.0,Stable / monitor,6.9,1.9,11.3,0.0,Metabolic trend,Function / mobility,"Prioritize nutrition, activity and weight-management habits; confirm persistent/abnormal laboratory changes with an appropriate clinician.","Maintain or progressively build walking, balance and resistance activity; reassess function.",Repeat relevant laboratory measures as appropriate.,Change detected; demo action plan initiated at Month 6.
SA-090,Intervention Response,Month 3,3,60,Female,,1.31,106.11,96.53,1.69,58,43.45,6.79,8370,4.96,5.52,0.97,1.32,2.56,0.8,22.63,91.04,24.28,21.87,7.0,10.0,Stable / monitor,7.6,18.2,11.5,0.0,Recovery / activity,Metabolic trend,"Prioritize regular activity, sleep consistency and recovery; investigate persistent deterioration with an appropriate professional.","Prioritize nutrition, activity and weight-management habits; confirm persistent/abnormal laboratory changes with an appropriate clinician.",Review wearable trend over the next measurement window.,Change detected; demo action plan initiated at Month 6.
SA-090,Intervention Response,Month 6,6,60,Female,AI-guided preventive action plan,1.29,104.64,95.9,1.74,58,43.0,6.78,8114,4.99,5.56,1.03,1.33,2.59,0.89,22.77,91.37,24.86,22.22,7.08,22.3,Early change,20.7,26.4,37.4,0.2,Metabolic trend,Recovery / activity,"Prioritize nutrition, activity and weight-management habits; confirm persistent/abnormal laboratory changes with an appropriate clinician.","Prioritize regular activity, sleep consistency and recovery; investigate persistent deterioration with an appropriate professional.",Repeat relevant laboratory measures as appropriate.,Change detected; demo action plan initiated at Month 6.
SA-090,Intervention Response,Month 9,9,60,Female,,1.31,106.43,96.59,1.67,57,44.84,6.8,8547,4.93,5.49,0.96,1.29,2.52,0.84,22.77,89.79,24.57,22.49,7.01,6.7,Stable / monitor,4.5,4.1,16.1,0.0,Metabolic trend,Function / mobility,"Prioritize nutrition, activity and weight-management habits; confirm persistent/abnormal laboratory changes with an appropriate clinician.","Maintain or progressively build walking, balance and resistance activity; reassess function.",Repeat relevant laboratory measures as appropriate.,Post-action follow-up: compare trajectory with the Month 6 pre-action state.
SA-090,Intervention Response,Month 12,12,60,Female,,1.34,108.12,97.18,1.63,57,47.37,6.88,8984,4.82,5.45,0.92,1.35,2.51,0.7,22.6,89.45,24.35,21.87,6.67,0.0,Stable / monitor,0.0,0.0,0.0,0.0,Function / mobility,Recovery / activity,"Maintain or progressively build walking, balance and resistance activity; reassess function.","Prioritize regular activity, sleep consistency and recovery; investigate persistent deterioration with an appropriate professional.",Repeat camera/function assessment.,Post-action follow-up: compare trajectory with the Month 6 pre-action state.
SA-091,Intervention Response,Baseline,0,58,Male,,1.32,109.3,94.58,1.76,63,40.35,7.32,8867,5.22,5.38,1.26,1.43,2.87,0.71,22.44,77.32,25.87,29.26,7.61,0.0,Stable / monitor,0.0,0.0,0.0,0.0,Function / mobility,Recovery / activity,"Maintain or progressively build walking, balance and resistance activity; reassess function.","Prioritize regular activity, sleep consistency and recovery; investigate persistent deterioration with an appropriate professional.",Repeat camera/function assessment.,Change detected; demo action plan initiated at Month 6.
SA-091,Intervention Response,Month 1,1,58,Male,,1.31,108.72,94.33,1.77,64,40.42,7.27,8951,5.31,5.39,1.26,1.44,2.89,0.69,22.66,77.77,26.24,29.07,7.5,2.2,Stable / monitor,4.2,2.3,0.0,3.5,Function / mobility,Body composition,"Maintain or progressively build walking, balance and resistance activity; reassess function.","Prioritize resistance exercise, activity and nutrition aimed at preserving muscle and reducing central adiposity.",Repeat camera/function assessment.,Change detected; demo action plan initiated at Month 6.
SA-091,Intervention Response,Month 3,3,58,Male,,1.3,108.42,94.35,1.78,64,40.12,7.23,8675,5.33,5.41,1.33,1.4,2.86,0.71,22.8,77.64,26.06,28.86,7.73,10.7,Stable / monitor,7.4,11.1,13.3,9.1,Metabolic trend,Recovery / activity,"Prioritize nutrition, activity and weight-management habits; confirm persistent/abnormal laboratory changes with an appropriate clinician.","Prioritize regular activity, sleep consistency and recovery; investigate persistent deterioration with an appropriate professional.",Repeat relevant laboratory measures as appropriate.,Change detected; demo action plan initiated at Month 6.
SA-091,Intervention Response,Month 6,6,58,Male,AI-guided preventive action plan,1.3,107.66,93.91,1.8,65,38.47,7.22,8584,5.37,5.44,1.32,1.37,2.91,0.75,22.71,77.03,25.75,29.24,7.89,18.9,Early change,12.0,24.8,26.6,6.6,Metabolic trend,Recovery / activity,"Prioritize nutrition, activity and weight-management habits; confirm persistent/abnormal laboratory changes with an appropriate clinician.","Prioritize regular activity, sleep consistency and recovery; investigate persistent deterioration with an appropriate professional.",Repeat relevant laboratory measures as appropriate.,Change detected; demo action plan initiated at Month 6.
SA-091,Intervention Response,Month 9,9,58,Male,,1.31,108.65,94.18,1.77,64,40.1,7.3,8871,5.3,5.38,1.29,1.42,2.88,0.71,22.76,77.72,25.46,29.31,7.42,4.2,Stable / monitor,4.7,4.9,6.6,0.0,Metabolic trend,Recovery / activity,"Prioritize nutrition, activity and weight-management habits; confirm persistent/abnormal laboratory changes with an appropriate clinician.","Prioritize regular activity, sleep consistency and recovery; investigate persistent deterioration with an appropriate professional.",Repeat relevant laboratory measures as appropriate.,Post-action follow-up: compare trajectory with the Month 6 pre-action state.
SA-091,Intervention Response,Month 12,12,58,Male,,1.34,109.89,94.94,1.72,63,43.03,7.39,9152,5.23,5.33,1.2,1.46,2.83,0.57,22.38,76.67,25.69,29.6,7.37,0.0,Stable / monitor,0.0,0.0,0.0,0.0,Function / mobility,Recovery / activity,"Maintain or progressively build walking, balance and resistance activity; reassess function.","Prioritize regular activity, sleep consistency and recovery; investigate persistent deterioration with an appropriate professional.",Repeat camera/function assessment.,Post-action follow-up: compare trajectory with the Month 6 pre-action state.
SA-092,Intervention Response,Baseline,0,44,Male,,1.28,110.84,98.63,1.55,64,35.2,6.54,8562,4.9,5.24,1.07,1.35,2.69,1.07,20.25,85.01,26.8,20.62,9.02,0.0,Stable / monitor,0.0,0.0,0.0,0.0,Function / mobility,Recovery / activity,"Maintain or progressively build walking, balance and resistance activity; reassess function.","Prioritize regular activity, sleep consistency and recovery; investigate persistent deterioration with an appropriate professional.",Repeat camera/function assessment.,Change detected; demo action plan initiated at Month 6.
SA-092,Intervention Response,Month 1,1,44,Male,,1.27,110.86,98.51,1.52,64,34.84,6.47,8627,4.94,5.26,1.08,1.37,2.7,1.15,20.47,84.38,27.37,21.49,9.08,4.2,Stable / monitor,0.0,2.7,11.3,0.0,Metabolic trend,Recovery / activity,"Prioritize nutrition, activity and weight-management habits; confirm persistent/abnormal laboratory changes with an appropriate clinician.","Prioritize regular activity, sleep consistency and recovery; investigate persistent deterioration with an appropriate professional.",Repeat relevant laboratory measures as appropriate.,Change detected; demo action plan initiated at Month 6.
SA-092,Intervention Response,Month 3,3,44,Male,,1.26,110.48,98.24,1.55,65,34.09,6.51,8596,4.97,5.28,1.09,1.33,2.7,1.11,20.71,85.38,26.79,20.61,9.17,9.2,Stable / monitor,4.6,9.6,12.9,7.0,Metabolic trend,Recovery / activity,"Prioritize nutrition, activity and weight-management habits; confirm persistent/abnormal laboratory changes with an appropriate clinician.","Prioritize regular activity, sleep consistency and recovery; investigate persistent deterioration with an appropriate professional.",Repeat relevant laboratory measures as appropriate.,Change detected; demo action plan initiated at Month 6.
SA-092,Intervention Response,Month 6,6,44,Male,AI-guided preventive action plan,1.24,109.05,97.86,1.58,65,33.11,6.44,8218,5.03,5.32,1.16,1.31,2.79,1.17,20.53,84.99,27.15,20.37,9.31,24.4,Early change,14.9,26.1,38.2,11.3,Metabolic trend,Recovery / activity,"Prioritize nutrition, activity and weight-management habits; confirm persistent/abnormal laboratory changes with an appropriate clinician.","Prioritize regular activity, sleep consistency and recovery; investigate persistent deterioration with an appropriate professional.",Repeat relevant laboratory measures as appropriate.,Change detected; demo action plan initiated at Month 6.
SA-092,Intervention Response,Month 9,9,44,Male,,1.27,110.26,98.45,1.52,64,35.56,6.49,8627,4.96,5.26,1.09,1.36,2.7,1.04,20.61,84.42,27.27,21.01,9.31,1.8,Stable / monitor,0.0,0.0,0.4,6.7,Body composition,Metabolic trend,"Prioritize resistance exercise, activity and nutrition aimed at preserving muscle and reducing central adiposity.","Prioritize nutrition, activity and weight-management habits; confirm persistent/abnormal laboratory changes with an appropriate clinician.",Repeat waist/BIA under standardized conditions.,Post-action follow-up: compare trajectory with the Month 6 pre-action state.
SA-092,Intervention Response,Month 12,12,44,Male,,1.3,112.1,99.02,1.49,63,37.23,6.6,8924,4.85,5.21,1.03,1.38,2.64,1.01,20.44,83.53,26.56,20.71,8.9,0.0,Stable / monitor,0.0,0.0,0.0,0.0,Function / mobility,Recovery / activity,"Maintain or progressively build walking, balance and resistance activity; reassess function.","Prioritize regular activity, sleep consistency and recovery; investigate persistent deterioration with an appropriate professional.",Repeat camera/function assessment.,Post-action follow-up: compare trajectory with the Month 6 pre-action state.
SA-093,Intervention Response,Baseline,0,51,Male,,1.21,106.74,96.03,1.6,65,46.31,7.2,9362,4.85,5.45,1.37,1.3,2.73,1.12,25.94,80.6,29.19,30.47,7.51,0.0,Stable / monitor,0.0,0.0,0.0,0.0,Function / mobility,Recovery / activity,"Maintain or progressively build walking, balance and resistance activity; reassess function.","Prioritize regular activity, sleep consistency and recovery; investigate persistent deterioration with an appropriate professional.",Repeat camera/function assessment.,Change detected; demo action plan initiated at Month 6.
SA-093,Intervention Response,Month 1,1,51,Male,,1.19,107.12,95.85,1.6,66,45.83,7.16,9341,4.89,5.47,1.37,1.3,2.8,1.14,26.03,80.07,29.79,31.37,7.4,4.7,Stable / monitor,3.0,6.7,7.4,0.0,Metabolic trend,Recovery / activity,"Prioritize nutrition, activity and weight-management habits; confirm persistent/abnormal laboratory changes with an appropriate clinician.","Prioritize regular activity, sleep consistency and recovery; investigate persistent deterioration with an appropriate professional.",Repeat relevant laboratory measures as appropriate.,Change detected; demo action plan initiated at Month 6.
SA-093,Intervention Response,Month 3,3,51,Male,,1.18,106.52,95.67,1.64,66,44.34,7.1,9230,4.95,5.48,1.37,1.3,2.79,1.19,25.94,81.25,29.14,31.47,7.62,11.2,Stable / monitor,11.1,17.2,14.7,0.0,Recovery / activity,Metabolic trend,"Prioritize regular activity, sleep consistency and recovery; investigate persistent deterioration with an appropriate professional.","Prioritize nutrition, activity and weight-management habits; confirm persistent/abnormal laboratory changes with an appropriate clinician.",Review wearable trend over the next measurement window.,Change detected; demo action plan initiated at Month 6.
SA-093,Intervention Response,Month 6,6,51,Male,AI-guided preventive action plan,1.17,105.25,95.21,1.65,67,43.61,7.06,8867,4.94,5.54,1.46,1.27,2.86,1.19,25.84,80.99,29.8,30.31,7.69,23.7,Early change,17.4,32.3,31.2,8.2,Recovery / activity,Metabolic trend,"Prioritize regular activity, sleep consistency and recovery; investigate persistent deterioration with an appropriate professional.","Prioritize nutrition, activity and weight-management habits; confirm persistent/abnormal laboratory changes with an appropriate clinician.",Review wearable trend over the next measurement window.,Change detected; demo action plan initiated at Month 6.
SA-093,Intervention Response,Month 9,9,51,Male,,1.2,107.0,95.92,1.61,66,44.99,7.13,9242,4.89,5.47,1.34,1.31,2.78,1.12,25.8,80.25,29.29,31.22,7.42,4.4,Stable / monitor,2.6,13.3,0.1,0.0,Recovery / activity,Function / mobility,"Prioritize regular activity, sleep consistency and recovery; investigate persistent deterioration with an appropriate professional.","Maintain or progressively build walking, balance and resistance activity; reassess function.",Review wearable trend over the next measurement window.,Post-action follow-up: compare trajectory with the Month 6 pre-action state.
SA-093,Intervention Response,Month 12,12,51,Male,,1.23,108.72,96.48,1.55,65,47.15,7.27,9574,4.82,5.4,1.34,1.34,2.73,0.99,25.63,79.73,29.41,31.15,7.05,0.0,Stable / monitor,0.0,0.0,0.0,0.0,Function / mobility,Recovery / activity,"Maintain or progressively build walking, balance and resistance activity; reassess function.","Prioritize regular activity, sleep consistency and recovery; investigate persistent deterioration with an appropriate professional.",Repeat camera/function assessment.,Post-action follow-up: compare trajectory with the Month 6 pre-action state.
SA-094,Intervention Response,Baseline,0,67,Female,,1.34,113.69,94.73,1.51,66,41.89,6.86,7859,5.14,5.27,1.1,1.34,3.05,1.0,25.01,81.45,27.51,20.07,8.27,0.0,Stable / monitor,0.0,0.0,0.0,0.0,Function / mobility,Recovery / activity,"Maintain or progressively build walking, balance and resistance activity; reassess function.","Prioritize regular activity, sleep consistency and recovery; investigate persistent deterioration with an appropriate professional.",Repeat camera/function assessment.,Change detected; demo action plan initiated at Month 6.
SA-094,Intervention Response,Month 1,1,67,Female,,1.34,113.42,94.49,1.52,67,41.56,6.81,7823,5.17,5.28,1.09,1.35,3.01,1.04,25.29,82.04,27.09,20.64,8.17,3.2,Stable / monitor,2.3,7.0,2.4,0.0,Recovery / activity,Metabolic trend,"Prioritize regular activity, sleep consistency and recovery; investigate persistent deterioration with an appropriate professional.","Prioritize nutrition, activity and weight-management habits; confirm persistent/abnormal laboratory changes with an appropriate clinician.",Review wearable trend over the next measurement window.,Change detected; demo action plan initiated at Month 6.
SA-094,Intervention Response,Month 3,3,67,Female,,1.31,112.32,94.43,1.53,67,39.93,6.76,7810,5.19,5.27,1.14,1.34,3.07,1.06,25.35,82.38,27.1,20.05,8.19,11.1,Stable / monitor,10.2,16.6,15.0,0.2,Recovery / activity,Metabolic trend,"Prioritize regular activity, sleep consistency and recovery; investigate persistent deterioration with an appropriate professional.","Prioritize nutrition, activity and weight-management habits; confirm persistent/abnormal laboratory changes with an appropriate clinician.",Review wearable trend over the next measurement window.,Change detected; demo action plan initiated at Month 6.
SA-094,Intervention Response,Month 6,6,67,Female,AI-guided preventive action plan,1.3,111.28,94.12,1.55,67,39.76,6.67,7579,5.21,5.31,1.18,1.33,3.12,1.08,25.05,82.69,27.18,20.43,8.57,19.4,Early change,16.8,25.9,27.2,3.7,Metabolic trend,Recovery / activity,"Prioritize nutrition, activity and weight-management habits; confirm persistent/abnormal laboratory changes with an appropriate clinician.","Prioritize regular activity, sleep consistency and recovery; investigate persistent deterioration with an appropriate professional.",Repeat relevant laboratory measures as appropriate.,Change detected; demo action plan initiated at Month 6.
SA-094,Intervention Response,Month 9,9,67,Female,,1.33,113.0,94.59,1.52,67,41.88,6.8,7820,5.11,5.25,1.08,1.36,3.04,1.04,25.23,81.5,27.87,20.45,8.24,2.4,Stable / monitor,4.3,5.8,0.0,0.0,Recovery / activity,Function / mobility,"Prioritize regular activity, sleep consistency and recovery; investigate persistent deterioration with an appropriate professional.","Maintain or progressively build walking, balance and resistance activity; reassess function.",Review wearable trend over the next measurement window.,Post-action follow-up: compare trajectory with the Month 6 pre-action state.
SA-094,Intervention Response,Month 12,12,67,Female,,1.35,114.44,95.26,1.48,65,43.66,6.89,8145,5.06,5.18,1.04,1.37,3.02,0.86,24.98,80.8,27.0,20.74,7.92,0.0,Stable / monitor,0.0,0.0,0.0,0.0,Function / mobility,Recovery / activity,"Maintain or progressively build walking, balance and resistance activity; reassess function.","Prioritize regular activity, sleep consistency and recovery; investigate persistent deterioration with an appropriate professional.",Repeat camera/function assessment.,Post-action follow-up: compare trajectory with the Month 6 pre-action state.
SA-095,Intervention Response,Baseline,0,51,Female,,1.33,105.42,95.81,1.6,64,42.17,7.13,8336,5.15,5.45,1.15,1.39,2.28,0.96,26.08,87.2,19.72,30.24,7.34,0.0,Stable / monitor,0.0,0.0,0.0,0.0,Function / mobility,Recovery / activity,"Maintain or progressively build walking, balance and resistance activity; reassess function.","Prioritize regular activity, sleep consistency and recovery; investigate persistent deterioration with an appropriate professional.",Repeat camera/function assessment.,Change detected; demo action plan initiated at Month 6.
SA-095,Intervention Response,Month 1,1,51,Female,,1.32,105.29,95.7,1.62,64,41.61,7.14,8307,5.12,5.48,1.16,1.4,2.28,0.98,25.91,86.62,20.02,30.32,7.38,2.7,Stable / monitor,4.5,3.1,2.9,0.8,Function / mobility,Recovery / activity,"Maintain or progressively build walking, balance and resistance activity; reassess function.","Prioritize regular activity, sleep consistency and recovery; investigate persistent deterioration with an appropriate professional.",Repeat camera/function assessment.,Change detected; demo action plan initiated at Month 6.
SA-095,Intervention Response,Month 3,3,51,Female,,1.32,105.94,95.42,1.63,64,40.96,7.12,8083,5.19,5.47,1.2,1.39,2.28,1.08,26.24,87.28,19.63,30.13,7.59,13.2,Early change,5.1,12.1,24.0,6.4,Metabolic trend,Recovery / activity,"Prioritize nutrition, activity and weight-management habits; confirm persistent/abnormal laboratory changes with an appropriate clinician.","Prioritize regular activity, sleep consistency and recovery; investigate persistent deterioration with an appropriate professional.",Repeat relevant laboratory measures as appropriate.,Change detected; demo action plan initiated at Month 6.
SA-095,Intervention Response,Month 6,6,51,Female,AI-guided preventive action plan,1.3,103.99,95.09,1.66,65,39.36,7.02,7940,5.25,5.51,1.24,1.37,2.35,1.07,25.97,87.51,19.92,29.83,7.71,24.8,Early change,16.2,29.0,35.8,11.8,Metabolic trend,Recovery / activity,"Prioritize nutrition, activity and weight-management habits; confirm persistent/abnormal laboratory changes with an appropriate clinician.","Prioritize regular activity, sleep consistency and recovery; investigate persistent deterioration with an appropriate professional.",Repeat relevant laboratory measures as appropriate.,Change detected; demo action plan initiated at Month 6.
SA-095,Intervention Response,Month 9,9,51,Female,,1.33,105.56,95.6,1.62,64,41.52,7.19,8326,5.19,5.45,1.15,1.39,2.29,0.97,25.78,88.27,19.5,29.62,7.32,2.1,Stable / monitor,2.7,1.6,3.0,1.2,Metabolic trend,Function / mobility,"Prioritize nutrition, activity and weight-management habits; confirm persistent/abnormal laboratory changes with an appropriate clinician.","Maintain or progressively build walking, balance and resistance activity; reassess function.",Repeat relevant laboratory measures as appropriate.,Post-action follow-up: compare trajectory with the Month 6 pre-action state.
SA-095,Intervention Response,Month 12,12,51,Female,,1.35,107.4,96.32,1.57,63,43.36,7.23,8507,5.11,5.4,1.07,1.41,2.26,0.94,25.92,85.34,19.35,30.89,7.03,0.0,Stable / monitor,0.0,0.0,0.0,0.0,Function / mobility,Recovery / activity,"Maintain or progressively build walking, balance and resistance activity; reassess function.","Prioritize regular activity, sleep consistency and recovery; investigate persistent deterioration with an appropriate professional.",Repeat camera/function assessment.,Post-action follow-up: compare trajectory with the Month 6 pre-action state.
SA-096,Intervention Response,Baseline,0,58,Male,,1.38,116.87,95.59,1.62,63,43.63,6.7,8022,5.08,5.38,1.27,1.33,2.93,0.93,26.15,82.29,24.37,35.44,7.43,0.0,Stable / monitor,0.0,0.0,0.0,0.0,Function / mobility,Recovery / activity,"Maintain or progressively build walking, balance and resistance activity; reassess function.","Prioritize regular activity, sleep consistency and recovery; investigate persistent deterioration with an appropriate professional.",Repeat camera/function assessment.,Change detected; demo action plan initiated at Month 6.
SA-096,Intervention Response,Month 1,1,58,Male,,1.38,116.64,95.61,1.63,63,42.84,6.68,8019,5.1,5.4,1.26,1.34,2.95,0.91,26.42,81.96,23.84,35.14,7.57,2.0,Stable / monitor,1.6,4.3,0.0,1.9,Recovery / activity,Body composition,"Prioritize regular activity, sleep consistency and recovery; investigate persistent deterioration with an appropriate professional.","Prioritize resistance exercise, activity and nutrition aimed at preserving muscle and reducing central adiposity.",Review wearable trend over the next measurement window.,Change detected; demo action plan initiated at Month 6.
SA-096,Intervention Response,Month 3,3,58,Male,,1.37,115.74,95.39,1.66,63,42.87,6.65,7783,5.14,5.4,1.29,1.3,2.95,0.97,26.2,81.88,24.07,35.3,7.47,8.7,Stable / monitor,8.7,10.9,13.8,0.0,Metabolic trend,Recovery / activity,"Prioritize nutrition, activity and weight-management habits; confirm persistent/abnormal laboratory changes with an appropriate clinician.","Prioritize regular activity, sleep consistency and recovery; investigate persistent deterioration with an appropriate professional.",Repeat relevant laboratory measures as appropriate.,Change detected; demo action plan initiated at Month 6.
SA-096,Intervention Response,Month 6,6,58,Male,AI-guided preventive action plan,1.36,115.0,94.98,1.68,64,41.48,6.57,7550,5.17,5.43,1.32,1.28,2.97,1.03,26.29,83.04,24.15,34.52,7.71,22.6,Early change,14.8,28.7,30.0,11.1,Metabolic trend,Recovery / activity,"Prioritize nutrition, activity and weight-management habits; confirm persistent/abnormal laboratory changes with an appropriate clinician.","Prioritize regular activity, sleep consistency and recovery; investigate persistent deterioration with an appropriate professional.",Repeat relevant laboratory measures as appropriate.,Change detected; demo action plan initiated at Month 6.
SA-096,Intervention Response,Month 9,9,58,Male,,1.37,116.13,95.48,1.63,63,43.21,6.68,7906,5.11,5.39,1.25,1.3,2.96,0.94,26.32,82.39,24.09,35.05,7.44,4.0,Stable / monitor,4.2,5.4,4.7,1.4,Recovery / activity,Metabolic trend,"Prioritize regular activity, sleep consistency and recovery; investigate persistent deterioration with an appropriate professional.","Prioritize nutrition, activity and weight-management habits; confirm persistent/abnormal laboratory changes with an appropriate clinician.",Review wearable trend over the next measurement window.,Post-action follow-up: compare trajectory with the Month 6 pre-action state.
SA-096,Intervention Response,Month 12,12,58,Male,,1.4,117.75,96.35,1.58,61,46.68,6.8,8329,5.04,5.31,1.2,1.34,2.85,0.85,26.27,79.98,23.44,35.3,7.06,0.0,Stable / monitor,0.0,0.0,0.0,0.0,Function / mobility,Recovery / activity,"Maintain or progressively build walking, balance and resistance activity; reassess function.","Prioritize regular activity, sleep consistency and recovery; investigate persistent deterioration with an appropriate professional.",Repeat camera/function assessment.,Post-action follow-up: compare trajectory with the Month 6 pre-action state.
SA-097,Intervention Response,Baseline,0,64,Female,,1.33,110.83,95.12,1.49,65,54.45,6.52,8065,4.8,5.41,1.04,1.33,2.41,0.8,23.4,81.45,34.85,32.09,5.19,0.0,Stable / monitor,0.0,0.0,0.0,0.0,Function / mobility,Recovery / activity,"Maintain or progressively build walking, balance and resistance activity; reassess function.","Prioritize regular activity, sleep consistency and recovery; investigate persistent deterioration with an appropriate professional.",Repeat camera/function assessment.,Change detected; demo action plan initiated at Month 6.
SA-097,Intervention Response,Month 1,1,64,Female,,1.32,110.16,95.02,1.51,65,53.85,6.51,8078,4.8,5.44,1.07,1.33,2.42,0.84,23.44,80.64,35.17,31.52,5.24,6.2,Stable / monitor,5.6,2.2,11.8,4.5,Metabolic trend,Function / mobility,"Prioritize nutrition, activity and weight-management habits; confirm persistent/abnormal laboratory changes with an appropriate clinician.","Maintain or progressively build walking, balance and resistance activity; reassess function.",Repeat relevant laboratory measures as appropriate.,Change detected; demo action plan initiated at Month 6.
SA-097,Intervention Response,Month 3,3,64,Female,,1.31,109.69,94.76,1.51,65,52.32,6.51,7874,4.83,5.49,1.12,1.34,2.44,0.86,23.77,81.33,35.78,31.0,5.43,17.1,Early change,8.5,12.9,23.7,19.4,Metabolic trend,Body composition,"Prioritize nutrition, activity and weight-management habits; confirm persistent/abnormal laboratory changes with an appropriate clinician.","Prioritize resistance exercise, activity and nutrition aimed at preserving muscle and reducing central adiposity.",Repeat relevant laboratory measures as appropriate.,Change detected; demo action plan initiated at Month 6.
SA-097,Intervention Response,Month 6,6,64,Female,AI-guided preventive action plan,1.29,109.07,94.4,1.55,66,51.38,6.44,7728,4.86,5.52,1.12,1.34,2.49,0.94,23.7,82.56,35.53,31.64,5.22,25.4,Early change,18.8,25.2,41.4,10.5,Metabolic trend,Recovery / activity,"Prioritize nutrition, activity and weight-management habits; confirm persistent/abnormal laboratory changes with an appropriate clinician.","Prioritize regular activity, sleep consistency and recovery; investigate persistent deterioration with an appropriate professional.",Repeat relevant laboratory measures as appropriate.,Change detected; demo action plan initiated at Month 6.
SA-097,Intervention Response,Month 9,9,64,Female,,1.31,110.52,94.93,1.49,65,53.62,6.52,7944,4.82,5.47,1.07,1.36,2.41,0.86,23.46,80.9,35.59,31.68,5.17,7.3,Stable / monitor,4.0,6.0,12.9,4.2,Metabolic trend,Recovery / activity,"Prioritize nutrition, activity and weight-management habits; confirm persistent/abnormal laboratory changes with an appropriate clinician.","Prioritize regular activity, sleep consistency and recovery; investigate persistent deterioration with an appropriate professional.",Repeat relevant laboratory measures as appropriate.,Post-action follow-up: compare trajectory with the Month 6 pre-action state.
SA-097,Intervention Response,Month 12,12,64,Female,,1.34,112.14,95.65,1.45,63,55.7,6.56,8389,4.74,5.4,1.03,1.39,2.35,0.75,23.45,81.06,35.24,31.45,5.13,0.7,Stable / monitor,0.0,0.0,0.0,2.7,Body composition,Function / mobility,"Prioritize resistance exercise, activity and nutrition aimed at preserving muscle and reducing central adiposity.","Maintain or progressively build walking, balance and resistance activity; reassess function.",Repeat waist/BIA under standardized conditions.,Post-action follow-up: compare trajectory with the Month 6 pre-action state.
SA-098,Intervention Response,Baseline,0,52,Female,,1.3,113.15,96.12,1.62,67,40.19,7.26,8189,4.91,5.31,0.99,1.28,2.9,0.93,25.59,86.78,23.43,27.1,7.17,0.0,Stable / monitor,0.0,0.0,0.0,0.0,Function / mobility,Recovery / activity,"Maintain or progressively build walking, balance and resistance activity; reassess function.","Prioritize regular activity, sleep consistency and recovery; investigate persistent deterioration with an appropriate professional.",Repeat camera/function assessment.,Change detected; demo action plan initiated at Month 6.
SA-098,Intervention Response,Month 1,1,52,Female,,1.3,113.31,96.02,1.63,67,40.04,7.18,8041,4.98,5.32,1.0,1.28,2.95,0.97,25.72,86.33,23.33,27.67,7.22,5.6,Stable / monitor,1.2,6.6,11.5,0.0,Metabolic trend,Recovery / activity,"Prioritize nutrition, activity and weight-management habits; confirm persistent/abnormal laboratory changes with an appropriate clinician.","Prioritize regular activity, sleep consistency and recovery; investigate persistent deterioration with an appropriate professional.",Repeat relevant laboratory measures as appropriate.,Change detected; demo action plan initiated at Month 6.
SA-098,Intervention Response,Month 3,3,52,Female,,1.29,112.47,95.64,1.66,67,39.03,7.12,7842,4.99,5.33,1.04,1.27,2.91,1.0,25.79,87.6,23.82,27.79,7.17,13.4,Early change,8.7,18.1,20.9,1.4,Metabolic trend,Recovery / activity,"Prioritize nutrition, activity and weight-management habits; confirm persistent/abnormal laboratory changes with an appropriate clinician.","Prioritize regular activity, sleep consistency and recovery; investigate persistent deterioration with an appropriate professional.",Repeat relevant laboratory measures as appropriate.,Change detected; demo action plan initiated at Month 6.
SA-098,Intervention Response,Month 6,6,52,Female,AI-guided preventive action plan,1.27,111.49,95.27,1.69,68,37.64,7.04,7669,5.02,5.37,1.06,1.27,2.97,1.06,25.62,85.79,23.66,27.91,7.43,24.3,Early change,18.0,34.4,36.8,1.0,Metabolic trend,Recovery / activity,"Prioritize nutrition, activity and weight-management habits; confirm persistent/abnormal laboratory changes with an appropriate clinician.","Prioritize regular activity, sleep consistency and recovery; investigate persistent deterioration with an appropriate professional.",Repeat relevant laboratory measures as appropriate.,Change detected; demo action plan initiated at Month 6.
SA-098,Intervention Response,Month 9,9,52,Female,,1.3,113.27,95.95,1.64,67,39.34,7.18,8001,4.91,5.32,0.97,1.28,2.96,0.95,25.61,86.1,23.63,27.97,6.99,4.6,Stable / monitor,2.6,11.0,3.2,0.0,Recovery / activity,Metabolic trend,"Prioritize regular activity, sleep consistency and recovery; investigate persistent deterioration with an appropriate professional.","Prioritize nutrition, activity and weight-management habits; confirm persistent/abnormal laboratory changes with an appropriate clinician.",Review wearable trend over the next measurement window.,Post-action follow-up: compare trajectory with the Month 6 pre-action state.
SA-098,Intervention Response,Month 12,12,52,Female,,1.32,114.35,96.7,1.6,67,42.1,7.27,8330,4.88,5.25,0.93,1.3,2.88,0.84,25.49,85.99,23.02,28.24,6.87,0.0,Stable / monitor,0.0,0.0,0.0,0.0,Function / mobility,Recovery / activity,"Maintain or progressively build walking, balance and resistance activity; reassess function.","Prioritize regular activity, sleep consistency and recovery; investigate persistent deterioration with an appropriate professional.",Repeat camera/function assessment.,Post-action follow-up: compare trajectory with the Month 6 pre-action state.
SA-099,Intervention Response,Baseline,0,43,Female,,1.34,109.38,95.69,1.61,64,50.65,7.24,7642,5.23,5.28,1.24,1.57,2.98,1.11,23.11,95.88,23.58,29.74,5.34,0.0,Stable / monitor,0.0,0.0,0.0,0.0,Function / mobility,Recovery / activity,"Maintain or progressively build walking, balance and resistance activity; reassess function.","Prioritize regular activity, sleep consistency and recovery; investigate persistent deterioration with an appropriate professional.",Repeat camera/function assessment.,Change detected; demo action plan initiated at Month 6.
SA-099,Intervention Response,Month 1,1,43,Female,,1.34,108.52,95.59,1.6,64,50.01,7.18,7475,5.26,5.3,1.27,1.57,2.96,1.08,23.53,95.31,23.32,29.59,5.24,2.7,Stable / monitor,0.5,8.6,0.0,0.0,Recovery / activity,Function / mobility,"Prioritize regular activity, sleep consistency and recovery; investigate persistent deterioration with an appropriate professional.","Maintain or progressively build walking, balance and resistance activity; reassess function.",Review wearable trend over the next measurement window.,Change detected; demo action plan initiated at Month 6.
SA-099,Intervention Response,Month 3,3,43,Female,,1.32,107.79,95.41,1.62,64,48.86,7.16,7400,5.3,5.33,1.29,1.56,2.97,1.1,23.52,96.81,24.04,29.56,5.28,9.8,Stable / monitor,7.7,15.6,7.6,6.7,Recovery / activity,Function / mobility,"Prioritize regular activity, sleep consistency and recovery; investigate persistent deterioration with an appropriate professional.","Maintain or progressively build walking, balance and resistance activity; reassess function.",Review wearable trend over the next measurement window.,Change detected; demo action plan initiated at Month 6.
SA-099,Intervention Response,Month 6,6,43,Female,AI-guided preventive action plan,1.32,107.32,95.07,1.64,64,47.79,7.1,7254,5.29,5.35,1.32,1.55,2.99,1.2,23.46,96.24,24.05,30.19,5.28,17.3,Early change,11.8,25.3,24.9,2.0,Recovery / activity,Metabolic trend,"Prioritize regular activity, sleep consistency and recovery; investigate persistent deterioration with an appropriate professional.","Prioritize nutrition, activity and weight-management habits; confirm persistent/abnormal laboratory changes with an appropriate clinician.",Review wearable trend over the next measurement window.,Change detected; demo action plan initiated at Month 6.
SA-099,Intervention Response,Month 9,9,43,Female,,1.35,108.1,95.53,1.58,64,50.22,7.18,7545,5.19,5.31,1.27,1.56,3.0,1.11,23.31,96.09,24.1,28.94,5.25,4.9,Stable / monitor,0.0,5.9,4.7,6.9,Body composition,Recovery / activity,"Prioritize resistance exercise, activity and nutrition aimed at preserving muscle and reducing central adiposity.","Prioritize regular activity, sleep consistency and recovery; investigate persistent deterioration with an appropriate professional.",Repeat waist/BIA under standardized conditions.,Post-action follow-up: compare trajectory with the Month 6 pre-action state.
SA-099,Intervention Response,Month 12,12,43,Female,,1.36,110.11,96.19,1.56,62,52.09,7.29,7788,5.17,5.24,1.18,1.61,2.9,1.07,23.48,94.53,23.74,29.51,4.99,0.0,Stable / monitor,0.0,0.0,0.0,0.0,Function / mobility,Recovery / activity,"Maintain or progressively build walking, balance and resistance activity; reassess function.","Prioritize regular activity, sleep consistency and recovery; investigate persistent deterioration with an appropriate professional.",Repeat camera/function assessment.,Post-action follow-up: compare trajectory with the Month 6 pre-action state.
SA-100,Intervention Response,Baseline,0,51,Female,,1.34,113.68,94.94,1.77,63,36.51,6.69,7803,4.78,5.58,0.99,1.55,2.74,0.91,23.41,86.19,26.19,22.53,7.69,0.0,Stable / monitor,0.0,0.0,0.0,0.0,Function / mobility,Recovery / activity,"Maintain or progressively build walking, balance and resistance activity; reassess function.","Prioritize regular activity, sleep consistency and recovery; investigate persistent deterioration with an appropriate professional.",Repeat camera/function assessment.,Change detected; demo action plan initiated at Month 6.
SA-100,Intervention Response,Month 1,1,51,Female,,1.33,113.14,94.84,1.77,63,36.21,6.74,7759,4.75,5.59,1.04,1.59,2.74,0.94,23.47,85.56,25.88,21.83,7.84,4.3,Stable / monitor,2.7,1.3,7.1,5.4,Metabolic trend,Body composition,"Prioritize nutrition, activity and weight-management habits; confirm persistent/abnormal laboratory changes with an appropriate clinician.","Prioritize resistance exercise, activity and nutrition aimed at preserving muscle and reducing central adiposity.",Repeat relevant laboratory measures as appropriate.,Change detected; demo action plan initiated at Month 6.
SA-100,Intervention Response,Month 3,3,51,Female,,1.32,113.07,94.56,1.8,64,34.94,6.65,7627,4.82,5.61,1.08,1.55,2.76,1.01,23.59,86.59,26.95,22.53,7.66,16.9,Early change,8.2,17.5,29.6,6.0,Metabolic trend,Recovery / activity,"Prioritize nutrition, activity and weight-management habits; confirm persistent/abnormal laboratory changes with an appropriate clinician.","Prioritize regular activity, sleep consistency and recovery; investigate persistent deterioration with an appropriate professional.",Repeat relevant laboratory measures as appropriate.,Change detected; demo action plan initiated at Month 6.
SA-100,Intervention Response,Month 6,6,51,Female,AI-guided preventive action plan,1.32,111.69,94.31,1.83,64,33.09,6.62,7554,4.89,5.63,1.11,1.54,2.81,1.02,23.33,85.95,26.94,22.01,7.87,26.3,Early change,14.6,30.4,40.8,11.0,Metabolic trend,Recovery / activity,"Prioritize nutrition, activity and weight-management habits; confirm persistent/abnormal laboratory changes with an appropriate clinician.","Prioritize regular activity, sleep consistency and recovery; investigate persistent deterioration with an appropriate professional.",Repeat relevant laboratory measures as appropriate.,Change detected; demo action plan initiated at Month 6.
SA-100,Intervention Response,Month 9,9,51,Female,,1.33,112.95,94.86,1.76,63,35.86,6.71,7863,4.76,5.59,1.01,1.58,2.73,0.92,23.51,85.65,26.77,22.4,7.84,2.8,Stable / monitor,1.8,1.4,0.8,7.3,Body composition,Function / mobility,"Prioritize resistance exercise, activity and nutrition aimed at preserving muscle and reducing central adiposity.","Maintain or progressively build walking, balance and resistance activity; reassess function.",Repeat waist/BIA under standardized conditions.,Post-action follow-up: compare trajectory with the Month 6 pre-action state.
SA-100,Intervention Response,Month 12,12,51,Female,,1.36,115.05,95.4,1.73,62,38.09,6.84,8107,4.69,5.54,0.97,1.6,2.65,0.84,23.1,85.57,26.01,22.41,7.66,0.0,Stable / monitor,0.0,0.0,0.0,0.0,Function / mobility,Recovery / activity,"Maintain or progressively build walking, balance and resistance activity; reassess function.","Prioritize regular activity, sleep consistency and recovery; investigate persistent deterioration with an appropriate professional.",Repeat camera/function assessment.,Post-action follow-up: compare trajectory with the Month 6 pre-action state.
